customer_id,last_order,frequency,monetary,avg_order_value,avg_delivery_days,recency,R_score,F_score,M_score,rfm_score,cluster,segment,repurchase,future_revenue_90d,region,customer_type,repurchase_probability,predicted_90d_revenue
10001,2025-10-02,6,1292.24,215.37333333333333,4.333333333333333,91,2,4,3,9,0,Regular,1,815.36,West,Returning,0.98,787.96
10002,2025-12-09,7,752.83,107.54714285714286,5.0,23,4,4,2,10,0,Regular,1,581.16,South,Returning,0.968,552.88
10003,2025-12-29,4,1607.6999999999998,401.92499999999995,4.0,3,5,2,4,11,0,Regular,1,958.62,West,Returning,0.996,977.43
10004,2025-12-08,7,1188.5,169.78571428571428,5.142857142857143,24,4,4,3,11,0,Regular,0,762.14,East,Returning,0.312,757.49
10005,2025-12-23,5,333.86,66.772,5.2,9,5,3,1,9,3,New/Occasional,1,325.65,North,Returning,0.992,304.67
10006,2025-12-24,10,1826.04,182.60399999999998,3.9,8,5,5,4,14,2,High Value,1,1138.33,West,Returning,0.98,1160.61
10007,2025-11-14,4,114.82,28.705,5.5,48,3,2,1,6,3,New/Occasional,1,142.73,West,Returning,0.832,125.86
10008,2025-11-12,7,497.29999999999995,71.04285714285713,4.285714285714286,50,3,4,2,9,0,Regular,1,320.4,West,Returning,1.0,340.43
10009,2025-07-01,4,875.6800000000001,218.92000000000002,4.0,184,1,2,2,5,1,At Risk,0,475.49,North,New,0.072,445.4
10010,2025-10-17,6,1400.21,233.36833333333334,4.166666666666667,76,2,4,4,10,0,Regular,1,862.76,South,Returning,0.996,852.57
10011,2025-08-23,2,348.11,174.055,4.0,131,1,1,1,3,1,At Risk,0,75.02,South,New,0.012,106.74
10012,2025-12-02,8,1758.19,219.77375,4.0,30,4,5,4,13,2,High Value,1,1100.69,West,New,0.996,1104.13
10013,2025-12-25,5,648.0799999999999,129.61599999999999,4.4,7,5,3,2,10,3,New/Occasional,1,481.25,East,Returning,0.976,471.57
10014,2025-12-19,10,3616.89,361.68899999999996,4.1,13,5,5,5,15,2,High Value,1,2118.05,West,Returning,0.972,2133.84
10015,2025-11-14,3,1350.37,450.1233333333333,1.3333333333333333,48,3,1,4,8,3,New/Occasional,0,781.98,South,Returning,0.34,789.6
10016,2025-09-24,9,2909.62,323.2911111111111,4.888888888888889,99,2,5,5,12,2,High Value,1,1720.05,North,New,0.96,1721.42
10017,2025-09-26,6,2224.0,370.6666666666667,4.5,97,2,4,5,11,0,Regular,1,1201.5,East,New,0.988,1239.18
10018,2025-11-25,5,1219.1000000000001,243.82000000000002,3.4,37,4,3,3,10,0,Regular,1,783.32,North,Returning,0.996,766.09
10019,2025-06-18,5,784.37,156.874,6.4,197,1,3,2,6,1,At Risk,0,369.74,West,New,0.064,375.16
10020,2025-12-26,4,1234.98,308.745,6.0,6,5,2,3,10,3,New/Occasional,1,807.93,East,New,0.972,790.89
10021,2025-12-04,6,1943.82,323.96999999999997,4.666666666666667,28,4,4,4,12,0,Regular,1,1173.69,West,New,1.0,1182.15
10022,2025-12-30,4,734.97,183.7425,3.0,2,5,2,2,9,3,New/Occasional,1,467.44,South,Returning,0.956,490.32
10023,2025-12-23,7,1803.1200000000001,257.58857142857147,4.0,9,5,4,4,13,0,Regular,1,1099.2,West,Returning,0.984,1116.68
10024,2025-12-08,5,1548.83,309.76599999999996,3.4,24,4,3,4,11,0,Regular,1,939.33,West,Returning,0.988,933.5
10025,2025-12-26,5,1817.44,363.488,5.4,6,5,3,4,12,0,Regular,1,1107.59,West,Returning,0.932,1129.53
10026,2025-06-08,5,742.14,148.428,5.8,207,1,3,2,6,1,At Risk,0,379.12,North,New,0.056,377.68
10027,2025-12-26,6,1281.3400000000001,213.5566666666667,4.0,6,5,4,3,12,0,Regular,1,827.56,South,Returning,0.948,832.08
10028,2025-12-07,7,752.0500000000001,107.4357142857143,4.285714285714286,25,4,4,2,10,0,Regular,1,492.52,North,Returning,0.996,519.11
10029,2025-11-19,5,532.55,106.50999999999999,4.6,43,3,3,2,8,3,New/Occasional,1,358.18,North,New,0.948,355.02
10030,2025-08-28,4,823.6,205.9,4.25,126,1,2,2,5,3,New/Occasional,0,388.23,East,New,0.184,429.89
10031,2025-10-07,7,1847.25,263.89285714285717,5.285714285714286,86,2,4,4,10,0,Regular,1,1106.84,West,New,0.912,1103.74
10032,2025-12-18,5,1952.21,390.442,3.4,14,5,3,4,12,0,Regular,1,1201.41,West,New,0.98,1198.1
10033,2025-12-11,7,1716.5,245.21428571428572,4.142857142857143,21,4,4,4,12,0,Regular,1,1107.44,South,Returning,0.996,1088.71
10034,2025-12-09,7,2257.98,322.56857142857143,3.4285714285714284,23,4,4,5,13,2,High Value,1,1366.6,South,Returning,0.992,1357.16
10035,2025-11-23,8,2023.21,252.90125,4.625,39,3,5,5,13,2,High Value,1,1227.17,South,New,1.0,1228.87
10036,2025-10-02,6,2134.38,355.73,6.0,91,2,4,5,11,0,Regular,1,1212.13,North,Returning,0.896,1222.35
10037,2025-12-30,6,1330.91,221.81833333333336,4.166666666666667,2,5,4,3,12,0,Regular,0,865.0,North,Returning,0.364,852.04
10038,2025-10-23,5,738.34,147.668,3.8,70,2,3,2,7,3,New/Occasional,1,445.27,South,Returning,0.984,464.73
10039,2025-12-02,7,613.09,87.58428571428571,4.857142857142857,30,4,4,2,10,0,Regular,1,522.54,North,Returning,0.996,495.76
10040,2025-11-18,3,1503.17,501.0566666666667,5.0,44,3,1,4,8,3,New/Occasional,1,858.33,East,Returning,0.984,869.24
10041,2025-12-31,7,951.38,135.91142857142856,4.714285714285714,1,5,4,3,12,0,Regular,1,674.78,South,Returning,0.992,671.85
10042,2025-11-19,4,1285.72,321.43,3.5,43,3,2,3,8,3,New/Occasional,1,744.15,West,New,0.996,760.44
10043,2025-01-24,2,398.1,199.05,3.0,342,1,1,1,3,1,At Risk,0,0.0,East,Returning,0.056,28.24
10044,2025-12-01,6,1520.66,253.44333333333336,4.5,31,4,4,4,12,0,Regular,1,901.91,South,New,0.98,936.53
10045,2025-09-19,6,1535.0100000000002,255.83500000000004,4.333333333333333,104,2,4,4,10,0,Regular,1,852.66,West,Returning,0.988,885.0
10046,2025-12-14,5,695.54,139.108,3.2,18,4,3,2,9,3,New/Occasional,1,551.87,West,Returning,1.0,517.4
10047,2025-09-13,3,91.14,30.38,5.333333333333333,110,2,1,1,4,3,New/Occasional,0,54.16,South,New,0.104,45.14
10048,2025-11-22,8,1844.46,230.5575,5.375,40,3,5,4,12,2,High Value,1,1140.59,South,Returning,0.996,1134.58
10049,2025-09-06,3,649.44,216.48000000000002,5.0,117,2,1,2,5,3,New/Occasional,1,312.91,East,New,0.52,327.09
10050,2025-12-13,2,937.73,468.865,4.5,19,4,1,3,8,3,New/Occasional,1,607.89,North,New,0.992,582.72
10051,2025-10-15,4,369.15,92.2875,2.75,78,2,2,1,5,3,New/Occasional,0,205.58,North,New,0.248,219.46
10052,2025-12-18,9,2013.04,223.67111111111112,3.6666666666666665,14,5,5,5,15,2,High Value,1,1226.96,North,Returning,1.0,1259.99
10053,2025-09-04,7,3134.92,447.8457142857143,3.0,119,1,4,5,10,2,High Value,1,1789.74,West,New,0.94,1797.51
10054,2025-11-24,10,1405.95,140.595,3.6,38,4,5,4,13,2,High Value,1,916.64,East,Returning,0.996,920.92
10055,2025-10-05,11,4088.41,371.6736363636364,4.090909090909091,88,2,5,5,12,2,High Value,1,2352.5,East,New,0.968,2368.33
10056,2025-10-25,5,1163.01,232.602,5.0,68,2,3,3,8,0,Regular,1,660.22,West,Returning,0.996,680.6
10057,2025-12-15,8,2798.73,349.84125,4.875,17,4,5,5,14,2,High Value,1,1712.53,South,Returning,0.988,1687.83
10058,2025-12-22,10,1244.78,124.478,4.7,10,5,5,3,13,2,High Value,1,881.98,East,Returning,0.932,869.02
10059,2025-12-07,9,858.35,95.37222222222222,4.222222222222222,25,4,5,2,11,0,Regular,1,607.14,North,Returning,0.972,640.68
10060,2025-10-30,2,405.56,202.78,3.0,63,3,1,1,5,3,New/Occasional,1,248.79,North,Returning,0.856,271.7
10061,2025-11-09,3,422.25,140.75,3.3333333333333335,53,3,1,1,5,3,New/Occasional,1,239.57,East,Returning,0.96,256.39
10062,2025-07-08,4,2136.13,534.0325,5.25,177,1,2,5,8,1,At Risk,0,1060.32,South,Returning,0.128,1087.16
10064,2025-12-21,3,1281.4,427.1333333333334,6.666666666666667,11,5,1,3,9,3,New/Occasional,1,733.1,West,Returning,0.868,761.48
10065,2025-12-25,5,231.04,46.208,5.2,7,5,3,1,9,3,New/Occasional,1,241.54,East,Returning,0.98,206.91
10066,2025-12-12,6,2636.6499999999996,439.4416666666666,5.0,20,4,4,5,13,2,High Value,1,1542.73,East,Returning,0.988,1546.8
10067,2025-12-28,7,1578.99,225.57,4.571428571428571,4,5,4,4,13,0,Regular,1,1024.53,East,New,0.988,1011.43
10068,2025-11-09,7,1432.5800000000002,204.65428571428575,4.428571428571429,53,3,4,4,11,0,Regular,1,935.15,South,New,1.0,913.22
10069,2025-09-30,6,1242.6100000000001,207.1016666666667,2.8333333333333335,93,2,4,3,9,0,Regular,1,715.69,North,Returning,0.952,745.4
10070,2025-10-30,7,832.76,118.96571428571428,3.857142857142857,63,3,4,2,9,0,Regular,1,650.64,South,Returning,0.996,603.87
10071,2025-12-08,3,335.28000000000003,111.76,5.333333333333333,24,4,1,1,6,3,New/Occasional,1,256.47,North,Returning,0.976,248.26
10072,2025-11-09,7,928.23,132.6042857142857,5.428571428571429,53,3,4,3,10,0,Regular,1,612.66,South,Returning,0.944,615.6
10073,2025-12-09,5,2138.77,427.754,4.0,23,4,3,5,12,0,Regular,1,1228.91,West,Returning,0.988,1246.54
10074,2025-12-10,6,2298.3,383.05,3.3333333333333335,22,4,4,5,13,2,High Value,1,1370.07,North,Returning,0.988,1374.38
10075,2025-08-26,3,1364.0,454.6666666666667,3.6666666666666665,128,1,1,4,6,1,At Risk,0,710.3,North,New,0.296,707.38
10076,2025-12-06,5,1173.25,234.65,4.8,26,4,3,3,10,0,Regular,1,768.48,South,New,0.9,744.57
10077,2025-11-21,3,370.72,123.57333333333334,5.666666666666667,41,3,1,1,5,3,New/Occasional,1,230.14,South,Returning,0.984,234.86
10078,2025-09-21,8,2275.62,284.4525,3.875,102,2,5,5,12,2,High Value,1,1348.92,East,Returning,0.976,1329.05
10079,2025-08-29,7,1375.8200000000002,196.5457142857143,4.428571428571429,125,1,4,4,9,0,Regular,1,801.67,East,Returning,0.908,785.05
10080,2025-09-10,3,232.26,77.42,3.0,113,2,1,1,4,3,New/Occasional,1,144.16,West,Returning,0.752,85.04
10081,2025-10-05,3,942.0,314.0,3.6666666666666665,88,2,1,3,6,3,New/Occasional,1,559.78,East,Returning,0.948,550.52
10082,2025-12-06,4,2145.55,536.3875,3.25,26,4,2,5,11,0,Regular,1,1270.33,South,New,0.996,1252.88
10083,2025-12-29,6,3503.4300000000003,583.9050000000001,5.166666666666667,3,5,4,5,14,2,High Value,1,2088.96,West,Returning,0.992,2096.87
10084,2025-11-27,4,571.8,142.95,4.75,35,4,2,2,8,3,New/Occasional,1,424.31,North,New,0.988,405.68
10085,2025-12-29,6,1248.51,208.085,4.666666666666667,3,5,4,3,12,0,Regular,1,840.79,North,Returning,0.94,835.82
10086,2025-04-21,3,403.46000000000004,134.48666666666668,5.0,255,1,1,1,3,1,At Risk,0,86.13,North,Returning,0.024,95.8
10087,2025-10-06,8,1766.63,220.82875,4.375,87,2,5,4,11,2,High Value,1,1081.67,West,New,0.996,1068.0
10088,2025-11-15,4,738.1500000000001,184.53750000000002,5.5,47,3,2,2,7,3,New/Occasional,1,522.09,South,Returning,0.984,493.37
10089,2025-12-03,3,575.45,191.8166666666667,4.0,29,4,1,2,7,3,New/Occasional,1,378.34,North,New,0.996,383.1
10090,2025-12-23,8,1814.57,226.82125,4.875,9,5,5,4,14,2,High Value,1,1189.43,South,New,1.0,1157.83
10091,2025-11-18,4,829.56,207.39,4.5,44,3,2,2,7,3,New/Occasional,1,494.99,North,New,0.988,523.05
10092,2025-12-31,3,193.99,64.66333333333334,2.3333333333333335,1,5,1,1,7,3,New/Occasional,1,242.33,East,New,0.988,212.74
10093,2025-10-31,5,1509.49,301.898,5.0,62,3,3,4,10,0,Regular,1,910.15,South,Returning,1.0,901.75
10095,2025-12-21,4,2567.0499999999997,641.7624999999999,4.75,11,5,2,5,12,0,Regular,0,1491.89,South,Returning,0.344,1498.4
10096,2025-12-24,8,2728.91,341.11375,4.875,8,5,5,5,15,2,High Value,1,1665.25,East,Returning,0.988,1662.74
10097,2025-11-22,5,3216.0299999999997,643.2059999999999,5.2,40,3,3,5,11,2,High Value,1,1845.17,South,New,0.992,1867.66
10098,2025-12-03,4,2408.1,602.025,5.0,29,4,2,5,11,0,Regular,1,1400.53,North,New,0.968,1422.08
10099,2025-11-26,6,707.5,117.91666666666667,4.166666666666667,36,4,4,2,10,0,Regular,1,502.07,North,Returning,0.92,482.02
10100,2025-12-01,7,2280.4900000000002,325.7842857142858,4.142857142857143,31,4,4,5,13,2,High Value,1,1375.48,West,New,0.988,1378.77
10101,2025-12-22,3,286.26,95.42,3.6666666666666665,10,5,1,1,7,3,New/Occasional,1,176.86,West,Returning,0.996,203.07
10102,2025-09-15,2,192.01,96.005,8.0,108,2,1,1,4,3,New/Occasional,0,136.51,East,New,0.096,84.89
10103,2025-08-07,2,200.22,100.11,3.5,147,1,1,1,3,1,At Risk,0,53.14,South,Returning,0.012,60.34
10104,2025-12-07,5,1064.57,212.914,4.2,25,4,3,3,10,0,Regular,1,692.51,West,Returning,0.984,680.77
10105,2025-11-25,7,3787.44,541.0628571428572,4.857142857142857,37,4,4,5,13,2,High Value,1,2204.11,West,New,0.992,2209.75
10106,2025-11-13,5,862.84,172.568,5.6,49,3,3,2,8,0,Regular,0,582.24,East,New,0.336,568.64
10107,2025-12-23,5,738.6600000000001,147.73200000000003,5.6,9,5,3,2,10,0,Regular,1,519.85,South,Returning,0.996,516.21
10108,2025-07-12,5,833.1899999999999,166.63799999999998,4.2,173,1,3,2,6,1,At Risk,0,411.67,South,New,0.06,421.51
10109,2025-08-23,1,27.22,27.22,8.0,131,1,1,1,3,1,At Risk,0,0.0,North,Returning,0.012,5.18
10110,2025-12-27,6,1893.57,315.59499999999997,3.5,5,5,4,4,13,0,Regular,1,1218.76,West,Returning,0.984,1180.41
10111,2025-12-24,5,1069.25,213.85,5.0,8,5,3,3,11,0,Regular,1,707.97,South,New,0.936,694.13
10112,2025-12-11,6,1148.98,191.49666666666667,4.5,21,4,4,3,11,0,Regular,1,749.81,North,Returning,0.848,741.35
10113,2025-11-25,5,1667.7,333.54,4.8,37,4,3,4,11,0,Regular,1,988.69,South,Returning,0.996,990.17
10114,2025-10-05,6,1182.69,197.115,4.833333333333333,88,2,4,3,9,0,Regular,1,698.06,East,Returning,0.976,673.62
10115,2025-04-10,2,249.96999999999997,124.98499999999999,5.0,266,1,1,1,3,1,At Risk,0,1.91,North,Returning,0.248,7.33
10116,2025-12-18,8,2659.64,332.455,4.375,14,5,5,5,15,2,High Value,1,1592.13,West,New,0.992,1582.98
10117,2025-10-08,4,790.2700000000001,197.56750000000002,3.75,85,2,2,2,6,3,New/Occasional,1,483.59,West,New,0.76,473.86
10118,2025-05-18,5,927.9800000000001,185.59600000000003,3.8,228,1,3,3,7,1,At Risk,0,449.92,East,Returning,0.056,422.25
10119,2025-10-07,5,1577.8,315.56,4.2,86,2,3,4,9,0,Regular,1,917.94,South,Returning,0.992,911.46
10120,2025-12-28,5,1590.1999999999998,318.03999999999996,5.6,4,5,3,4,12,0,Regular,1,984.36,East,New,0.94,994.32
10121,2025-06-03,2,138.63,69.315,4.5,212,1,1,1,3,1,At Risk,0,0.0,East,New,0.008,2.37
10122,2025-07-29,3,115.52000000000001,38.50666666666667,4.333333333333333,156,1,1,1,3,1,At Risk,1,30.38,East,Returning,0.612,25.03
10123,2025-05-01,4,613.47,153.3675,4.75,245,1,2,2,5,1,At Risk,0,163.08,North,Returning,0.052,176.81
10124,2025-10-23,8,1853.96,231.745,5.25,70,2,5,4,11,2,High Value,1,1136.52,South,New,0.996,1124.3
10125,2025-12-23,6,1832.59,305.4316666666667,3.1666666666666665,9,5,4,4,13,0,Regular,0,1139.65,North,Returning,0.384,1129.0
10126,2025-10-10,8,1310.38,163.7975,6.125,83,2,5,3,10,0,Regular,1,846.89,South,Returning,0.716,802.33
10127,2025-11-16,3,803.09,267.69666666666666,5.0,46,3,1,2,6,3,New/Occasional,1,452.95,South,Returning,0.956,519.49
10128,2025-12-02,5,685.89,137.178,5.6,30,4,3,2,9,3,New/Occasional,1,437.16,North,New,0.976,449.36
10129,2025-08-15,2,253.46,126.73,5.0,139,1,1,1,3,1,At Risk,1,99.01,North,New,0.588,88.13
10130,2025-09-27,2,1302.94,651.47,4.5,96,2,1,3,6,3,New/Occasional,1,690.24,East,Returning,0.98,706.25
10131,2025-11-17,9,3922.04,435.78222222222223,4.888888888888889,45,3,5,5,13,2,High Value,0,2238.02,North,Returning,0.372,2321.34
10133,2025-12-31,2,217.88,108.94,4.0,1,5,1,1,7,3,New/Occasional,1,184.72,East,Returning,0.988,181.84
10134,2025-12-07,9,2457.8399999999997,273.0933333333333,4.333333333333333,25,4,5,5,14,2,High Value,1,1584.58,South,Returning,0.98,1557.97
10135,2025-11-21,1,531.88,531.88,4.0,41,3,1,2,6,3,New/Occasional,1,322.84,East,Returning,0.928,340.13
10136,2025-12-22,9,2937.9,326.43333333333334,3.5555555555555554,10,5,5,5,15,2,High Value,1,1757.35,North,Returning,0.968,1755.56
10137,2025-10-02,3,1337.6699999999998,445.88999999999993,8.0,91,2,1,3,6,3,New/Occasional,1,754.26,West,Returning,0.956,750.3
10138,2025-09-24,2,685.79,342.895,3.5,99,2,1,2,5,3,New/Occasional,1,388.48,South,Returning,0.42,375.36
10139,2025-08-06,4,501.4,125.35,4.0,148,1,2,2,5,1,At Risk,0,184.19,West,New,0.14,211.08
10140,2025-12-14,5,539.26,107.852,4.2,18,4,3,2,9,3,New/Occasional,1,390.33,North,Returning,0.96,396.14
10141,2025-12-29,6,1021.14,170.19,3.3333333333333335,3,5,4,3,12,0,Regular,1,742.41,South,Returning,0.988,712.69
10142,2025-10-20,5,1328.67,265.73400000000004,5.4,73,2,3,3,8,0,Regular,1,731.72,South,New,0.96,765.77
10143,2025-12-28,6,1479.32,246.5533333333333,4.666666666666667,4,5,4,4,13,0,Regular,1,938.23,West,Returning,1.0,939.6
10144,2025-08-17,6,3252.74,542.1233333333333,3.3333333333333335,137,1,4,5,10,2,High Value,1,1796.18,East,New,0.996,1835.0
10145,2025-09-17,2,248.46,124.23,4.0,106,2,1,1,4,3,New/Occasional,1,92.71,South,New,0.196,87.02
10146,2025-09-01,2,414.91999999999996,207.45999999999998,5.5,122,1,1,1,3,3,New/Occasional,0,232.56,South,Returning,0.024,206.34
10147,2025-07-16,3,1207.13,402.3766666666667,3.3333333333333335,169,1,1,3,5,1,At Risk,0,638.6,South,New,0.104,606.64
10148,2025-03-06,1,11.62,11.62,8.0,301,1,1,1,3,1,At Risk,0,0.0,South,Returning,0.008,0.25
10149,2025-10-22,2,192.58999999999997,96.29499999999999,4.0,71,2,1,1,4,3,New/Occasional,1,72.43,South,Returning,0.748,94.74
10150,2025-08-16,3,936.0600000000001,312.02000000000004,3.6666666666666665,138,1,1,3,5,1,At Risk,1,519.19,North,Returning,0.26,488.73
10151,2025-07-01,2,222.39999999999998,111.19999999999999,4.0,184,1,1,1,3,1,At Risk,0,49.84,West,New,0.004,54.18
10152,2025-11-26,3,621.67,207.22333333333333,3.3333333333333335,36,4,1,2,7,3,New/Occasional,1,392.93,West,New,0.992,409.44
10153,2025-09-24,6,2085.57,347.595,5.5,99,2,4,5,11,0,Regular,1,1218.89,North,New,0.908,1212.17
10154,2025-09-12,7,3491.14,498.7342857142857,4.285714285714286,111,2,4,5,11,2,High Value,1,1998.89,East,New,0.996,2035.29
10155,2025-11-22,6,1500.8899999999999,250.1483333333333,4.333333333333333,40,3,4,4,11,0,Regular,1,896.88,North,Returning,1.0,913.14
10156,2025-11-30,5,1235.81,247.16199999999998,5.2,32,4,3,3,10,0,Regular,1,750.11,East,Returning,0.968,766.31
10157,2025-11-13,5,1109.1399999999999,221.82799999999997,4.8,49,3,3,3,9,0,Regular,1,686.12,South,New,0.916,679.78
10158,2025-12-07,6,584.68,97.44666666666666,4.0,25,4,4,2,10,0,Regular,1,369.41,East,Returning,1.0,379.71
10159,2025-10-22,5,2639.57,527.914,3.6,71,2,3,5,10,2,High Value,1,1495.87,West,Returning,0.992,1508.96
10160,2025-04-16,5,2042.9099999999999,408.582,5.4,260,1,3,5,9,1,At Risk,0,981.87,West,New,0.26,1007.12
10161,2025-11-30,6,603.86,100.64333333333333,4.666666666666667,32,4,4,2,10,0,Regular,1,447.32,North,New,0.948,447.63
10162,2025-12-31,10,1174.07,117.407,5.0,1,5,5,3,13,2,High Value,1,815.42,West,Returning,0.952,797.71
10163,2025-07-31,3,428.03,142.67666666666665,3.3333333333333335,154,1,1,1,3,1,At Risk,0,195.85,North,Returning,0.012,206.58
10164,2025-12-19,7,1464.2199999999998,209.17428571428567,4.857142857142857,13,5,4,4,13,0,Regular,1,957.41,North,New,1.0,937.15
10165,2025-10-04,6,1678.72,279.7866666666667,4.666666666666667,89,2,4,4,10,0,Regular,1,977.63,East,Returning,1.0,955.12
10166,2025-12-30,8,2238.19,279.77375,5.125,2,5,5,5,15,2,High Value,1,1419.63,South,Returning,0.98,1412.52
10167,2025-12-29,5,1469.25,293.85,4.6,3,5,3,4,12,0,Regular,1,946.12,West,Returning,0.992,921.71
10168,2025-09-09,4,547.08,136.77,3.5,114,2,2,2,6,3,New/Occasional,1,291.97,West,New,0.952,307.68
10169,2025-12-10,4,2102.85,525.7125,3.75,22,4,2,5,11,0,Regular,1,1240.01,South,New,0.992,1243.38
10170,2025-12-22,6,1649.74,274.95666666666665,4.333333333333333,10,5,4,4,13,0,Regular,1,1012.6,West,Returning,0.988,1007.15
10171,2025-10-13,4,247.93,61.9825,4.5,80,2,2,1,5,3,New/Occasional,1,142.2,South,New,0.868,150.55
10172,2025-12-18,6,2532.0299999999997,422.00499999999994,5.0,14,5,4,5,14,2,High Value,1,1573.34,South,Returning,0.996,1484.62
10173,2025-12-28,5,1098.56,219.712,6.0,4,5,3,3,11,0,Regular,1,713.53,South,Returning,0.88,716.09
10174,2025-08-05,5,1074.29,214.858,5.0,149,1,3,3,7,1,At Risk,0,576.35,West,New,0.04,574.96
10175,2025-05-02,2,214.47,107.235,5.0,244,1,1,1,3,1,At Risk,0,0.0,North,Returning,0.012,1.95
10176,2025-12-01,8,2456.3,307.0375,5.875,31,4,5,5,14,2,High Value,1,1510.07,North,Returning,0.996,1497.02
10177,2025-12-17,5,962.23,192.446,5.0,15,5,3,3,11,0,Regular,1,616.69,South,Returning,0.992,612.29
10178,2025-10-11,5,1595.22,319.044,4.4,82,2,3,4,9,0,Regular,1,907.9,West,Returning,0.996,915.72
10179,2025-12-11,4,186.59,46.6475,3.5,21,4,2,1,7,3,New/Occasional,1,218.52,West,Returning,0.9,165.4
10180,2025-11-23,8,1883.3400000000001,235.41750000000002,4.0,39,3,5,4,12,2,High Value,1,1122.68,West,Returning,1.0,1132.44
10181,2025-09-15,6,2672.62,445.43666666666667,4.0,108,2,4,5,11,2,High Value,1,1517.28,West,Returning,0.984,1528.54
10182,2025-12-23,5,1106.04,221.208,3.0,9,5,3,3,11,0,Regular,1,691.49,West,Returning,0.808,703.85
10183,2025-08-24,2,827.79,413.895,3.5,130,1,1,2,4,1,At Risk,0,333.97,South,Returning,0.104,370.86
10184,2025-11-08,1,85.29,85.29,6.0,54,3,1,1,5,3,New/Occasional,0,43.47,South,New,0.172,44.64
10185,2025-08-05,2,327.66,163.83,4.5,149,1,1,1,3,1,At Risk,0,71.71,West,New,0.012,89.95
10186,2025-12-02,6,1166.82,194.47,5.0,30,4,4,3,11,0,Regular,1,706.08,East,New,0.932,732.12
10187,2025-12-13,3,1245.6399999999999,415.2133333333333,6.0,19,4,1,3,8,3,New/Occasional,1,842.85,South,Returning,0.992,804.24
10188,2025-11-25,2,146.2,73.1,4.0,37,4,1,1,6,3,New/Occasional,1,132.08,North,Returning,0.932,122.22
10189,2025-12-19,7,1347.0900000000001,192.4414285714286,5.142857142857143,13,5,4,4,13,0,Regular,1,905.03,West,Returning,0.936,890.22
10190,2025-11-03,5,1392.04,278.408,5.8,59,3,3,4,10,0,Regular,1,830.66,South,Returning,0.972,839.03
10191,2025-11-24,6,2742.82,457.1366666666667,4.166666666666667,38,4,4,5,13,2,High Value,1,1570.56,West,Returning,0.988,1594.35
10192,2025-08-23,7,1309.3,187.04285714285714,5.142857142857143,131,1,4,3,8,0,Regular,1,752.42,South,Returning,0.416,755.85
10193,2025-12-11,4,1369.79,342.4475,6.0,21,4,2,4,10,0,Regular,1,824.05,North,New,0.976,820.88
10194,2025-06-08,2,1107.13,553.565,5.0,207,1,1,3,5,1,At Risk,0,421.27,West,Returning,0.072,443.53
10195,2025-11-06,9,751.0,83.44444444444444,5.111111111111111,56,3,5,2,10,0,Regular,1,617.35,North,Returning,0.988,589.1
10196,2025-09-05,5,2565.8900000000003,513.1780000000001,5.6,118,2,3,5,10,0,Regular,1,1421.91,North,Returning,0.908,1438.39
10197,2025-07-05,4,369.16999999999996,92.29249999999999,4.0,180,1,2,1,4,1,At Risk,0,113.9,East,New,0.008,135.9
10198,2025-12-27,2,528.13,264.065,3.5,5,5,1,2,8,3,New/Occasional,1,356.28,West,Returning,0.968,357.78
10199,2025-06-05,4,1760.1200000000001,440.03000000000003,4.75,210,1,2,4,7,1,At Risk,1,832.81,North,Returning,0.796,878.34
10200,2025-12-14,4,499.52,124.88,5.0,18,4,2,2,8,3,New/Occasional,1,327.71,South,Returning,0.984,357.68
10201,2025-11-10,6,1383.49,230.58166666666668,5.0,52,3,4,4,11,0,Regular,1,905.9,West,Returning,1.0,885.36
10202,2025-06-19,3,500.46,166.82,6.666666666666667,196,1,1,2,4,1,At Risk,0,164.66,West,Returning,0.016,171.61
10203,2025-12-28,7,1634.8799999999999,233.5542857142857,4.857142857142857,4,5,4,4,13,0,Regular,1,1050.95,South,Returning,0.996,1025.16
10204,2025-12-02,7,1598.8700000000001,228.41000000000003,4.0,30,4,4,4,12,0,Regular,1,1012.0,North,Returning,0.988,999.51
10205,2025-09-26,3,435.15,145.04999999999998,2.0,97,2,1,1,4,3,New/Occasional,1,229.94,North,Returning,0.844,219.14
10206,2025-12-27,7,3419.98,488.56857142857143,5.714285714285714,5,5,4,5,14,2,High Value,1,2013.64,North,Returning,0.996,1999.32
10207,2025-11-15,5,1153.99,230.798,4.8,47,3,3,3,9,0,Regular,1,791.81,North,New,1.0,718.6
10208,2025-12-17,5,2084.59,416.918,4.6,15,5,3,5,13,0,Regular,1,1227.09,East,Returning,0.992,1229.5
10209,2025-12-18,7,836.62,119.51714285714286,4.571428571428571,14,5,4,2,11,0,Regular,1,572.25,North,Returning,0.992,593.81
10210,2025-11-17,3,1743.96,581.32,4.666666666666667,45,3,1,4,8,3,New/Occasional,1,1019.85,South,New,0.98,1025.53
10211,2025-11-24,6,2341.82,390.30333333333334,2.5,38,4,4,5,13,2,High Value,1,1346.83,East,Returning,0.984,1365.34
10212,2025-12-03,7,2131.0699999999997,304.4385714285714,3.2857142857142856,29,4,4,5,13,2,High Value,1,1337.73,East,Returning,0.896,1302.77
10213,2025-09-23,5,1344.21,268.842,6.4,100,2,3,4,9,0,Regular,1,762.28,North,Returning,0.916,753.05
10214,2025-07-07,4,1293.9,323.475,6.0,178,1,2,3,6,1,At Risk,1,657.96,West,Returning,0.16,670.59
10215,2025-12-24,6,1724.61,287.435,3.8333333333333335,8,5,4,4,13,0,Regular,1,1089.68,East,New,0.98,1073.38
10216,2025-12-28,8,2744.8599999999997,343.10749999999996,4.5,4,5,5,5,15,2,High Value,1,1668.19,West,Returning,0.992,1663.98
10217,2025-09-04,2,193.66,96.83,5.5,119,1,1,1,3,3,New/Occasional,0,97.46,North,New,0.044,90.52
10218,2025-11-28,3,639.22,213.07333333333335,3.3333333333333335,34,4,1,2,7,3,New/Occasional,1,427.71,North,Returning,0.996,420.23
10219,2025-12-12,5,1220.7400000000002,244.14800000000005,5.4,20,4,3,3,10,0,Regular,1,791.48,West,Returning,0.892,780.71
10220,2025-11-14,9,3040.74,337.85999999999996,4.555555555555555,48,3,5,5,13,2,High Value,1,1768.21,South,Returning,0.964,1797.77
10221,2025-12-14,5,1606.43,321.286,4.2,18,4,3,4,11,0,Regular,1,975.13,South,New,1.0,983.93
10222,2025-10-13,4,246.24,61.56,3.5,80,2,2,1,5,3,New/Occasional,1,161.54,South,New,0.748,152.42
10223,2025-08-26,2,215.93,107.965,5.5,128,1,1,1,3,1,At Risk,0,130.38,East,Returning,0.012,108.03
10224,2025-08-24,1,103.21,103.21,4.0,130,1,1,1,3,1,At Risk,0,0.0,West,Returning,0.056,18.04
10225,2025-12-18,9,2103.88,233.76444444444445,2.6666666666666665,14,5,5,5,15,2,High Value,1,1314.2,South,Returning,0.992,1318.16
10226,2025-11-17,2,167.86,83.93,5.5,45,3,1,1,5,3,New/Occasional,0,155.68,West,New,0.36,135.96
10227,2025-10-12,4,1240.1,310.025,4.0,81,2,2,3,7,3,New/Occasional,1,678.3,North,New,0.98,702.91
10228,2025-12-20,2,171.55,85.775,4.5,12,5,1,1,7,3,New/Occasional,1,126.53,East,Returning,0.964,133.32
10229,2025-11-05,7,1342.85,191.83571428571426,4.857142857142857,57,3,4,4,11,0,Regular,1,901.86,East,New,0.968,878.19
10230,2025-12-02,8,1126.1100000000001,140.76375000000002,2.875,30,4,5,3,12,0,Regular,1,779.16,North,Returning,0.932,763.34
10231,2025-02-03,2,1146.31,573.155,4.0,332,1,1,3,5,1,At Risk,0,427.7,North,Returning,0.12,463.84
10232,2025-11-13,4,431.25,107.8125,3.0,49,3,2,1,6,3,New/Occasional,1,320.38,South,New,0.944,303.64
10233,2025-08-09,5,375.64,75.128,4.0,145,1,3,1,5,1,At Risk,0,200.2,West,Returning,0.032,190.06
10234,2025-07-15,2,79.62,39.81,4.5,170,1,1,1,3,1,At Risk,0,0.0,East,New,0.032,1.87
10235,2025-12-25,3,336.34,112.11333333333333,3.6666666666666665,7,5,1,1,7,3,New/Occasional,1,293.72,West,Returning,1.0,252.93
10236,2025-11-13,9,1922.79,213.64333333333332,3.111111111111111,49,3,5,4,12,2,High Value,1,1175.79,West,Returning,0.988,1181.49
10237,2025-07-17,1,315.28,315.28,6.0,168,1,1,1,3,1,At Risk,0,130.89,South,Returning,0.028,99.62
10238,2025-12-27,5,2507.9700000000003,501.59400000000005,4.2,5,5,3,5,13,2,High Value,1,1476.19,West,New,0.972,1481.25
10239,2025-11-05,2,219.64,109.82,5.0,57,3,1,1,5,3,New/Occasional,0,171.31,North,Returning,0.832,167.18
10240,2025-12-17,5,1034.94,206.988,5.4,15,5,3,3,11,0,Regular,1,693.42,North,Returning,0.988,677.39
10241,2025-11-02,8,2228.56,278.57,5.375,60,3,5,5,13,2,High Value,1,1326.55,West,New,0.98,1368.28
10242,2025-12-03,5,1154.41,230.882,5.0,29,4,3,3,10,0,Regular,1,745.75,West,New,0.904,733.04
10243,2025-11-04,5,756.34,151.268,4.4,58,3,3,2,8,3,New/Occasional,1,488.25,North,New,0.932,507.84
10244,2025-12-29,9,2950.64,327.8488888888889,4.666666666666667,3,5,5,5,15,2,High Value,1,1750.36,South,Returning,0.944,1761.19
10245,2025-10-10,6,757.6800000000001,126.28000000000002,3.6666666666666665,83,2,4,2,8,0,Regular,1,476.99,East,Returning,0.944,487.52
10246,2025-11-25,3,305.49,101.83,4.333333333333333,37,4,1,1,6,3,New/Occasional,1,175.01,West,Returning,0.984,190.4
10247,2025-04-05,1,25.15,25.15,6.0,271,1,1,1,3,1,At Risk,0,0.0,East,Returning,0.0,0.0
10248,2025-11-23,5,2868.7400000000002,573.748,3.0,39,3,3,5,11,2,High Value,1,1657.75,South,Returning,1.0,1683.74
10249,2025-11-25,6,920.8,153.46666666666667,4.333333333333333,37,4,4,3,11,0,Regular,1,641.85,South,Returning,0.972,626.36
10250,2025-11-15,4,524.46,131.115,5.75,47,3,2,2,7,3,New/Occasional,1,323.77,South,Returning,0.98,334.7
10251,2025-03-16,2,739.5799999999999,369.78999999999996,5.5,291,1,1,2,4,1,At Risk,0,165.51,East,Returning,0.044,281.94
10252,2025-11-13,7,1636.2800000000002,233.75428571428574,3.857142857142857,49,3,4,4,11,0,Regular,0,974.19,West,New,1.0,976.43
10254,2025-07-23,2,264.26,132.13,3.5,162,1,1,1,3,1,At Risk,0,136.25,South,Returning,0.06,111.02
10255,2025-12-14,9,969.98,107.77555555555556,5.111111111111111,18,4,5,3,12,0,Regular,1,815.3,North,New,0.996,756.9
10256,2025-12-28,8,1847.38,230.9225,4.875,4,5,5,4,14,2,High Value,1,1256.51,West,Returning,0.996,1223.16
10257,2025-09-16,2,1241.25,620.625,5.5,107,2,1,3,6,3,New/Occasional,1,598.48,West,New,0.9,628.91
10258,2025-11-14,7,1598.83,228.4042857142857,3.7142857142857144,48,3,4,4,11,0,Regular,1,943.96,North,Returning,1.0,961.64
10259,2025-12-17,5,1218.16,243.632,4.2,15,5,3,3,11,0,Regular,1,739.21,North,Returning,0.956,754.21
10260,2025-12-03,6,1226.8600000000001,204.4766666666667,3.3333333333333335,29,4,4,3,11,0,Regular,1,813.77,East,Returning,0.972,800.77
10261,2025-11-05,5,1320.87,264.174,5.2,57,3,3,3,9,0,Regular,1,868.95,North,New,0.984,828.26
10262,2025-12-19,6,2003.3400000000001,333.89000000000004,4.0,13,5,4,5,14,0,Regular,1,1259.8,West,New,0.952,1227.21
10263,2025-11-22,6,1836.6,306.09999999999997,5.166666666666667,40,3,4,4,11,0,Regular,1,1118.78,South,New,0.984,1116.73
10264,2025-11-09,6,2091.1800000000003,348.53000000000003,6.0,53,3,4,5,12,0,Regular,1,1208.09,North,New,0.996,1238.96
10265,2025-12-10,4,723.5,180.875,6.25,22,4,2,2,8,3,New/Occasional,1,470.13,West,New,1.0,467.69
10266,2025-12-31,5,2543.35,508.66999999999996,5.6,1,5,3,5,13,2,High Value,1,1521.04,North,New,0.972,1504.1
10267,2025-10-18,4,571.62,142.905,5.0,75,2,2,2,6,3,New/Occasional,0,379.78,South,Returning,0.932,359.44
10268,2025-07-24,6,2456.04,409.34,5.666666666666667,161,1,4,5,10,2,High Value,1,1326.45,North,New,0.936,1351.09
10269,2025-11-22,5,653.97,130.794,4.0,40,3,3,2,8,3,New/Occasional,1,457.73,North,New,1.0,448.81
10270,2025-10-27,8,2929.15,366.14375,5.75,66,3,5,5,13,2,High Value,1,1735.26,North,Returning,0.976,1723.57
10271,2025-11-30,6,948.73,158.12166666666667,5.5,32,4,4,3,11,0,Regular,1,634.51,North,Returning,0.956,625.88
10272,2025-11-13,10,1104.15,110.415,4.4,49,3,5,3,11,0,Regular,1,759.34,North,Returning,0.968,751.76
10273,2025-10-30,3,829.38,276.46,3.0,63,3,1,2,6,3,New/Occasional,1,487.69,North,Returning,0.94,500.07
10274,2025-09-11,6,525.28,87.54666666666667,3.8333333333333335,112,2,4,2,8,0,Regular,1,322.75,East,Returning,0.956,325.57
10275,2025-10-21,7,926.23,132.31857142857143,5.428571428571429,72,2,4,3,9,0,Regular,0,573.26,East,Returning,0.388,595.57
10277,2025-12-14,7,507.81,72.54428571428572,4.428571428571429,18,4,4,2,10,0,Regular,1,450.05,South,Returning,0.992,398.13
10278,2025-12-15,7,1043.83,149.1185714285714,3.5714285714285716,17,4,4,3,11,0,Regular,1,769.92,South,Returning,0.984,736.52
10279,2025-11-27,4,915.1099999999999,228.77749999999997,3.5,35,4,2,3,9,3,New/Occasional,1,579.76,West,New,0.952,577.36
10280,2025-10-24,5,654.89,130.978,5.0,69,2,3,2,7,3,New/Occasional,1,416.48,West,Returning,0.952,417.31
10281,2025-07-12,2,320.34000000000003,160.17000000000002,5.5,173,1,1,1,3,1,At Risk,0,113.04,North,New,0.008,99.95
10282,2025-11-01,9,2876.7799999999997,319.6422222222222,3.888888888888889,61,3,5,5,13,2,High Value,1,1725.81,North,Returning,0.996,1719.61
10283,2025-10-20,4,1207.79,301.9475,6.5,73,2,2,3,7,3,New/Occasional,1,740.5,North,New,0.984,698.62
10284,2025-12-20,6,1217.78,202.96333333333334,4.166666666666667,12,5,4,3,12,0,Regular,1,800.7,South,New,0.956,788.27
10285,2025-12-30,4,1667.92,416.98,5.0,2,5,2,4,11,0,Regular,1,1038.07,East,New,0.984,1019.99
10287,2025-06-11,2,513.1800000000001,256.59000000000003,6.0,204,1,1,2,4,1,At Risk,0,225.32,North,New,0.008,196.64
10288,2025-11-26,4,407.12,101.78,5.0,36,4,2,1,7,3,New/Occasional,1,337.89,South,Returning,0.956,318.0
10289,2025-12-15,6,3805.02,634.17,4.666666666666667,17,4,4,5,13,2,High Value,1,2209.97,South,Returning,0.98,2215.91
10290,2025-10-17,8,1559.99,194.99875,4.75,76,2,5,4,11,0,Regular,1,1001.44,North,New,0.976,971.65
10291,2025-11-20,4,334.40999999999997,83.60249999999999,5.0,42,3,2,1,6,3,New/Occasional,1,210.75,West,Returning,0.992,222.52
10292,2025-11-30,6,1866.35,311.05833333333334,3.8333333333333335,32,4,4,4,12,0,Regular,1,1128.66,North,New,0.996,1120.36
10293,2025-12-31,7,2730.33,390.04714285714283,4.857142857142857,1,5,4,5,14,2,High Value,1,1685.96,West,New,0.98,1671.89
10294,2025-12-03,5,1029.72,205.94400000000002,5.4,29,4,3,3,10,0,Regular,1,713.79,North,Returning,0.96,672.2
10295,2025-11-12,4,504.79999999999995,126.19999999999999,3.25,50,3,2,2,7,3,New/Occasional,1,308.34,West,Returning,0.984,315.97
10296,2025-12-16,6,1678.77,279.795,4.833333333333333,16,4,4,4,12,0,Regular,1,1045.97,West,New,0.992,1024.64
10297,2025-09-23,2,227.37,113.685,4.5,100,2,1,1,4,3,New/Occasional,0,101.16,West,Returning,0.176,99.16
10298,2025-06-29,2,996.15,498.075,7.0,186,1,1,3,5,1,At Risk,0,443.26,West,New,0.048,435.02
10299,2025-08-07,3,618.3199999999999,206.10666666666665,3.6666666666666665,147,1,1,2,4,1,At Risk,0,249.21,West,Returning,0.04,257.06
10300,2025-11-29,9,3457.87,384.2077777777778,4.666666666666667,33,4,5,5,14,2,High Value,1,2081.65,East,Returning,0.94,2042.38
10301,2025-10-05,6,1276.5,212.75,4.5,88,2,4,3,9,0,Regular,1,716.23,West,Returning,0.992,752.78
10302,2025-12-08,8,824.3,103.0375,5.0,24,4,5,2,11,0,Regular,1,645.59,North,Returning,0.976,625.71
10303,2025-12-06,5,461.76,92.352,4.0,26,4,3,1,8,3,New/Occasional,1,397.81,South,New,0.932,370.6
10304,2025-12-25,3,2017.6599999999999,672.5533333333333,3.0,7,5,1,5,11,0,Regular,1,1165.07,South,Returning,0.952,1199.0
10305,2025-11-22,7,915.06,130.72285714285712,3.7142857142857144,40,3,4,3,10,0,Regular,1,578.86,West,Returning,0.996,609.18
10306,2025-12-31,4,939.44,234.86,5.25,1,5,2,3,10,3,New/Occasional,1,616.67,South,Returning,0.976,611.93
10307,2025-10-25,4,860.54,215.135,5.25,68,2,2,2,6,3,New/Occasional,1,495.9,South,New,0.992,491.61
10308,2025-12-30,7,2787.26,398.18,4.428571428571429,2,5,4,5,14,2,High Value,1,1679.85,East,Returning,1.0,1681.38
10309,2025-08-23,4,768.52,192.13,2.5,131,1,2,2,5,1,At Risk,1,409.99,South,Returning,0.764,402.32
10310,2025-12-06,3,628.1,209.36666666666667,5.0,26,4,1,2,7,3,New/Occasional,1,373.5,North,New,0.952,419.1
10311,2025-12-07,7,903.23,129.03285714285715,3.7142857142857144,25,4,4,3,11,0,Regular,1,688.34,South,New,0.988,658.46
10312,2025-09-23,3,1568.6399999999999,522.88,5.333333333333333,100,2,1,4,7,3,New/Occasional,1,834.31,South,Returning,0.872,844.67
10313,2025-04-16,2,864.39,432.195,5.5,260,1,1,2,4,1,At Risk,0,340.15,North,Returning,0.008,374.87
10314,2025-09-26,7,620.62,88.66,4.714285714285714,97,2,4,2,8,0,Regular,1,378.9,South,New,0.9,389.73
10315,2025-11-30,5,1661.6599999999999,332.332,5.6,32,4,3,4,11,0,Regular,1,1007.26,South,Returning,0.988,1001.18
10316,2025-10-18,6,1108.9099999999999,184.8183333333333,4.333333333333333,75,2,4,3,9,0,Regular,1,696.16,South,Returning,0.88,683.89
10317,2025-11-13,3,498.48,166.16,4.0,49,3,1,2,6,3,New/Occasional,1,318.81,South,Returning,0.988,318.71
10318,2025-11-23,5,1750.5,350.1,2.8,39,3,3,4,10,0,Regular,1,1038.79,East,Returning,0.996,1036.5
10319,2025-08-28,5,1362.53,272.506,5.6,126,1,3,4,8,0,Regular,1,738.74,South,Returning,0.888,736.85
10320,2025-11-20,8,2893.8,361.725,5.0,42,3,5,5,13,2,High Value,1,1713.55,West,Returning,0.996,1719.5
10321,2025-11-18,4,1026.25,256.5625,5.75,44,3,2,3,8,3,New/Occasional,1,603.21,West,Returning,0.964,625.85
10322,2025-12-30,8,1796.93,224.61625,5.875,2,5,5,4,14,2,High Value,1,1172.17,South,Returning,0.988,1175.23
10323,2025-10-24,5,1152.5900000000001,230.51800000000003,3.8,69,2,3,3,8,0,Regular,1,755.92,South,Returning,0.988,691.6
10324,2025-10-02,6,901.48,150.24666666666667,4.0,91,2,4,3,9,0,Regular,1,564.49,South,Returning,0.968,553.31
10325,2025-11-14,6,548.32,91.38666666666667,3.8333333333333335,48,3,4,2,9,0,Regular,1,417.23,West,Returning,1.0,394.76
10326,2025-12-09,6,1578.86,263.1433333333333,5.833333333333333,23,4,4,4,12,0,Regular,0,1023.55,East,New,0.372,1002.17
10327,2025-09-29,7,991.51,141.6442857142857,5.428571428571429,94,2,4,3,9,0,Regular,1,600.94,West,Returning,0.716,588.96
10328,2025-06-18,6,2250.53,375.08833333333337,4.0,197,1,4,5,10,1,At Risk,1,1135.34,South,Returning,0.828,1170.31
10329,2025-11-22,7,1693.06,241.8657142857143,5.714285714285714,40,3,4,4,11,0,Regular,1,1051.29,East,Returning,0.976,1062.2
10330,2025-10-12,7,2030.24,290.0342857142857,5.142857142857143,81,2,4,5,11,2,High Value,1,1229.66,South,Returning,0.956,1202.26
10331,2025-10-12,4,146.71,36.6775,4.0,81,2,2,1,5,3,New/Occasional,0,180.15,West,Returning,0.244,85.34
10332,2025-11-06,4,256.69,64.1725,5.0,56,3,2,1,6,3,New/Occasional,1,158.47,North,Returning,0.988,175.92
10333,2025-12-27,8,1947.17,243.39625,4.75,5,5,5,4,14,2,High Value,1,1278.94,East,Returning,1.0,1254.25
10334,2025-12-09,10,2846.89,284.68899999999996,4.7,23,4,5,5,14,2,High Value,0,1764.23,West,New,0.404,1750.36
10335,2025-10-27,6,2039.4099999999999,339.90166666666664,5.5,66,3,4,5,12,0,Regular,1,1186.67,North,New,0.98,1200.45
10336,2025-11-28,7,1137.52,162.50285714285715,4.428571428571429,34,4,4,3,11,0,Regular,1,714.43,East,New,0.672,725.46
10337,2025-12-05,6,648.18,108.02999999999999,4.833333333333333,27,4,4,2,10,0,Regular,1,449.76,North,New,0.996,463.11
10338,2025-10-31,6,1186.0,197.66666666666666,4.5,62,3,4,3,10,0,Regular,1,754.56,West,Returning,0.992,739.74
10339,2025-12-28,6,638.22,106.37,3.1666666666666665,4,5,4,2,11,0,Regular,1,528.22,North,Returning,0.992,496.71
10341,2025-10-19,5,2012.1100000000001,402.422,4.8,74,2,3,5,10,0,Regular,1,1064.71,North,New,0.88,1102.53
10342,2025-06-10,4,524.5699999999999,131.14249999999998,4.25,205,1,2,2,5,1,At Risk,0,223.95,West,Returning,0.084,208.55
10343,2025-03-24,2,103.41999999999999,51.709999999999994,2.5,283,1,1,1,3,1,At Risk,0,0.0,West,New,0.148,0.0
10344,2025-05-29,6,1180.58,196.76333333333332,5.5,217,1,4,3,8,1,At Risk,0,575.21,East,Returning,0.132,564.0
10345,2025-09-09,5,1142.17,228.43400000000003,4.6,114,2,3,3,8,0,Regular,1,660.17,West,New,0.984,640.94
10346,2025-11-14,7,1067.56,152.50857142857143,5.428571428571429,48,3,4,3,10,0,Regular,1,767.2,West,Returning,0.96,724.81
10347,2025-12-15,6,1331.6599999999999,221.9433333333333,4.333333333333333,17,4,4,3,11,0,Regular,1,829.99,West,New,0.908,841.5
10348,2025-11-16,6,2315.67,385.945,3.1666666666666665,46,3,4,5,12,2,High Value,1,1366.87,South,Returning,0.992,1365.03
10349,2025-12-19,10,1315.31,131.531,4.9,13,5,5,3,13,2,High Value,1,866.58,East,Returning,0.916,875.73
10350,2025-06-20,3,2381.2,793.7333333333332,3.6666666666666665,195,1,1,5,7,1,At Risk,0,1233.51,North,Returning,0.232,1343.01
10351,2025-12-15,4,1089.8600000000001,272.46500000000003,5.5,17,4,2,3,9,3,New/Occasional,1,661.97,East,New,0.968,673.22
10352,2025-12-21,3,585.78,195.26,4.333333333333333,11,5,1,2,8,3,New/Occasional,1,451.44,North,Returning,0.872,386.88
10353,2025-12-05,5,912.48,182.496,4.0,27,4,3,3,10,0,Regular,1,610.18,East,Returning,0.92,590.62
10354,2025-12-20,9,1555.7,172.85555555555555,4.222222222222222,12,5,5,4,14,2,High Value,1,1026.92,East,Returning,0.992,1007.22
10355,2025-11-17,2,319.23,159.615,3.5,45,3,1,1,5,3,New/Occasional,1,191.41,South,Returning,0.78,189.37
10356,2025-07-31,7,2156.2799999999997,308.03999999999996,3.2857142857142856,154,1,4,5,10,2,High Value,1,1216.12,South,Returning,0.94,1238.68
10357,2025-11-09,5,1158.1,231.61999999999998,5.6,53,3,3,3,9,0,Regular,1,733.44,West,New,0.904,720.86
10358,2025-08-17,3,271.27,90.42333333333333,5.0,137,1,1,1,3,1,At Risk,0,68.99,West,New,0.048,106.05
10359,2025-10-22,3,915.26,305.08666666666664,4.333333333333333,71,2,1,3,6,3,New/Occasional,1,518.29,South,New,0.984,530.66
10360,2025-12-02,5,434.76,86.952,3.6,30,4,3,1,8,3,New/Occasional,0,332.03,East,New,0.372,326.8
10361,2025-12-15,7,2941.43,420.2042857142857,4.285714285714286,17,4,4,5,13,2,High Value,1,1765.9,West,Returning,0.996,1733.0
10362,2025-09-13,7,1650.33,235.76142857142855,3.142857142857143,110,2,4,4,10,0,Regular,1,1010.39,North,Returning,0.98,935.8
10363,2025-12-14,6,2512.7000000000003,418.78333333333336,4.5,18,4,4,5,13,2,High Value,1,1453.89,North,Returning,0.996,1470.61
10364,2025-12-08,5,1812.8100000000002,362.562,2.6,24,4,3,4,11,0,Regular,1,1128.9,North,Returning,0.968,1115.1
10365,2025-10-17,6,1191.16,198.52666666666667,4.666666666666667,76,2,4,3,9,0,Regular,1,737.49,East,Returning,0.956,724.05
10366,2025-12-15,6,3344.67,557.445,3.1666666666666665,17,4,4,5,13,2,High Value,1,1944.85,South,Returning,0.996,1912.97
10367,2025-10-10,4,1588.71,397.1775,5.25,83,2,2,4,8,0,Regular,1,929.31,West,Returning,0.984,917.75
10368,2025-10-26,7,1711.91,244.55857142857144,4.0,67,2,4,4,10,0,Regular,1,1023.84,East,New,0.996,1035.0
10369,2025-12-20,5,1026.28,205.256,5.2,12,5,3,3,11,0,Regular,1,610.22,South,Returning,0.984,642.58
10370,2025-09-18,4,640.47,160.1175,5.5,105,2,2,2,6,3,New/Occasional,0,239.58,West,Returning,0.86,293.98
10371,2025-12-31,8,849.44,106.18,5.0,1,5,5,2,12,0,Regular,1,597.72,West,New,0.992,618.8
10372,2025-08-26,6,848.56,141.42666666666665,5.5,128,1,4,2,7,0,Regular,1,470.46,South,Returning,0.768,468.51
10373,2025-10-01,3,247.93,82.64333333333333,5.0,92,2,1,1,4,3,New/Occasional,1,143.57,South,Returning,0.748,123.77
10374,2025-08-12,2,402.24,201.12,6.0,142,1,1,1,3,1,At Risk,0,180.34,South,Returning,0.04,167.71
10375,2025-12-29,8,1931.24,241.405,5.0,3,5,5,4,14,2,High Value,1,1224.45,North,Returning,1.0,1248.16
10376,2025-08-12,6,2523.47,420.5783333333333,3.3333333333333335,142,1,4,5,10,2,High Value,1,1348.75,North,Returning,0.992,1374.77
10377,2025-11-05,6,2219.0299999999997,369.8383333333333,5.333333333333333,57,3,4,5,12,0,Regular,1,1293.85,West,New,0.988,1285.03
10378,2025-11-08,4,1843.57,460.8925,3.25,54,3,2,4,9,0,Regular,1,1059.72,South,New,0.988,1078.9
10379,2025-11-14,4,433.37,108.3425,4.0,48,3,2,1,6,3,New/Occasional,1,357.97,South,Returning,0.956,303.89
10380,2025-11-26,6,1998.47,333.0783333333333,6.666666666666667,36,4,4,5,13,0,Regular,1,1224.25,West,Returning,0.992,1206.65
10381,2025-12-06,4,727.17,181.7925,4.75,26,4,2,2,8,3,New/Occasional,1,420.57,East,Returning,1.0,443.98
10382,2025-10-28,7,1050.46,150.06571428571428,4.571428571428571,65,3,4,3,10,0,Regular,1,664.23,West,Returning,1.0,681.11
10383,2025-12-29,8,2355.88,294.485,4.375,3,5,5,5,15,2,High Value,1,1491.41,West,Returning,0.98,1473.22
10384,2025-07-31,5,453.06,90.612,3.6,154,1,3,1,5,1,At Risk,0,231.32,South,Returning,0.028,222.45
10385,2025-10-22,5,901.3399999999999,180.26799999999997,5.4,71,2,3,3,8,0,Regular,1,495.0,South,New,0.924,517.24
10386,2025-10-19,3,1760.07,586.6899999999999,3.6666666666666665,74,2,1,4,7,3,New/Occasional,1,1014.08,West,New,0.944,1010.73
10387,2025-11-12,6,2561.55,426.925,3.0,50,3,4,5,12,2,High Value,1,1514.57,East,New,0.996,1494.39
10388,2025-10-30,6,1991.09,331.8483333333333,3.8333333333333335,63,3,4,5,12,0,Regular,1,1170.9,West,New,0.992,1183.22
10389,2025-11-03,3,357.43,119.14333333333333,5.0,59,3,1,1,5,3,New/Occasional,1,199.26,North,Returning,0.992,227.95
10390,2025-08-01,5,1153.41,230.68200000000002,4.0,153,1,3,3,7,1,At Risk,0,652.14,West,Returning,0.108,638.25
10391,2025-12-30,4,2198.47,549.6175,6.75,2,5,2,5,12,0,Regular,1,1245.87,East,New,0.968,1261.54
10392,2025-10-11,4,1973.88,493.47,3.5,82,2,2,5,9,0,Regular,1,1059.43,North,Returning,0.98,1081.6
10393,2025-12-19,4,685.2,171.3,3.5,13,5,2,2,9,3,New/Occasional,1,441.44,East,Returning,0.952,441.16
10394,2025-12-18,6,1256.96,209.49333333333334,4.333333333333333,14,5,4,3,12,0,Regular,1,827.31,East,New,0.928,823.99
10395,2025-09-12,4,1464.34,366.085,5.25,111,2,2,4,8,0,Regular,1,759.74,North,New,0.956,789.35
10396,2025-09-27,4,640.71,160.1775,5.75,96,2,2,2,6,3,New/Occasional,1,348.93,South,New,0.82,339.27
10397,2025-08-20,6,464.2,77.36666666666666,4.166666666666667,134,1,4,1,6,0,Regular,0,260.76,West,Returning,0.196,251.04
10398,2025-12-05,6,357.03999999999996,59.50666666666666,5.166666666666667,27,4,4,1,9,0,Regular,1,322.08,South,New,0.988,312.06
10399,2025-11-09,8,4827.86,603.4825,4.125,53,3,5,5,13,2,High Value,1,2771.93,South,New,0.968,2712.21
10400,2025-12-07,3,594.09,198.03,3.6666666666666665,25,4,1,2,7,3,New/Occasional,1,378.69,South,New,0.96,392.65
10401,2025-12-12,9,2213.95,245.9944444444444,6.0,20,4,5,5,14,2,High Value,1,1366.97,South,Returning,0.98,1369.65
10402,2025-02-07,2,143.02,71.51,4.5,328,1,1,1,3,1,At Risk,1,0.0,West,New,0.608,0.22
10403,2025-11-18,5,3004.4,600.88,4.8,44,3,3,5,11,2,High Value,1,1755.91,West,Returning,0.996,1738.63
10404,2025-11-17,3,1183.82,394.6066666666666,5.0,45,3,1,3,7,3,New/Occasional,1,716.43,North,New,0.992,713.27
10405,2025-09-28,6,858.21,143.035,4.333333333333333,95,2,4,2,8,0,Regular,1,497.28,West,Returning,0.936,501.72
10406,2025-11-22,3,554.89,184.96333333333334,5.333333333333333,40,3,1,2,6,3,New/Occasional,1,335.25,West,Returning,0.98,361.59
10407,2025-09-12,4,1506.73,376.6825,4.0,111,2,2,4,8,0,Regular,1,847.48,South,Returning,0.932,849.88
10408,2025-04-16,1,29.02,29.02,4.0,260,1,1,1,3,1,At Risk,0,0.0,West,New,0.008,0.0
10409,2025-11-15,4,929.37,232.3425,4.0,47,3,2,3,8,3,New/Occasional,1,538.43,North,Returning,0.988,560.92
10410,2025-11-06,4,1049.28,262.32,6.5,56,3,2,3,8,3,New/Occasional,1,638.81,West,Returning,0.992,637.47
10411,2025-11-15,4,324.44,81.11,5.5,47,3,2,1,6,3,New/Occasional,1,192.37,East,New,0.98,205.07
10412,2025-10-15,2,91.75,45.875,6.5,78,2,1,1,4,3,New/Occasional,0,38.93,East,New,0.156,46.86
10413,2025-09-14,5,498.55,99.71000000000001,4.4,109,2,3,2,7,3,New/Occasional,1,327.33,North,Returning,0.956,291.94
10414,2025-07-16,4,485.18,121.295,3.5,169,1,2,1,4,1,At Risk,1,221.83,West,Returning,0.644,217.0
10415,2025-06-22,3,402.43,134.14333333333335,4.666666666666667,193,1,1,1,3,1,At Risk,0,94.99,North,New,0.016,116.92
10416,2025-08-25,3,631.65,210.54999999999998,4.666666666666667,129,1,1,2,4,1,At Risk,0,331.85,South,New,0.096,312.48
10417,2025-05-20,1,216.6,216.6,2.0,226,1,1,1,3,1,At Risk,0,0.0,North,Returning,0.06,3.72
10418,2025-12-19,4,291.49,72.8725,3.5,13,5,2,1,8,3,New/Occasional,1,280.22,West,Returning,1.0,246.29
10419,2025-09-28,4,558.27,139.5675,4.25,95,2,2,2,6,3,New/Occasional,1,341.37,North,Returning,0.956,335.96
10420,2025-11-27,6,2508.9900000000002,418.165,3.1666666666666665,35,4,4,5,13,2,High Value,1,1474.29,West,Returning,0.988,1468.05
10421,2025-11-16,7,1051.4299999999998,150.2042857142857,5.142857142857143,46,3,4,3,10,0,Regular,1,666.64,East,Returning,0.996,706.62
10422,2025-08-13,6,1176.59,196.09833333333333,4.833333333333333,141,1,4,3,8,0,Regular,0,628.5,North,New,0.204,622.48
10423,2025-12-27,4,678.8900000000001,169.72250000000003,4.5,5,5,2,2,9,3,New/Occasional,0,561.53,North,Returning,0.34,441.16
10424,2025-10-19,6,1019.1700000000001,169.86166666666668,2.6666666666666665,74,2,4,3,9,0,Regular,1,551.75,North,Returning,0.948,625.13
10425,2025-10-07,4,655.55,163.8875,6.25,86,2,2,2,6,3,New/Occasional,1,323.54,East,New,0.912,350.2
10426,2025-12-24,4,422.89,105.7225,3.75,8,5,2,1,8,3,New/Occasional,1,365.98,West,New,0.892,339.24
10427,2025-11-22,7,884.41,126.3442857142857,4.142857142857143,40,3,4,2,9,0,Regular,1,637.46,North,Returning,0.996,627.77
10428,2025-08-05,5,1831.42,366.284,6.4,149,1,3,4,8,0,Regular,1,1005.79,West,Returning,0.892,1035.35
10429,2025-11-05,2,1072.1299999999999,536.0649999999999,2.0,57,3,1,3,7,3,New/Occasional,1,534.65,North,New,0.916,580.2
10430,2025-11-26,2,93.89999999999999,46.949999999999996,5.0,36,4,1,1,6,3,New/Occasional,0,104.1,West,Returning,0.268,101.64
10431,2025-10-27,4,885.36,221.34,4.25,66,3,2,3,8,3,New/Occasional,1,495.26,West,Returning,0.968,524.89
10432,2025-09-06,4,808.37,202.0925,3.25,117,2,2,2,6,3,New/Occasional,1,437.84,West,Returning,0.844,441.06
10433,2025-10-07,6,1487.33,247.88833333333332,3.8333333333333335,86,2,4,4,10,0,Regular,1,892.87,East,Returning,0.976,900.9
10434,2025-11-26,4,182.01,45.5025,5.0,36,4,2,1,7,3,New/Occasional,0,187.44,West,Returning,0.296,169.67
10435,2025-11-23,5,3123.7300000000005,624.7460000000001,3.0,39,3,3,5,11,2,High Value,1,1780.18,North,Returning,1.0,1810.91
10436,2025-12-25,1,758.63,758.63,4.0,7,5,1,2,8,3,New/Occasional,1,503.92,North,New,0.976,515.98
10437,2025-08-02,4,1324.28,331.07,5.0,152,1,2,3,6,1,At Risk,0,722.01,North,Returning,0.112,704.46
10438,2025-08-23,6,1300.02,216.67,3.8333333333333335,131,1,4,3,8,0,Regular,0,701.51,South,Returning,0.192,722.89
10439,2025-12-06,8,3121.71,390.21375,5.0,26,4,5,5,14,2,High Value,1,1850.75,West,New,0.988,1858.22
10440,2025-12-25,8,3384.5299999999997,423.06624999999997,4.625,7,5,5,5,15,2,High Value,1,2002.64,East,New,0.996,1971.07
10441,2025-12-11,8,4602.71,575.33875,4.625,21,4,5,5,14,2,High Value,1,2684.4,West,New,0.996,2613.56
10442,2025-09-20,4,602.65,150.6625,3.25,103,2,2,2,6,3,New/Occasional,1,362.78,North,Returning,0.888,342.45
10443,2025-12-05,6,576.46,96.07666666666667,4.5,27,4,4,2,10,0,Regular,1,365.98,West,Returning,0.996,380.08
10444,2025-12-30,7,696.0,99.42857142857143,5.0,2,5,4,2,11,0,Regular,1,467.55,North,New,0.996,488.08
10445,2025-11-22,5,1796.27,359.254,4.8,40,3,3,4,10,0,Regular,1,1042.83,South,Returning,1.0,1066.97
10446,2025-11-16,4,1337.7,334.425,5.5,46,3,2,3,8,0,Regular,1,843.68,East,Returning,0.972,816.3
10447,2025-12-03,5,1515.95,303.19,4.0,29,4,3,4,11,0,Regular,1,935.99,West,New,0.992,906.49
10448,2025-12-17,7,1291.79,184.54142857142855,4.142857142857143,15,5,4,3,12,0,Regular,1,908.19,East,Returning,0.84,881.9
10449,2025-09-26,9,3870.2400000000002,430.0266666666667,4.555555555555555,97,2,5,5,12,2,High Value,1,2227.88,North,New,0.972,2248.53
10450,2025-09-22,6,3098.58,516.43,3.6666666666666665,101,2,4,5,11,2,High Value,1,1721.85,East,Returning,1.0,1748.38
10451,2025-11-17,4,467.14,116.785,5.0,45,3,2,1,6,3,New/Occasional,1,259.75,North,Returning,0.824,296.63
10452,2025-10-18,4,1645.76,411.44,5.25,75,2,2,4,8,0,Regular,1,910.65,West,New,0.972,915.79
10453,2025-12-31,3,1103.91,367.97,3.6666666666666665,1,5,1,3,9,3,New/Occasional,1,668.54,East,Returning,0.98,688.76
10454,2025-11-16,6,2547.35,424.55833333333334,3.3333333333333335,46,3,4,5,12,2,High Value,1,1412.76,North,Returning,0.996,1449.05
10455,2025-10-04,6,1797.58,299.59666666666664,4.0,89,2,4,4,10,0,Regular,1,1017.13,North,Returning,1.0,1041.9
10456,2025-05-18,3,719.31,239.76999999999998,3.3333333333333335,228,1,1,2,4,1,At Risk,0,244.68,North,Returning,0.164,272.55
10457,2025-10-11,7,1882.4500000000003,268.92142857142863,4.714285714285714,82,2,4,4,10,0,Regular,1,1118.31,West,Returning,1.0,1108.8
10458,2025-11-30,8,2072.7,259.0875,4.625,32,4,5,5,14,2,High Value,1,1283.71,South,New,1.0,1276.64
10459,2025-12-27,6,2397.75,399.625,4.5,5,5,4,5,14,2,High Value,1,1463.46,West,Returning,0.996,1455.9
10460,2025-10-31,3,1144.1000000000001,381.36666666666673,4.0,62,3,1,3,7,3,New/Occasional,1,600.66,East,Returning,0.984,642.56
10461,2025-10-27,6,572.51,95.41833333333334,4.833333333333333,66,3,4,2,9,0,Regular,1,353.75,East,Returning,0.996,371.38
10462,2025-09-16,6,2199.8700000000003,366.64500000000004,3.5,107,2,4,5,11,0,Regular,1,1284.04,North,Returning,0.944,1266.86
10463,2025-12-01,5,604.95,120.99000000000001,5.2,31,4,3,2,9,3,New/Occasional,0,415.76,West,Returning,0.972,439.42
10464,2025-03-16,2,105.96000000000001,52.980000000000004,2.0,291,1,1,1,3,1,At Risk,1,0.0,South,New,0.632,0.0
10465,2025-11-10,6,4346.21,724.3683333333333,5.0,52,3,4,5,12,2,High Value,1,2476.67,East,Returning,0.92,2494.72
10466,2025-11-27,7,1237.42,176.77428571428572,5.571428571428571,35,4,4,3,11,0,Regular,0,811.63,East,New,0.252,809.62
10467,2025-11-23,7,2621.91,374.5585714285714,3.857142857142857,39,3,4,5,12,2,High Value,1,1581.45,East,Returning,0.996,1564.48
10468,2025-08-10,2,710.69,355.345,6.5,144,1,1,2,4,1,At Risk,0,307.8,West,Returning,0.084,318.67
10469,2025-11-29,7,1169.55,167.07857142857142,3.142857142857143,33,4,4,3,11,0,Regular,1,746.2,North,Returning,0.936,745.21
10470,2025-11-22,7,1106.6200000000001,158.08857142857144,3.7142857142857144,40,3,4,3,10,0,Regular,1,704.84,South,Returning,0.992,713.33
10471,2025-12-09,4,780.1500000000001,195.03750000000002,3.75,23,4,2,2,8,3,New/Occasional,1,507.65,South,New,1.0,521.93
10472,2025-09-17,4,989.18,247.295,6.5,106,2,2,3,7,3,New/Occasional,0,570.75,South,Returning,0.652,542.34
10473,2025-12-29,5,1501.02,300.204,3.6,3,5,3,4,12,0,Regular,1,928.63,North,Returning,1.0,925.93
10474,2025-11-22,4,1077.1200000000001,269.28000000000003,3.0,40,3,2,3,8,3,New/Occasional,1,698.84,North,Returning,1.0,675.46
10475,2025-11-16,5,807.27,161.454,5.8,46,3,3,2,8,0,Regular,1,583.84,South,New,0.912,561.02
10476,2025-11-25,5,1499.8400000000001,299.968,3.8,37,4,3,4,11,0,Regular,1,880.86,South,New,1.0,900.47
10477,2025-11-11,5,1450.0700000000002,290.014,5.0,51,3,3,4,10,0,Regular,1,913.23,South,Returning,1.0,893.99
10478,2025-10-24,3,768.4,256.1333333333333,4.333333333333333,69,2,1,2,5,3,New/Occasional,1,443.89,East,Returning,0.992,442.47
10479,2025-09-13,5,1827.89,365.57800000000003,4.0,110,2,3,4,9,0,Regular,1,1039.67,East,Returning,0.976,1041.71
10480,2025-10-12,5,1077.65,215.53000000000003,4.6,81,2,3,3,8,0,Regular,1,635.12,South,New,0.984,636.66
10481,2025-10-25,3,1977.32,659.1066666666667,6.0,68,2,1,5,8,0,Regular,1,1153.0,South,Returning,0.984,1148.01
10482,2025-12-16,8,2079.95,259.99375,5.125,16,4,5,5,14,2,High Value,1,1315.73,North,Returning,1.0,1300.67
10483,2025-11-20,9,4562.82,506.97999999999996,4.222222222222222,42,3,5,5,13,2,High Value,1,2651.58,East,Returning,0.884,2640.83
10484,2025-09-05,3,139.35,46.449999999999996,4.0,118,2,1,1,4,3,New/Occasional,0,39.83,South,New,0.156,39.81
10485,2025-12-29,1,158.89,158.89,6.0,3,5,1,1,7,3,New/Occasional,1,90.64,North,Returning,0.948,93.31
10486,2025-12-20,4,860.77,215.1925,5.0,12,5,2,2,9,3,New/Occasional,1,544.62,South,Returning,0.952,570.85
10487,2025-05-24,1,160.04,160.04,3.0,222,1,1,1,3,1,At Risk,0,0.0,South,New,0.016,2.9
10488,2025-08-15,1,65.4,65.4,2.0,139,1,1,1,3,1,At Risk,0,0.0,North,Returning,0.04,9.18
10489,2025-12-04,3,1047.76,349.25333333333333,3.0,28,4,1,3,8,3,New/Occasional,1,612.67,East,Returning,0.996,668.68
10490,2025-11-28,9,1764.99,196.11,3.4444444444444446,34,4,5,4,13,2,High Value,1,1093.71,East,New,1.0,1105.41
10491,2025-12-30,7,1715.7199999999998,245.10285714285712,2.4285714285714284,2,5,4,4,13,0,Regular,1,1131.16,East,New,0.888,1107.07
10492,2025-12-10,2,967.5200000000001,483.76000000000005,5.5,22,4,1,3,8,3,New/Occasional,1,593.36,East,Returning,0.996,597.9
10493,2025-11-08,4,946.83,236.7075,3.5,54,3,2,3,8,3,New/Occasional,1,504.99,East,New,1.0,571.26
10494,2025-12-30,4,1079.8899999999999,269.97249999999997,2.75,2,5,2,3,10,3,New/Occasional,1,794.93,South,New,0.992,746.03
10495,2025-12-24,7,3070.95,438.70714285714286,4.142857142857143,8,5,4,5,14,2,High Value,1,1838.23,West,Returning,0.972,1827.93
10496,2025-12-11,5,743.46,148.692,6.0,21,4,3,2,9,3,New/Occasional,1,569.56,East,Returning,1.0,539.74
10497,2025-06-13,4,2182.49,545.6225,4.5,202,1,2,5,8,1,At Risk,0,1126.67,South,New,0.156,1128.03
10498,2025-09-01,1,42.94,42.94,2.0,122,1,1,1,3,3,New/Occasional,0,0.0,East,New,0.024,13.01
10499,2025-08-31,4,1109.93,277.4825,3.5,123,1,2,3,6,3,New/Occasional,1,608.55,South,Returning,0.74,608.18
10500,2025-09-20,2,383.28000000000003,191.64000000000001,5.0,103,2,1,1,4,3,New/Occasional,0,132.74,South,Returning,0.096,152.17
10501,2025-12-08,6,770.4399999999999,128.40666666666667,3.3333333333333335,24,4,4,2,10,0,Regular,1,535.73,West,Returning,0.972,536.1
10502,2025-08-10,4,480.6,120.15,5.5,144,1,2,1,4,1,At Risk,0,198.65,West,Returning,0.152,202.08
10503,2025-10-22,5,2964.79,592.958,2.6,71,2,3,5,10,2,High Value,1,1679.58,West,Returning,0.988,1686.74
10504,2025-12-06,8,1778.1399999999999,222.26749999999998,4.25,26,4,5,4,13,2,High Value,1,1137.26,South,Returning,0.996,1123.89
10505,2025-10-16,9,2704.16,300.4622222222222,3.4444444444444446,77,2,5,5,12,2,High Value,1,1620.33,South,New,0.96,1583.64
10506,2025-12-26,5,1757.74,351.548,3.4,6,5,3,4,12,0,Regular,1,1030.26,West,Returning,0.936,1040.7
10507,2025-12-21,4,2052.57,513.1425,3.25,11,5,2,5,12,0,Regular,1,1198.45,South,Returning,0.96,1211.21
10508,2025-10-19,2,166.98,83.49,4.5,74,2,1,1,4,3,New/Occasional,0,22.11,West,New,0.524,77.42
10509,2025-11-30,5,497.94999999999993,99.58999999999999,5.8,32,4,3,2,9,3,New/Occasional,1,386.8,South,New,0.952,376.48
10510,2025-12-28,6,1564.82,260.80333333333334,4.333333333333333,4,5,4,4,13,0,Regular,1,1002.15,North,Returning,0.996,997.81
10511,2025-12-14,6,1334.37,222.39499999999998,5.0,18,4,4,3,11,0,Regular,1,814.58,North,New,0.896,835.69
10512,2025-04-16,2,209.76,104.88,5.0,260,1,1,1,3,1,At Risk,0,0.0,West,New,0.004,1.3
10513,2025-12-15,6,1967.56,327.9266666666667,4.0,17,4,4,5,13,0,Regular,1,1221.19,North,New,0.996,1202.23
10514,2025-10-10,3,357.03,119.00999999999999,4.333333333333333,83,2,1,1,4,3,New/Occasional,1,201.98,South,Returning,0.864,195.27
10515,2025-12-28,10,1396.41,139.64100000000002,4.7,4,5,5,4,14,2,High Value,1,957.86,South,Returning,0.992,944.22
10516,2025-12-25,6,2090.27,348.37833333333333,4.833333333333333,7,5,4,5,14,0,Regular,1,1259.03,North,Returning,0.9,1264.98
10517,2025-09-29,5,1138.12,227.62399999999997,4.8,94,2,3,3,8,0,Regular,1,633.74,South,New,0.992,642.54
10518,2025-10-20,7,2126.1,303.7285714285714,5.285714285714286,73,2,4,5,11,2,High Value,0,1300.74,West,New,0.34,1279.53
10519,2025-11-21,5,1063.28,212.656,5.2,41,3,3,3,9,0,Regular,1,677.51,North,Returning,0.976,667.57
10520,2025-12-17,3,338.71000000000004,112.90333333333335,3.0,15,5,1,1,7,3,New/Occasional,1,220.08,West,Returning,0.992,237.18
10521,2025-08-07,3,209.37,69.79,3.6666666666666665,147,1,1,1,3,1,At Risk,0,112.24,West,Returning,0.056,64.87
10522,2025-11-11,4,214.39000000000001,53.597500000000004,4.0,51,3,2,1,6,3,New/Occasional,1,170.85,South,New,0.956,176.86
10523,2025-10-22,4,887.98,221.995,4.75,71,2,2,3,7,3,New/Occasional,1,494.32,North,New,0.98,497.95
10524,2025-10-14,5,623.53,124.70599999999999,5.4,79,2,3,2,7,3,New/Occasional,1,460.98,East,New,0.78,419.76
10525,2025-12-03,7,770.54,110.07714285714285,3.5714285714285716,29,4,4,2,10,0,Regular,1,515.37,North,Returning,0.988,524.82
10526,2025-12-29,7,1009.79,144.25571428571428,4.571428571428571,3,5,4,3,12,0,Regular,1,679.8,South,Returning,0.992,687.67
10528,2025-04-27,3,216.23000000000002,72.07666666666667,3.6666666666666665,249,1,1,1,3,1,At Risk,0,0.0,West,Returning,0.044,4.03
10529,2025-10-04,5,644.9100000000001,128.98200000000003,2.8,89,2,3,2,7,3,New/Occasional,1,405.88,West,Returning,0.884,402.77
10530,2025-08-24,4,418.39,104.5975,5.25,130,1,2,1,4,1,At Risk,0,188.76,South,Returning,0.028,203.69
10531,2025-06-16,2,69.35,34.675,3.5,199,1,1,1,3,1,At Risk,0,0.0,East,New,0.012,0.7
10532,2025-12-03,5,2704.37,540.874,4.2,29,4,3,5,12,2,High Value,1,1582.44,East,Returning,0.964,1574.92
10533,2025-12-26,9,879.26,97.69555555555556,5.111111111111111,6,5,5,2,12,0,Regular,1,633.58,South,New,1.0,659.03
10534,2025-09-10,4,795.45,198.8625,4.25,113,2,2,2,6,3,New/Occasional,1,425.23,East,Returning,0.936,429.17
10535,2025-08-16,3,281.7,93.89999999999999,5.0,138,1,1,1,3,1,At Risk,0,86.38,North,New,0.048,110.27
10536,2025-09-12,3,1056.5,352.1666666666667,6.666666666666667,111,2,1,3,6,3,New/Occasional,0,527.25,North,Returning,0.272,559.48
10537,2025-08-13,2,682.33,341.165,3.5,141,1,1,2,4,1,At Risk,0,305.06,South,Returning,0.068,306.86
10538,2025-12-14,6,1398.08,233.01333333333332,4.0,18,4,4,4,12,0,Regular,1,868.62,North,New,0.996,884.29
10539,2025-12-12,6,2535.36,422.56,3.1666666666666665,20,4,4,5,13,2,High Value,1,1485.05,North,Returning,0.996,1482.05
10540,2025-12-17,10,1589.31,158.93099999999998,5.0,15,5,5,4,14,2,High Value,1,1104.42,West,Returning,1.0,1076.4
10541,2025-12-26,10,2084.5,208.45,4.8,6,5,5,5,15,2,High Value,1,1316.25,West,New,0.992,1330.54
10542,2025-11-28,7,1799.6399999999999,257.09142857142854,6.285714285714286,34,4,4,4,12,0,Regular,1,1106.36,East,Returning,0.944,1109.71
10543,2025-08-22,4,1786.71,446.6775,3.25,132,1,2,4,7,0,Regular,0,964.58,West,Returning,0.312,977.82
10544,2025-12-29,7,1416.9299999999998,202.4185714285714,4.857142857142857,3,5,5,4,14,0,Regular,1,873.44,West,Returning,0.992,910.98
10545,2025-11-30,7,1999.6100000000001,285.65857142857146,4.857142857142857,32,4,5,5,14,2,High Value,1,1187.87,North,Returning,0.988,1204.66
10546,2025-12-23,4,439.49,109.8725,4.5,9,5,2,1,8,3,New/Occasional,0,334.24,South,New,0.396,336.74
10547,2025-05-13,3,1517.97,505.99,4.0,233,1,1,4,6,1,At Risk,0,706.49,South,Returning,0.172,724.11
10548,2025-12-04,10,1099.91,109.99100000000001,3.5,28,4,5,3,12,0,Regular,1,762.16,North,Returning,0.988,757.43
10549,2025-10-10,4,680.78,170.195,5.5,83,2,2,2,6,3,New/Occasional,1,400.82,West,New,0.916,392.25
10550,2025-12-25,2,827.3399999999999,413.66999999999996,7.0,7,5,1,2,8,3,New/Occasional,1,524.11,South,New,0.944,543.27
10551,2025-12-18,4,349.85,87.4625,5.0,14,5,2,1,8,3,New/Occasional,1,302.36,South,Returning,0.98,288.49
10552,2025-11-05,5,646.3199999999999,129.26399999999998,4.8,57,3,3,2,8,3,New/Occasional,1,447.5,North,New,0.952,429.42
10553,2025-12-24,7,890.4399999999999,127.20571428571428,3.7142857142857144,8,5,5,3,13,0,Regular,1,680.86,North,Returning,0.996,671.07
10554,2025-08-18,2,30.73,15.365,4.0,136,1,1,1,3,1,At Risk,0,0.0,West,Returning,0.024,8.15
10555,2025-12-30,6,1380.93,230.155,5.0,2,5,4,4,13,0,Regular,1,847.1,North,New,0.988,860.2
10556,2025-08-29,3,341.61,113.87,5.0,125,1,1,1,3,3,New/Occasional,0,149.03,North,Returning,0.04,139.61
10557,2025-12-09,8,2157.01,269.62625,3.75,23,4,5,5,14,2,High Value,1,1295.24,South,Returning,0.992,1348.39
10558,2025-09-28,2,789.3299999999999,394.66499999999996,6.5,95,2,1,2,5,3,New/Occasional,1,444.21,South,Returning,0.932,433.28
10559,2025-11-19,3,608.64,202.88,3.6666666666666665,43,3,1,2,6,3,New/Occasional,1,428.11,East,New,0.944,402.96
10560,2025-12-21,6,1556.94,259.49,4.5,11,5,4,4,13,0,Regular,1,984.2,South,New,1.0,988.78
10561,2025-12-09,7,1731.53,247.36142857142858,4.285714285714286,23,4,5,4,13,0,Regular,1,1128.32,North,Returning,0.984,1097.02
10562,2025-10-20,3,273.45,91.14999999999999,5.0,73,2,1,1,4,3,New/Occasional,0,206.99,South,New,0.328,190.8
10563,2025-11-15,6,1449.26,241.54333333333332,4.166666666666667,47,3,4,4,11,0,Regular,1,903.42,West,Returning,0.996,898.7
10564,2025-12-17,3,598.0999999999999,199.36666666666665,5.0,15,5,1,2,8,3,New/Occasional,0,417.89,East,New,0.3,416.92
10565,2025-06-02,4,1659.05,414.7625,4.0,213,1,2,4,7,1,At Risk,1,855.98,East,Returning,0.784,844.79
10566,2025-10-07,6,1120.09,186.68166666666664,4.333333333333333,86,2,4,3,9,0,Regular,0,627.79,East,Returning,0.324,644.74
10567,2025-12-20,6,1821.44,303.5733333333333,4.666666666666667,12,5,4,4,13,0,Regular,1,1137.67,West,Returning,0.904,1123.91
10568,2025-10-11,6,490.26,81.71,4.0,82,2,4,1,7,0,Regular,1,353.24,North,Returning,0.968,333.42
10569,2025-11-19,3,837.31,279.1033333333333,4.0,43,3,1,2,6,3,New/Occasional,1,455.61,South,New,0.984,535.04
10570,2025-05-18,5,834.25,166.85,4.8,228,1,3,2,6,1,At Risk,0,440.57,South,Returning,0.016,421.56
10571,2025-12-17,2,911.44,455.72,3.0,15,5,1,3,9,3,New/Occasional,1,592.03,South,Returning,0.896,581.13
10572,2025-10-17,5,452.75,90.55,4.6,76,2,3,1,6,3,New/Occasional,1,339.14,West,Returning,0.932,318.5
10573,2025-12-26,5,1100.8700000000001,220.17400000000004,5.0,6,5,3,3,11,0,Regular,0,734.39,South,New,0.372,711.49
10574,2025-08-08,4,1250.23,312.5575,3.25,146,1,2,3,6,1,At Risk,1,625.03,West,Returning,0.664,647.75
10575,2025-05-29,3,1901.81,633.9366666666666,5.0,217,1,1,4,6,1,At Risk,0,890.3,West,Returning,0.224,987.08
10576,2025-12-21,10,3324.88,332.488,5.4,11,5,5,5,15,2,High Value,1,2025.31,South,Returning,0.976,1960.65
10577,2025-11-19,4,494.74,123.685,5.0,43,3,2,1,6,3,New/Occasional,1,359.8,West,Returning,0.94,333.12
10578,2025-09-19,3,991.7199999999999,330.5733333333333,3.0,104,2,1,3,6,3,New/Occasional,0,554.83,East,New,0.192,539.07
10579,2025-08-21,6,1990.81,331.8016666666667,4.833333333333333,133,1,4,5,10,0,Regular,1,1173.1,West,New,0.988,1117.45
10580,2025-11-24,7,2441.38,348.7685714285714,4.571428571428571,38,4,5,5,14,2,High Value,1,1453.68,South,New,1.0,1443.91
10581,2025-06-10,4,771.6700000000001,192.91750000000002,3.25,205,1,2,2,5,1,At Risk,0,329.32,South,Returning,0.168,353.22
10582,2025-11-11,5,930.03,186.006,4.8,51,3,3,3,9,0,Regular,1,585.89,South,New,0.96,574.96
10583,2025-11-17,5,434.4,86.88,4.6,45,3,3,1,7,3,New/Occasional,1,277.95,North,Returning,0.724,296.95
10584,2025-07-13,5,1242.72,248.544,3.8,172,1,3,3,7,1,At Risk,0,701.26,South,New,0.116,684.33
10585,2025-10-28,2,620.77,310.385,5.0,65,3,1,2,6,3,New/Occasional,1,340.17,West,Returning,0.924,365.8
10586,2025-10-25,6,2009.9099999999999,334.98499999999996,4.333333333333333,68,2,4,5,11,0,Regular,1,1191.11,East,New,0.912,1186.51
10587,2025-10-27,6,366.23,61.038333333333334,3.5,66,3,4,1,8,0,Regular,1,308.53,North,Returning,0.972,289.85
10588,2025-11-23,7,4345.5,620.7857142857143,4.428571428571429,39,3,5,5,13,2,High Value,1,2484.58,South,New,0.976,2500.46
10589,2025-12-05,8,1727.63,215.95375,4.125,27,4,5,4,13,2,High Value,1,1109.6,North,Returning,0.996,1107.67
10590,2025-10-06,6,1012.24,168.70666666666668,3.8333333333333335,87,2,4,3,9,0,Regular,1,616.16,North,Returning,0.932,601.51
10591,2025-10-09,5,422.48,84.49600000000001,6.0,84,2,3,1,6,3,New/Occasional,1,310.9,West,Returning,0.912,264.55
10592,2025-10-16,7,1256.99,179.57,3.2857142857142856,77,2,5,3,10,0,Regular,0,778.34,South,Returning,0.404,799.4
10593,2025-07-13,3,938.1,312.7,2.3333333333333335,172,1,1,3,5,1,At Risk,1,345.16,South,Returning,0.696,376.68
10594,2025-12-09,6,563.71,93.95166666666667,3.5,23,4,4,2,10,0,Regular,1,394.63,East,New,1.0,387.6
10595,2025-11-30,5,417.65,83.53,3.8,32,4,3,1,8,3,New/Occasional,1,268.42,North,Returning,0.916,291.49
10596,2025-12-28,9,2540.85,282.31666666666666,4.555555555555555,4,5,5,5,15,2,High Value,0,1653.32,South,New,0.316,1609.8
10597,2025-10-22,7,1529.05,218.43571428571428,6.285714285714286,71,2,5,4,11,0,Regular,1,982.59,East,New,0.948,955.83
10598,2025-11-10,5,2073.92,414.784,3.8,52,3,3,5,11,0,Regular,1,1138.59,East,Returning,1.0,1204.91
10599,2025-11-20,4,1346.79,336.6975,5.5,42,3,2,4,9,0,Regular,1,769.57,West,New,0.996,815.92
10600,2025-07-26,4,767.0400000000001,191.76000000000002,5.5,159,1,2,2,5,1,At Risk,0,332.3,East,New,0.068,368.94
10601,2025-12-24,6,1936.7000000000003,322.78333333333336,4.833333333333333,8,5,4,4,13,0,Regular,1,1203.56,South,Returning,0.98,1199.88
10602,2025-12-20,8,3318.38,414.7975,5.25,12,5,5,5,15,2,High Value,1,1954.85,West,New,1.0,1950.81
10603,2025-12-02,6,4139.25,689.875,4.333333333333333,30,4,4,5,13,2,High Value,1,2378.3,West,Returning,0.924,2372.69
10604,2025-08-13,5,667.73,133.546,6.0,141,1,3,2,6,1,At Risk,1,312.15,West,Returning,0.844,325.29
10605,2025-08-18,5,311.15999999999997,62.23199999999999,3.6,136,1,3,1,5,1,At Risk,1,183.8,West,Returning,0.204,134.78
10606,2025-10-28,9,1264.6399999999999,140.51555555555555,5.333333333333333,65,3,5,3,11,0,Regular,1,770.28,West,Returning,0.948,789.52
10607,2025-10-25,10,2474.3799999999997,247.43799999999996,4.4,68,2,5,5,12,2,High Value,1,1597.32,West,Returning,0.94,1521.02
10608,2025-12-23,5,714.11,142.822,3.4,9,5,3,2,10,3,New/Occasional,1,557.31,North,Returning,0.992,496.69
10609,2025-09-14,1,585.0,585.0,4.0,109,2,1,2,5,3,New/Occasional,0,358.51,West,New,0.216,339.72
10610,2025-12-20,6,844.09,140.68166666666667,4.5,12,5,4,2,11,0,Regular,1,612.67,South,New,0.988,600.81
10611,2025-12-15,3,825.71,275.2366666666667,5.0,17,4,1,2,7,3,New/Occasional,1,577.34,East,Returning,0.944,558.79
10612,2025-12-02,6,605.7800000000001,100.96333333333335,3.6666666666666665,30,4,4,2,10,0,Regular,1,475.43,East,Returning,0.992,458.76
10613,2025-07-26,2,74.34,37.17,5.5,159,1,1,1,3,1,At Risk,0,0.0,West,New,0.02,4.1
10614,2025-05-23,5,2137.57,427.514,5.0,223,1,3,5,9,1,At Risk,0,1081.93,West,Returning,0.2,1068.41
10615,2025-12-21,3,798.91,266.30333333333334,5.333333333333333,11,5,1,2,8,3,New/Occasional,0,528.34,South,New,0.316,533.68
10616,2025-08-17,3,1632.13,544.0433333333334,5.0,137,1,1,4,6,1,At Risk,1,898.7,West,Returning,0.836,883.02
10617,2025-12-24,6,1932.4099999999999,322.0683333333333,4.5,8,5,4,4,13,0,Regular,1,1193.39,West,New,0.996,1199.55
10618,2025-11-14,2,208.12,104.06,4.0,48,3,1,1,5,3,New/Occasional,1,156.68,South,New,0.92,161.78
10619,2025-11-06,3,1334.5100000000002,444.83666666666676,5.666666666666667,56,3,1,3,7,3,New/Occasional,1,755.94,North,New,0.988,775.84
10620,2025-12-31,8,1534.6899999999998,191.83624999999998,4.125,1,5,5,4,14,0,Regular,1,1002.75,North,New,0.96,977.09
10621,2025-12-12,5,1371.01,274.202,5.2,20,4,3,4,11,0,Regular,1,804.55,West,New,0.992,829.43
10622,2025-12-05,5,1566.98,313.396,7.4,27,4,3,4,11,0,Regular,1,973.03,South,New,0.896,983.58
10623,2025-09-14,5,2660.02,532.004,6.0,109,2,3,5,10,2,High Value,1,1467.69,West,New,0.916,1511.08
10624,2025-11-24,9,2211.6800000000003,245.74222222222227,3.6666666666666665,38,4,5,5,14,2,High Value,1,1329.25,South,New,0.992,1360.53
10625,2025-10-04,6,2099.87,349.9783333333333,4.0,89,2,4,5,11,0,Regular,1,1192.08,West,Returning,0.988,1213.37
10626,2025-12-30,4,1412.65,353.1625,4.0,2,5,2,4,11,0,Regular,1,887.14,South,Returning,0.992,870.78
10627,2025-10-12,6,1498.45,249.74166666666667,5.166666666666667,81,2,4,4,10,0,Regular,1,912.63,West,New,0.988,905.96
10628,2025-12-12,2,150.68,75.34,6.5,20,4,1,1,6,3,New/Occasional,1,124.42,North,New,0.932,123.08
10629,2025-12-03,7,979.9,139.9857142857143,4.571428571428571,29,4,5,3,12,0,Regular,1,706.23,East,New,0.976,654.21
10630,2025-10-17,9,1645.52,182.83555555555554,3.888888888888889,76,2,5,4,11,2,High Value,1,1080.79,West,New,0.936,985.95
10631,2025-11-16,6,1727.63,287.93833333333333,5.333333333333333,46,3,4,4,11,0,Regular,1,1036.76,West,New,1.0,1041.36
10632,2025-11-25,7,634.45,90.63571428571429,4.857142857142857,37,4,5,2,11,0,Regular,1,505.73,West,Returning,0.976,495.89
10633,2025-09-30,3,767.76,255.92,4.333333333333333,93,2,1,2,5,3,New/Occasional,1,399.21,North,Returning,0.98,415.91
10634,2025-11-27,7,1005.47,143.63857142857142,5.714285714285714,35,4,5,3,12,0,Regular,1,632.0,South,Returning,0.908,645.36
10635,2025-11-15,5,973.6300000000001,194.72600000000003,4.6,47,3,3,3,9,0,Regular,1,580.13,North,Returning,0.992,586.97
10636,2025-08-13,7,372.58,53.22571428571428,3.857142857142857,141,1,5,1,7,0,Regular,1,203.76,North,Returning,0.72,198.61
10637,2025-12-30,8,1218.76,152.345,4.0,2,5,5,3,13,0,Regular,1,827.2,East,New,0.804,831.04
10638,2025-11-12,5,1141.12,228.224,3.8,50,3,3,3,9,0,Regular,1,771.99,East,Returning,0.992,725.18
10639,2025-12-28,9,2890.09,321.12111111111113,4.444444444444445,4,5,5,5,15,2,High Value,1,1759.62,West,Returning,0.94,1749.02
10640,2025-05-10,2,587.8,293.9,3.0,236,1,1,2,4,1,At Risk,0,163.71,West,Returning,0.1,171.32
10641,2025-12-03,4,1622.45,405.6125,3.25,29,4,2,4,10,0,Regular,1,973.62,West,Returning,0.992,979.2
10642,2025-11-15,5,1129.75,225.95,4.8,47,3,3,3,9,0,Regular,1,652.84,West,Returning,0.98,678.79
10643,2025-11-05,14,3045.12,217.50857142857143,4.071428571428571,57,3,5,5,13,2,High Value,1,1910.62,North,Returning,0.984,1860.82
10644,2025-07-09,4,462.28,115.57,3.5,176,1,2,1,4,1,At Risk,0,220.84,North,Returning,0.088,210.32
10645,2025-10-29,5,1263.29,252.658,3.4,64,3,3,3,9,0,Regular,1,809.1,East,New,0.984,768.2
10646,2025-10-01,4,2246.82,561.705,4.75,92,2,2,5,9,0,Regular,1,1300.94,West,Returning,0.968,1282.08
10647,2025-11-10,6,596.74,99.45666666666666,4.333333333333333,52,3,4,2,9,0,Regular,1,432.12,North,New,1.0,401.23
10648,2025-12-11,4,747.28,186.82,5.75,21,4,2,2,8,3,New/Occasional,1,486.29,South,Returning,1.0,507.67
10649,2025-03-13,2,574.45,287.225,4.5,294,1,1,2,4,1,At Risk,0,111.55,East,Returning,0.052,117.87
10650,2025-12-15,4,871.35,217.8375,4.5,17,4,2,2,8,3,New/Occasional,1,580.21,North,New,0.988,576.94
10651,2025-11-06,9,3837.89,426.4322222222222,3.5555555555555554,56,3,5,5,13,2,High Value,1,2250.81,South,Returning,0.952,2237.72
10652,2025-12-06,2,921.0500000000001,460.52500000000003,3.5,26,4,1,3,8,3,New/Occasional,1,546.0,West,New,0.968,571.27
10653,2025-09-12,5,1318.18,263.636,3.8,111,2,3,3,8,0,Regular,1,712.39,East,Returning,0.968,723.87
10654,2025-12-14,6,1396.77,232.795,5.333333333333333,18,4,4,4,12,0,Regular,1,913.5,North,Returning,0.956,895.18
10655,2025-11-10,4,1283.07,320.7675,4.0,52,3,2,3,8,3,New/Occasional,1,771.31,West,Returning,1.0,765.76
10656,2025-12-13,6,987.98,164.66333333333333,3.5,19,4,4,3,11,0,Regular,1,637.82,South,Returning,1.0,647.36
10657,2025-10-22,7,615.02,87.86,5.571428571428571,71,2,5,2,9,0,Regular,1,482.48,West,New,0.84,448.54
10658,2025-12-03,7,1335.36,190.76571428571427,4.285714285714286,29,4,5,3,12,0,Regular,0,871.65,South,New,0.236,873.68
10659,2025-11-11,4,510.53,127.6325,4.5,51,3,2,2,7,3,New/Occasional,1,287.05,East,Returning,0.92,317.0
10660,2025-10-31,5,1700.48,340.096,4.4,62,3,3,4,10,0,Regular,1,1032.54,South,New,1.0,1009.34
10661,2025-12-12,11,1883.55,171.23181818181817,3.5454545454545454,20,4,5,4,13,2,High Value,1,1222.41,South,Returning,0.976,1211.22
10662,2025-11-08,6,3012.17,502.02833333333336,2.6666666666666665,54,3,4,5,12,2,High Value,1,1731.75,West,New,1.0,1732.84
10663,2025-11-01,2,674.6500000000001,337.32500000000005,5.5,61,3,1,2,6,3,New/Occasional,1,375.62,North,Returning,0.968,388.08
10664,2025-10-26,2,312.97,156.485,4.5,67,2,1,1,4,3,New/Occasional,0,208.05,North,Returning,0.532,190.62
10665,2025-12-13,5,2468.05,493.61,4.4,19,4,3,5,12,0,Regular,1,1458.31,South,Returning,0.988,1467.59
10666,2025-10-13,2,204.88,102.44,4.0,80,2,1,1,4,3,New/Occasional,0,128.33,East,New,0.252,131.41
10667,2025-04-13,2,58.48,29.24,4.5,263,1,1,1,3,1,At Risk,0,0.0,West,Returning,0.004,0.03
10668,2025-10-29,6,1586.93,264.48833333333334,4.666666666666667,64,3,4,4,11,0,Regular,1,914.59,West,Returning,0.988,936.97
10669,2025-06-06,1,1025.58,1025.58,3.0,209,1,1,3,5,1,At Risk,0,425.09,South,New,0.14,424.05
10670,2025-12-11,3,590.34,196.78,4.666666666666667,21,4,1,2,7,3,New/Occasional,1,364.41,South,Returning,0.964,398.8
10671,2025-12-18,7,1335.18,190.74,3.4285714285714284,14,5,5,3,13,0,Regular,1,870.6,North,Returning,0.512,882.91
10672,2025-11-09,7,2678.54,382.6485714285714,4.571428571428571,53,3,5,5,13,2,High Value,1,1607.6,East,New,0.996,1593.52
10673,2025-10-09,3,181.20999999999998,60.40333333333333,4.0,84,2,1,1,4,3,New/Occasional,0,79.95,West,Returning,0.172,77.37
10674,2025-12-28,11,3873.76,352.16,3.727272727272727,4,5,5,5,15,2,High Value,1,2329.23,East,New,0.908,2295.9
10676,2025-08-08,4,435.78,108.945,3.5,146,1,2,1,4,1,At Risk,0,214.12,South,Returning,0.04,213.89
10677,2025-10-31,3,188.62,62.873333333333335,4.333333333333333,62,3,1,1,5,3,New/Occasional,0,57.52,West,Returning,0.308,81.26
10678,2025-09-21,5,1245.79,249.158,4.0,102,2,3,3,8,0,Regular,1,748.65,South,Returning,0.984,730.68
10679,2025-12-03,6,2201.46,366.91,4.333333333333333,29,4,4,5,13,0,Regular,0,1327.26,North,New,0.364,1315.24
10680,2025-04-14,3,1694.52,564.84,5.0,262,1,1,4,6,1,At Risk,0,783.44,South,Returning,0.2,843.66
10681,2025-10-01,3,564.5,188.16666666666666,5.0,92,2,1,2,5,3,New/Occasional,1,292.8,North,Returning,0.92,316.93
10682,2025-08-08,8,2265.53,283.19125,4.75,146,1,5,5,11,2,High Value,1,1312.76,North,Returning,0.98,1320.17
10683,2025-12-26,10,2010.52,201.052,4.4,6,5,5,5,15,2,High Value,1,1304.74,North,Returning,0.984,1287.37
10684,2025-11-21,2,95.78999999999999,47.894999999999996,5.5,41,3,1,1,5,3,New/Occasional,1,124.7,South,New,0.772,102.93
10685,2025-11-18,6,951.96,158.66,4.833333333333333,44,3,4,3,10,0,Regular,1,562.1,East,Returning,1.0,593.78
10686,2025-12-29,5,652.59,130.518,4.0,3,5,3,2,10,3,New/Occasional,1,478.44,South,New,0.996,473.88
10687,2025-05-04,4,574.04,143.51,4.0,242,1,2,2,5,1,At Risk,0,201.41,South,Returning,0.056,191.83
10688,2025-07-24,3,276.24,92.08,4.333333333333333,161,1,1,1,3,1,At Risk,0,101.93,West,Returning,0.028,104.59
10689,2025-12-03,3,938.99,312.99666666666667,6.0,29,4,1,3,8,3,New/Occasional,1,623.47,West,New,0.996,586.64
10690,2025-10-21,2,610.0,305.0,3.0,72,2,1,2,5,3,New/Occasional,1,288.97,East,Returning,0.896,372.77
10691,2025-04-29,4,1074.34,268.585,3.25,247,1,2,3,6,1,At Risk,0,421.78,South,New,0.096,435.38
10692,2025-03-02,2,534.1800000000001,267.09000000000003,3.0,305,1,1,2,4,1,At Risk,0,72.94,West,Returning,0.024,88.37
10693,2025-10-07,6,1036.2,172.70000000000002,5.166666666666667,86,2,4,3,9,0,Regular,1,564.27,North,Returning,0.9,589.4
10694,2025-12-16,5,635.0899999999999,127.01799999999999,3.4,16,4,3,2,9,3,New/Occasional,1,535.63,South,New,0.98,492.47
10695,2025-11-16,5,1159.42,231.88400000000001,4.6,46,3,3,3,9,0,Regular,1,748.95,West,Returning,1.0,730.59
10696,2025-09-21,4,759.97,189.9925,3.25,102,2,2,2,6,3,New/Occasional,1,446.29,South,Returning,0.864,436.83
10697,2025-12-15,7,1439.28,205.61142857142858,4.571428571428571,17,4,5,4,13,0,Regular,1,959.71,West,New,0.996,936.03
10698,2025-12-13,5,1483.66,296.732,5.0,19,4,3,4,11,0,Regular,1,963.4,East,Returning,1.0,942.15
10699,2025-12-03,5,978.35,195.67000000000002,4.8,29,4,3,3,10,0,Regular,1,610.48,East,New,0.992,614.52
10700,2025-09-27,6,1228.12,204.68666666666664,3.6666666666666665,96,2,4,3,9,0,Regular,1,714.43,South,Returning,0.976,711.64
10701,2025-11-14,3,1217.81,405.93666666666667,4.666666666666667,48,3,1,3,7,3,New/Occasional,1,722.58,South,New,0.984,731.42
10702,2025-09-26,3,119.25,39.75,4.666666666666667,97,2,1,1,4,3,New/Occasional,0,44.64,South,Returning,0.144,51.29
10703,2025-04-26,2,135.51,67.755,5.5,250,1,1,1,3,1,At Risk,0,0.0,North,Returning,0.004,0.11
10704,2025-12-17,6,631.5999999999999,105.26666666666665,5.333333333333333,15,5,4,2,11,0,Regular,1,453.35,West,New,1.0,463.58
10705,2025-10-14,6,761.72,126.95333333333333,3.6666666666666665,79,2,4,2,8,0,Regular,1,499.21,South,New,0.948,490.81
10706,2025-05-20,2,476.52,238.26,3.5,226,1,1,1,3,1,At Risk,0,156.59,East,Returning,0.068,159.04
10707,2025-11-20,5,2079.8,415.96000000000004,3.0,42,3,3,5,11,0,Regular,1,1181.61,West,Returning,1.0,1205.43
10708,2025-12-28,7,1695.07,242.15285714285713,3.0,4,5,5,4,14,0,Regular,1,1078.05,West,Returning,0.964,1074.0
10709,2025-11-20,4,1141.13,285.2825,6.75,42,3,2,3,8,3,New/Occasional,1,689.93,South,New,0.996,687.6
10710,2025-12-18,7,1727.0500000000002,246.7214285714286,3.142857142857143,14,5,5,4,14,0,Regular,1,1044.6,South,New,0.94,1094.34
10711,2025-11-08,2,198.32,99.16,1.5,54,3,1,1,5,3,New/Occasional,1,142.19,West,Returning,0.92,153.77
10712,2025-09-23,3,204.79,68.26333333333334,5.666666666666667,100,2,1,1,4,3,New/Occasional,0,102.89,East,Returning,0.212,103.65
10713,2025-10-16,5,896.28,179.256,4.0,77,2,3,3,8,0,Regular,1,510.8,West,Returning,0.916,515.32
10714,2025-10-27,4,459.40999999999997,114.85249999999999,2.75,66,3,2,1,6,3,New/Occasional,0,278.39,West,Returning,0.848,278.83
10715,2025-11-19,6,703.55,117.25833333333333,5.166666666666667,43,3,4,2,9,0,Regular,1,504.99,West,Returning,0.92,474.04
10716,2025-12-09,4,446.51,111.6275,4.25,23,4,2,1,7,3,New/Occasional,1,361.11,North,New,0.964,345.88
10717,2025-12-26,7,2869.42,409.9171428571429,3.7142857142857144,6,5,5,5,15,2,High Value,1,1740.67,East,New,1.0,1710.25
10718,2025-09-12,5,640.33,128.066,5.6,111,2,3,2,7,3,New/Occasional,1,439.0,North,Returning,0.896,390.76
10719,2025-12-24,6,521.59,86.93166666666667,5.0,8,5,4,2,11,0,Regular,1,456.71,East,Returning,0.984,429.59
10721,2025-12-30,4,309.97,77.4925,5.25,2,5,2,1,8,3,New/Occasional,1,289.98,South,Returning,0.956,262.26
10722,2025-11-04,4,1372.6100000000001,343.15250000000003,4.0,58,3,2,4,9,0,Regular,1,780.14,South,Returning,0.972,790.04
10723,2025-05-28,2,167.87,83.935,5.0,218,1,1,1,3,1,At Risk,0,1.72,North,Returning,0.008,4.91
10724,2025-02-22,2,543.02,271.51,5.0,313,1,1,2,4,1,At Risk,0,56.06,West,New,0.008,86.66
10725,2025-06-10,1,43.4,43.4,1.0,205,1,1,1,3,1,At Risk,0,0.0,North,Returning,0.024,0.54
10726,2025-12-29,7,1641.01,234.43,4.285714285714286,3,5,5,4,14,0,Regular,1,970.31,North,New,0.996,997.95
10727,2025-11-15,3,986.25,328.75,4.666666666666667,47,3,1,3,7,3,New/Occasional,1,566.85,South,Returning,0.988,582.29
10728,2025-11-06,4,1452.3600000000001,363.09000000000003,4.75,56,3,2,4,9,0,Regular,1,801.48,North,New,0.984,819.3
10729,2025-06-28,3,457.69,152.56333333333333,6.333333333333333,187,1,1,1,3,1,At Risk,0,157.41,South,New,0.052,166.44
10730,2025-09-23,5,1571.58,314.316,4.4,100,2,3,4,9,0,Regular,1,840.5,South,Returning,0.976,866.86
10731,2025-07-07,2,138.20999999999998,69.10499999999999,4.5,178,1,1,1,3,1,At Risk,0,0.0,South,New,0.004,9.52
10732,2025-08-20,7,1624.39,232.0557142857143,4.857142857142857,134,1,5,4,10,0,Regular,1,945.16,North,Returning,0.884,938.02
10733,2025-09-24,3,908.11,302.7033333333333,5.666666666666667,99,2,1,3,6,3,New/Occasional,1,471.61,North,New,0.804,492.89
10734,2025-11-01,3,96.22999999999999,32.07666666666666,3.0,61,3,1,1,5,3,New/Occasional,1,70.83,South,Returning,0.908,70.33
10735,2025-12-02,4,856.56,214.14,5.75,30,4,2,2,8,3,New/Occasional,1,553.79,North,Returning,0.996,561.2
10736,2025-06-01,2,496.23,248.115,2.0,214,1,1,1,3,1,At Risk,0,144.68,East,Returning,0.116,159.1
10737,2025-12-08,13,1823.1000000000001,140.23846153846154,3.8461538461538463,24,4,5,4,13,2,High Value,1,1292.28,North,New,0.984,1241.43
10738,2025-12-17,3,501.0,167.0,7.0,15,5,1,2,8,3,New/Occasional,1,322.06,South,New,0.752,336.37
10739,2025-10-10,5,681.77,136.35399999999998,4.2,83,2,3,2,7,3,New/Occasional,1,439.08,South,Returning,0.896,425.76
10740,2025-12-23,4,1218.51,304.6275,4.0,9,5,2,3,10,3,New/Occasional,1,773.19,South,Returning,0.964,762.02
10741,2025-12-02,5,530.26,106.05199999999999,4.8,30,4,3,2,9,3,New/Occasional,1,329.04,North,New,0.972,388.43
10742,2025-11-18,5,1016.29,203.25799999999998,4.2,44,3,3,3,9,0,Regular,1,642.41,North,New,0.996,636.73
10743,2025-02-11,1,183.69,183.69,4.0,324,1,1,1,3,1,At Risk,0,0.0,West,Returning,0.028,0.95
10744,2025-04-30,4,1550.45,387.6125,2.5,246,1,2,4,7,1,At Risk,0,716.11,North,New,0.22,741.2
10745,2025-12-26,7,870.65,124.37857142857142,3.7142857142857144,6,5,5,2,12,0,Regular,1,691.56,South,Returning,0.996,672.64
10746,2025-12-31,6,445.59000000000003,74.265,3.8333333333333335,1,5,4,1,10,0,Regular,1,427.15,South,New,0.964,400.46
10747,2025-12-01,7,1033.84,147.69142857142856,3.857142857142857,31,4,5,3,12,0,Regular,1,670.02,South,New,0.98,682.76
10748,2025-09-10,4,433.38,108.345,4.75,113,2,2,1,5,3,New/Occasional,1,260.89,South,Returning,0.928,239.73
10749,2025-11-05,5,476.53000000000003,95.30600000000001,3.8,57,3,3,1,7,3,New/Occasional,1,356.83,West,Returning,0.952,338.88
10750,2025-11-11,6,825.25,137.54166666666666,3.8333333333333335,51,3,4,2,9,0,Regular,1,551.09,West,New,0.996,562.87
10751,2025-10-10,9,2872.02,319.11333333333334,4.222222222222222,83,2,5,5,12,2,High Value,1,1658.48,South,Returning,0.972,1683.18
10752,2025-09-20,3,143.60999999999999,47.87,6.0,103,2,1,1,4,3,New/Occasional,1,36.95,South,Returning,0.72,45.63
10753,2025-06-18,4,211.39999999999998,52.849999999999994,3.5,197,1,2,1,4,1,At Risk,0,59.45,South,Returning,0.096,57.26
10754,2025-08-30,5,1994.58,398.916,4.8,124,1,3,5,9,0,Regular,1,1123.16,South,Returning,0.988,1110.02
10755,2025-05-06,2,609.14,304.57,4.0,240,1,1,2,4,1,At Risk,0,175.04,East,Returning,0.072,177.15
10756,2025-10-03,6,2203.9700000000003,367.3283333333334,5.0,90,2,4,5,11,0,Regular,1,1315.24,North,Returning,0.964,1262.23
10757,2025-10-06,4,401.77,100.4425,3.75,87,2,2,1,5,3,New/Occasional,0,296.94,South,Returning,0.26,260.43
10758,2025-01-22,1,614.65,614.65,5.0,344,1,1,2,4,1,At Risk,0,128.31,West,Returning,0.088,126.0
10759,2025-11-29,5,1957.02,391.404,5.0,33,4,3,5,12,0,Regular,1,1218.67,North,New,1.0,1194.25
10760,2025-12-18,5,557.84,111.56800000000001,4.8,14,5,3,2,10,3,New/Occasional,1,413.66,South,Returning,0.98,412.13
10761,2025-08-06,6,1220.53,203.42166666666665,5.0,148,1,4,3,8,0,Regular,0,629.37,East,Returning,0.176,637.62
10762,2025-12-17,6,1490.05,248.34166666666667,3.6666666666666665,15,5,4,4,13,0,Regular,1,932.74,North,Returning,1.0,936.83
10763,2025-10-13,6,665.8,110.96666666666665,5.0,80,2,4,2,8,0,Regular,1,428.17,North,Returning,0.96,427.23
10764,2025-10-04,9,1541.4299999999998,171.26999999999998,4.888888888888889,89,2,5,4,11,2,High Value,1,937.65,North,New,0.96,935.13
10765,2025-05-14,3,544.34,181.4466666666667,5.333333333333333,232,1,1,2,4,1,At Risk,0,161.26,West,Returning,0.008,169.09
10766,2025-12-31,7,3616.84,516.6914285714286,4.571428571428571,1,5,5,5,15,2,High Value,1,2103.92,North,New,0.996,2141.63
10767,2025-12-30,5,2326.51,465.302,4.6,2,5,3,5,13,0,Regular,1,1422.79,North,Returning,0.988,1407.77
10768,2025-12-10,3,823.44,274.48,4.0,22,4,1,2,7,3,New/Occasional,1,574.08,North,Returning,0.98,556.25
10769,2025-06-23,9,1744.65,193.85000000000002,4.222222222222222,192,1,5,4,10,2,High Value,1,1062.13,North,Returning,0.768,1023.91
10770,2025-12-07,4,670.85,167.7125,6.25,25,4,2,2,8,3,New/Occasional,1,457.16,East,Returning,0.984,444.16
10771,2025-12-06,3,1851.69,617.23,4.333333333333333,26,4,1,4,9,0,Regular,1,1073.02,South,Returning,0.984,1088.55
10772,2025-12-06,5,655.74,131.148,4.4,26,4,3,2,9,3,New/Occasional,1,455.96,East,Returning,1.0,456.64
10773,2025-11-15,8,2285.8900000000003,285.73625000000004,4.0,47,3,5,5,13,2,High Value,1,1436.58,East,Returning,0.996,1414.88
10774,2025-10-19,2,754.2,377.1,6.5,74,2,1,2,5,3,New/Occasional,1,461.26,West,Returning,0.968,450.94
10775,2025-08-23,3,1433.46,477.82,4.666666666666667,131,1,1,4,6,1,At Risk,1,746.08,North,Returning,0.788,743.39
10776,2025-07-28,5,2005.1200000000001,401.024,4.8,157,1,3,5,9,0,Regular,1,1123.64,West,New,0.972,1094.5
10777,2025-12-19,2,1755.98,877.99,5.0,13,5,1,4,10,3,New/Occasional,1,1025.75,East,Returning,0.976,1030.02
10778,2025-12-07,10,2192.4700000000003,219.247,3.9,25,4,5,5,14,2,High Value,1,1367.62,North,New,0.992,1370.96
10779,2025-10-15,4,1718.6,429.65,4.5,78,2,2,4,8,0,Regular,1,971.62,West,Returning,0.896,975.6
10780,2025-11-29,5,3155.21,631.042,6.0,33,4,3,5,12,2,High Value,1,1885.27,West,Returning,0.996,1878.62
10781,2025-12-21,8,2461.41,307.67625,5.25,11,5,5,5,15,2,High Value,1,1543.13,South,Returning,0.984,1524.08
10782,2025-09-27,5,2459.9300000000003,491.98600000000005,4.4,96,2,3,5,10,0,Regular,1,1368.82,West,New,0.988,1394.2
10783,2025-12-05,6,2100.89,350.1483333333333,4.166666666666667,27,4,4,5,13,0,Regular,1,1302.0,South,New,0.972,1284.07
10784,2025-12-26,7,934.51,133.50142857142856,3.857142857142857,6,5,5,3,13,0,Regular,1,689.57,East,Returning,0.98,679.09
10785,2025-08-08,2,177.46,88.73,3.0,146,1,1,1,3,1,At Risk,0,21.35,West,New,0.012,32.25
10786,2025-11-01,7,1170.01,167.1442857142857,4.571428571428571,61,3,5,3,11,0,Regular,1,718.47,South,New,0.944,725.58
10787,2025-10-13,5,982.1800000000001,196.436,4.0,80,2,3,3,8,0,Regular,1,549.3,West,Returning,0.992,564.97
10788,2025-12-30,6,2263.95,377.325,5.5,2,5,4,5,14,2,High Value,1,1323.82,South,Returning,0.984,1332.85
10789,2025-09-09,2,84.27000000000001,42.135000000000005,8.0,114,2,1,1,4,3,New/Occasional,0,0.0,West,New,0.104,15.65
10790,2025-11-01,7,1297.5,185.35714285714286,5.285714285714286,61,3,5,3,11,0,Regular,1,808.51,East,New,0.868,812.78
10791,2025-10-04,6,2393.0,398.8333333333333,4.5,89,2,4,5,11,2,High Value,1,1418.16,North,Returning,0.988,1413.68
10792,2025-12-07,4,1067.01,266.7525,2.75,25,4,2,3,9,3,New/Occasional,1,695.21,South,Returning,0.992,688.85
10793,2025-12-17,7,485.34000000000003,69.33428571428571,4.428571428571429,15,5,5,1,11,0,Regular,1,416.31,South,Returning,0.98,398.1
10794,2025-11-09,7,1467.81,209.68714285714285,4.714285714285714,53,3,5,4,12,0,Regular,1,850.01,North,New,1.0,892.6
10795,2025-09-12,4,1795.96,448.99,4.0,111,2,2,4,8,0,Regular,1,1000.21,North,New,0.896,1008.0
10796,2025-11-13,5,597.33,119.46600000000001,4.8,49,3,3,2,8,3,New/Occasional,1,346.84,South,New,0.956,376.38
10797,2025-11-07,4,984.79,246.1975,6.75,55,3,2,3,8,3,New/Occasional,1,624.7,North,Returning,0.992,606.85
10798,2025-12-27,9,2201.34,244.59333333333336,3.3333333333333335,5,5,5,5,15,2,High Value,1,1429.79,North,New,0.972,1379.78
10799,2025-12-08,5,984.91,196.982,2.8,24,4,3,3,10,0,Regular,1,641.88,West,New,0.972,632.2
10800,2025-07-24,5,793.38,158.676,3.6,161,1,3,2,6,1,At Risk,0,440.05,East,Returning,0.056,420.79
10801,2025-12-17,4,979.8,244.95,3.75,15,5,2,3,10,3,New/Occasional,1,662.89,West,Returning,0.972,635.64
10802,2025-12-04,7,2381.62,340.2314285714286,4.285714285714286,28,4,5,5,14,2,High Value,1,1444.53,South,Returning,0.992,1442.11
10803,2025-11-02,2,297.77,148.885,6.0,60,3,1,1,5,3,New/Occasional,1,170.7,West,Returning,0.948,187.81
10804,2025-10-17,5,574.3100000000001,114.86200000000001,4.0,76,2,3,2,7,3,New/Occasional,1,320.96,East,Returning,0.944,348.82
10805,2025-11-16,6,1617.8899999999999,269.6483333333333,4.5,46,3,4,4,11,0,Regular,1,974.01,North,Returning,1.0,969.88
10806,2025-11-30,4,706.4,176.6,4.5,32,4,2,2,8,3,New/Occasional,1,426.84,North,New,0.972,441.73
10807,2025-03-07,1,525.02,525.02,1.0,300,1,1,2,4,1,At Risk,1,31.53,East,Returning,0.704,102.77
10808,2025-09-02,1,289.3,289.3,1.0,121,1,1,1,3,3,New/Occasional,0,72.56,North,Returning,0.172,84.34
10809,2025-08-09,3,297.12,99.04,3.0,145,1,1,1,3,1,At Risk,0,48.26,South,Returning,0.028,108.98
10810,2025-10-02,4,1751.96,437.99,4.0,91,2,2,4,8,0,Regular,1,1017.96,West,Returning,0.992,1000.83
10811,2025-12-01,7,2123.17,303.31,5.0,31,4,5,5,14,2,High Value,1,1303.51,North,Returning,0.98,1311.35
10812,2025-10-13,4,526.46,131.615,4.25,80,2,2,2,6,3,New/Occasional,1,360.18,North,New,0.964,335.3
10813,2025-10-28,5,1554.51,310.902,3.4,65,3,3,4,10,0,Regular,1,944.55,West,Returning,0.996,929.01
10814,2025-10-29,3,278.51,92.83666666666666,6.666666666666667,64,3,1,1,5,3,New/Occasional,1,197.04,East,New,0.844,199.44
10815,2025-12-16,3,1671.52,557.1733333333333,3.3333333333333335,16,4,1,4,9,3,New/Occasional,1,1016.73,North,Returning,0.944,1007.61
10816,2025-11-22,5,1827.23,365.446,4.0,40,3,3,4,10,0,Regular,1,1094.25,West,New,0.996,1094.87
10817,2025-12-07,4,1438.26,359.565,4.25,25,4,2,4,10,0,Regular,1,916.22,West,New,0.992,845.72
10818,2025-11-25,7,910.12,130.01714285714286,4.0,37,4,5,3,12,0,Regular,1,605.42,South,Returning,0.984,625.14
10819,2025-12-17,4,359.78999999999996,89.94749999999999,4.0,15,5,2,1,8,3,New/Occasional,1,285.68,East,Returning,0.996,278.43
10820,2025-12-17,4,1853.1599999999999,463.28999999999996,5.0,15,5,2,4,11,0,Regular,1,1097.97,South,Returning,0.972,1102.0
10821,2025-12-26,8,1280.52,160.065,4.125,6,5,5,3,13,0,Regular,0,943.48,North,New,0.292,912.22
10822,2025-12-15,5,873.98,174.796,3.2,17,4,3,2,9,0,Regular,1,563.27,East,New,0.976,582.89
10823,2025-03-21,5,1892.0500000000002,378.41,2.2,286,1,3,4,8,1,At Risk,1,948.3,South,Returning,0.804,982.01
10824,2025-10-31,7,1359.1299999999999,194.16142857142856,3.2857142857142856,62,3,5,4,12,0,Regular,1,800.0,East,New,0.988,817.91
10825,2025-12-02,7,2011.71,287.38714285714286,5.428571428571429,30,4,5,5,14,2,High Value,1,1238.95,West,New,0.976,1223.8
10826,2025-12-08,5,1900.8600000000001,380.172,3.6,24,4,3,4,11,0,Regular,1,1137.52,North,Returning,0.996,1140.39
10827,2025-11-17,6,2776.6000000000004,462.7666666666667,4.5,45,3,4,5,12,2,High Value,1,1588.9,East,New,0.988,1636.57
10828,2025-11-29,4,1565.25,391.3125,3.5,33,4,2,4,10,0,Regular,1,909.93,North,New,0.992,930.03
10829,2025-08-28,3,1630.5,543.5,5.0,126,1,1,4,6,1,At Risk,1,884.98,West,Returning,0.864,883.53
10830,2025-11-07,10,1347.5,134.75,4.3,55,3,5,4,12,2,High Value,1,889.85,South,Returning,0.996,879.39
10831,2025-12-23,6,1562.4599999999998,260.40999999999997,3.5,9,5,4,4,13,0,Regular,1,955.47,East,Returning,0.996,975.08
10832,2025-06-16,3,314.35,104.78333333333335,4.666666666666667,199,1,1,1,3,1,At Risk,0,109.21,East,Returning,0.004,106.36
10833,2025-09-25,4,413.82,103.455,3.0,98,2,2,1,5,3,New/Occasional,0,240.66,South,Returning,0.204,239.54
10834,2025-11-09,10,4464.88,446.488,3.9,53,3,5,5,13,2,High Value,1,2629.58,East,New,0.948,2632.56
10835,2025-08-12,6,653.46,108.91000000000001,6.666666666666667,142,1,4,2,7,1,At Risk,1,407.86,West,Returning,0.84,380.33
10836,2025-12-03,7,3509.15,501.3071428571429,3.857142857142857,29,4,5,5,14,2,High Value,1,2114.04,East,Returning,0.976,2105.43
10837,2025-07-30,3,1439.57,479.8566666666666,5.333333333333333,155,1,1,4,6,1,At Risk,0,656.25,West,Returning,0.56,699.5
10838,2025-07-31,3,566.89,188.96333333333334,4.666666666666667,154,1,1,2,4,1,At Risk,0,253.43,West,Returning,0.008,241.23
10839,2025-11-10,4,1064.0,266.0,3.75,52,3,2,3,8,3,New/Occasional,1,581.71,South,Returning,0.996,625.44
10840,2025-11-04,2,411.91999999999996,205.95999999999998,4.5,58,3,1,1,5,3,New/Occasional,1,335.77,South,New,0.916,301.19
10841,2025-12-10,7,2140.56,305.7942857142857,4.142857142857143,22,4,5,5,14,2,High Value,1,1318.78,North,New,0.984,1320.95
10842,2025-10-12,7,1841.0,263.0,3.857142857142857,81,2,5,4,11,0,Regular,1,1129.71,West,New,0.992,1113.84
10843,2025-12-28,1,40.18,40.18,7.0,4,5,1,1,7,3,New/Occasional,1,44.55,South,Returning,0.564,48.27
10844,2025-12-16,5,1104.43,220.88600000000002,5.6,16,4,3,3,10,0,Regular,1,700.6,South,New,0.584,696.75
10845,2025-06-28,3,1248.65,416.2166666666667,4.333333333333333,187,1,1,3,5,1,At Risk,0,640.94,North,Returning,0.044,637.11
10846,2025-12-08,3,2346.52,782.1733333333333,6.666666666666667,24,4,1,5,10,0,Regular,1,1371.01,West,New,0.988,1377.77
10847,2025-07-31,5,439.85,87.97,4.0,154,1,3,1,5,1,At Risk,0,282.04,South,Returning,0.036,217.54
10848,2025-12-30,8,2811.2799999999997,351.40999999999997,4.5,2,5,5,5,15,2,High Value,1,1689.2,East,Returning,1.0,1689.19
10849,2025-11-11,8,607.41,75.92625,4.75,51,3,5,2,10,0,Regular,1,454.54,North,New,0.996,441.34
10850,2025-12-29,6,2118.86,353.1433333333334,3.1666666666666665,3,5,4,5,14,0,Regular,1,1318.63,West,New,0.932,1305.93
10851,2025-09-08,2,880.8599999999999,440.42999999999995,4.0,115,2,1,2,5,3,New/Occasional,1,470.27,North,New,0.476,469.59
10852,2025-10-17,7,985.13,140.73285714285714,4.857142857142857,76,2,5,3,10,0,Regular,1,644.1,North,Returning,0.812,630.79
10853,2025-12-28,7,2715.8,387.9714285714286,6.571428571428571,4,5,5,5,15,2,High Value,1,1599.78,West,New,0.996,1598.94
10854,2025-10-28,4,198.60999999999999,49.652499999999996,4.25,65,3,2,1,6,3,New/Occasional,0,119.74,West,Returning,0.324,145.09
10855,2025-07-11,7,2457.5,351.07142857142856,3.7142857142857144,174,1,5,5,11,2,High Value,1,1362.98,North,Returning,0.844,1369.34
10856,2025-07-01,3,1009.41,336.46999999999997,4.0,184,1,1,3,5,1,At Risk,0,419.56,South,Returning,0.016,435.33
10857,2025-12-04,6,1751.65,291.94166666666666,3.6666666666666665,28,4,4,4,12,0,Regular,1,1045.2,West,Returning,1.0,1047.97
10858,2025-12-17,5,2911.55,582.3100000000001,6.4,15,5,3,5,13,2,High Value,1,1709.16,West,Returning,0.996,1719.91
10859,2025-10-03,7,1361.66,194.52285714285716,3.5714285714285716,90,2,5,4,11,0,Regular,1,796.75,South,Returning,0.948,801.63
10860,2025-12-17,8,3556.3100000000004,444.53875000000005,4.0,15,5,5,5,15,2,High Value,1,2124.5,South,New,0.984,2130.18
10861,2025-12-19,6,2473.45,412.2416666666666,4.5,13,5,4,5,14,2,High Value,1,1483.56,West,Returning,0.996,1480.4
10862,2025-08-09,5,841.35,168.27,4.0,145,1,3,2,6,1,At Risk,0,424.66,West,New,0.072,437.74
10863,2025-08-28,2,390.82,195.41,3.5,126,1,1,1,3,1,At Risk,0,140.79,West,Returning,0.016,159.68
10864,2025-10-25,3,1014.29,338.09666666666664,5.333333333333333,68,2,1,3,6,3,New/Occasional,1,625.39,East,Returning,0.98,607.41
10865,2025-10-28,5,882.0899999999999,176.41799999999998,5.4,65,3,3,2,8,0,Regular,1,560.09,North,Returning,0.9,553.82
10866,2025-12-21,11,3955.34,359.5763636363636,4.636363636363637,11,5,5,5,15,2,High Value,1,2402.19,West,Returning,0.892,2385.17
10867,2025-09-16,5,1837.87,367.57399999999996,4.6,107,2,3,4,9,0,Regular,1,1036.45,West,New,0.972,1049.11
10868,2025-12-29,7,2711.96,387.42285714285714,3.857142857142857,3,5,5,5,15,2,High Value,1,1613.12,West,Returning,1.0,1609.77
10869,2025-08-11,4,1027.81,256.9525,6.0,143,1,2,3,6,1,At Risk,0,518.84,North,Returning,0.096,533.07
10870,2025-11-07,4,859.17,214.7925,5.25,55,3,2,2,7,3,New/Occasional,1,441.02,North,Returning,0.976,495.47
10871,2025-09-04,3,1615.19,538.3966666666666,5.333333333333333,119,1,1,4,6,3,New/Occasional,0,842.98,West,Returning,0.32,862.01
10872,2025-08-28,5,1883.93,376.786,4.0,126,1,3,4,8,0,Regular,1,1021.07,North,New,0.944,1043.45
10873,2025-08-21,2,544.96,272.48,6.5,133,1,1,2,4,1,At Risk,0,265.23,West,New,0.052,255.59
10874,2025-08-31,4,378.40999999999997,94.60249999999999,6.25,123,1,2,1,4,3,New/Occasional,0,178.32,South,New,0.064,176.71
10875,2025-12-02,6,1802.21,300.36833333333334,3.5,30,4,4,4,12,0,Regular,1,1129.72,East,Returning,0.988,1115.55
10876,2025-11-28,8,2369.99,296.24875,4.625,34,4,5,5,14,2,High Value,1,1437.8,West,New,1.0,1452.26
10877,2025-09-05,7,1500.82,214.40285714285713,4.571428571428571,118,2,5,4,11,0,Regular,1,880.45,South,Returning,1.0,878.91
10878,2025-12-06,4,670.15,167.5375,5.75,26,4,2,2,8,3,New/Occasional,1,446.09,South,Returning,0.992,441.14
10879,2025-10-20,6,3049.5099999999998,508.2516666666666,4.5,73,2,4,5,11,2,High Value,1,1774.02,East,New,0.932,1782.77
10880,2025-12-06,4,537.9,134.475,4.75,26,4,2,2,8,3,New/Occasional,1,416.66,East,Returning,0.992,403.24
10881,2025-11-13,4,1567.54,391.885,6.0,49,3,2,4,9,0,Regular,1,885.5,South,Returning,0.972,910.23
10882,2025-08-01,2,348.48,174.24,5.0,153,1,1,1,3,1,At Risk,0,181.54,East,New,0.02,149.18
10883,2025-10-27,5,1125.77,225.154,5.0,66,3,3,3,9,0,Regular,1,649.79,West,New,0.936,661.96
10884,2025-10-18,5,2828.78,565.7560000000001,4.4,75,2,3,5,10,2,High Value,0,1601.88,South,New,0.968,1620.79
10885,2025-11-15,2,156.76999999999998,78.38499999999999,3.0,47,3,1,1,5,3,New/Occasional,1,91.41,North,New,0.944,111.47
10886,2025-12-22,3,268.22,89.40666666666668,4.333333333333333,10,5,1,1,7,3,New/Occasional,1,275.29,South,Returning,0.988,240.2
10887,2025-10-28,5,600.98,120.196,2.8,65,3,3,2,8,3,New/Occasional,0,354.91,South,Returning,0.92,374.6
10888,2025-12-13,6,593.3100000000001,98.885,5.666666666666667,19,4,4,2,10,0,Regular,1,472.33,North,New,0.98,450.62
10889,2025-11-09,8,2717.6800000000003,339.71000000000004,4.75,53,3,5,5,13,2,High Value,1,1543.73,North,Returning,0.98,1567.01
10890,2025-12-29,3,764.4200000000001,254.8066666666667,4.0,3,5,1,2,8,3,New/Occasional,1,530.22,East,New,0.808,528.91
10891,2025-08-18,3,1733.62,577.8733333333333,4.0,136,1,2,4,7,1,At Risk,0,908.4,South,Returning,0.632,926.74
10892,2025-08-19,2,1169.4799999999998,584.7399999999999,5.5,135,1,1,3,5,1,At Risk,1,574.61,West,Returning,0.74,585.37
10893,2025-12-17,7,1229.97,175.71,3.857142857142857,15,5,5,3,13,0,Regular,1,794.77,South,Returning,0.74,826.4
10894,2025-09-14,4,435.28,108.82,4.75,109,2,2,1,5,3,New/Occasional,1,240.97,North,New,0.9,238.83
10895,2025-11-05,2,1404.07,702.035,4.5,57,3,1,4,8,3,New/Occasional,1,774.51,West,Returning,0.932,788.8
10896,2025-10-12,5,1653.72,330.744,5.0,81,2,3,4,9,0,Regular,1,904.46,West,Returning,1.0,917.98
10897,2025-09-23,4,1950.21,487.5525,5.5,100,2,2,4,8,0,Regular,1,1057.15,South,New,0.832,1069.22
10898,2025-10-25,4,228.25,57.0625,4.25,68,2,2,1,5,3,New/Occasional,1,194.28,North,New,0.92,177.22
10899,2025-12-11,6,771.31,128.55166666666665,6.666666666666667,21,4,4,2,10,0,Regular,0,529.23,North,New,0.924,543.95
10900,2025-12-19,6,1804.68,300.78000000000003,5.0,13,5,4,4,13,0,Regular,1,1091.2,South,Returning,0.944,1110.61
10901,2025-12-12,5,203.05,40.61,4.4,20,4,3,1,8,3,New/Occasional,1,215.31,South,Returning,0.916,210.4
10902,2025-12-29,5,686.83,137.366,4.2,3,5,3,2,10,3,New/Occasional,1,512.16,South,Returning,0.992,486.24
10903,2025-12-22,2,868.75,434.375,5.0,10,5,1,2,8,3,New/Occasional,1,557.57,North,Returning,0.956,571.6
10904,2025-08-17,4,587.22,146.805,4.5,137,1,2,2,5,1,At Risk,1,313.5,South,Returning,0.764,291.18
10905,2025-10-30,8,2466.79,308.34875,3.125,63,3,5,5,13,2,High Value,1,1516.35,West,Returning,0.968,1499.37
10906,2025-11-12,6,1066.93,177.8216666666667,3.3333333333333335,50,3,4,3,10,0,Regular,1,681.53,East,New,0.984,678.93
10907,2025-12-06,4,386.23,96.5575,3.25,26,4,2,1,7,3,New/Occasional,1,282.76,South,Returning,1.0,288.17
10908,2025-11-10,9,3138.12,348.68,4.333333333333333,52,3,5,5,13,2,High Value,1,1901.74,North,New,0.98,1889.09
10909,2025-10-20,3,1157.58,385.85999999999996,4.0,73,2,2,3,7,3,New/Occasional,1,630.17,South,New,0.972,660.68
10910,2025-12-20,6,4778.97,796.495,5.0,12,5,4,5,14,2,High Value,1,2741.49,South,Returning,0.976,2640.73
10911,2025-10-03,6,1082.77,180.46166666666667,5.166666666666667,90,2,4,3,9,0,Regular,1,596.77,West,Returning,0.912,619.15
10912,2025-12-20,9,1626.7,180.74444444444444,6.111111111111111,12,5,5,4,14,2,High Value,1,1139.37,West,Returning,0.988,1033.17
10913,2025-11-08,10,1626.33,162.63299999999998,4.4,54,3,5,4,12,2,High Value,1,1128.87,West,Returning,0.996,1075.54
10914,2025-12-31,6,2601.94,433.6566666666667,4.833333333333333,1,5,4,5,14,2,High Value,1,1562.04,West,Returning,0.932,1556.12
10915,2025-10-19,4,1186.58,296.645,5.25,74,2,2,3,7,3,New/Occasional,1,714.74,West,Returning,0.992,699.1
10916,2025-12-24,5,686.66,137.332,4.8,8,5,3,2,10,3,New/Occasional,1,514.95,West,New,0.996,481.86
10917,2025-12-14,8,2449.26,306.1575,4.5,18,4,5,5,14,2,High Value,1,1511.52,North,New,0.996,1501.79
10918,2025-11-03,1,17.44,17.44,3.0,59,3,1,1,5,3,New/Occasional,1,47.03,North,Returning,0.788,41.97
10919,2025-12-20,6,2795.2,465.8666666666666,2.1666666666666665,12,5,4,5,14,2,High Value,1,1620.29,South,New,0.752,1649.4
10920,2025-08-17,5,488.04999999999995,97.60999999999999,4.0,137,1,3,1,5,1,At Risk,1,258.66,East,Returning,0.74,247.39
10921,2025-11-24,3,329.35,109.78333333333335,4.0,38,4,2,1,7,3,New/Occasional,1,157.9,North,New,0.984,185.7
10922,2025-12-16,3,411.1,137.03333333333333,4.0,16,4,2,1,7,3,New/Occasional,1,260.32,West,New,0.988,281.47
10923,2025-10-08,3,441.21,147.07,4.0,85,2,2,1,5,3,New/Occasional,0,193.27,East,Returning,0.88,213.09
10924,2025-01-30,1,12.8,12.8,8.0,336,1,1,1,3,1,At Risk,0,0.0,East,New,0.072,0.25
10925,2025-09-12,7,1466.28,209.46857142857144,4.428571428571429,111,2,5,4,11,0,Regular,1,845.21,North,Returning,1.0,853.26
10926,2025-10-29,3,1532.97,510.99,4.666666666666667,64,3,2,4,9,3,New/Occasional,1,882.3,South,Returning,0.98,883.33
10927,2025-11-14,4,277.66999999999996,69.41749999999999,4.75,48,3,2,1,6,3,New/Occasional,1,188.23,North,New,0.972,198.26
10928,2025-11-18,7,2723.25,389.0357142857143,3.5714285714285716,44,3,5,5,13,2,High Value,1,1595.11,West,Returning,0.996,1592.57
10929,2025-11-23,6,1069.59,178.265,5.0,39,3,4,3,10,0,Regular,1,665.46,East,Returning,0.988,679.05
10930,2025-03-29,3,265.51,88.50333333333333,3.6666666666666665,278,1,2,1,4,1,At Risk,0,0.0,West,Returning,0.004,12.33
10931,2025-12-06,7,1045.16,149.30857142857144,4.714285714285714,26,4,5,3,12,0,Regular,1,686.28,South,Returning,0.956,712.2
10932,2025-12-13,4,1947.4099999999999,486.85249999999996,3.5,19,4,2,4,10,0,Regular,1,1120.75,South,Returning,1.0,1151.84
10933,2025-10-12,8,1249.4,156.175,3.75,81,2,5,3,10,0,Regular,1,820.9,South,Returning,0.764,798.53
10934,2025-07-10,2,202.92000000000002,101.46000000000001,4.5,175,1,1,1,3,1,At Risk,0,0.0,West,New,0.008,49.38
10935,2025-11-05,4,418.5,104.625,3.5,57,3,2,1,6,3,New/Occasional,1,236.36,West,Returning,0.992,269.99
10936,2025-10-02,9,1050.17,116.68555555555557,5.333333333333333,91,2,5,3,10,0,Regular,1,713.59,North,Returning,0.896,680.46
10937,2025-11-03,4,489.88000000000005,122.47000000000001,3.75,59,3,2,1,6,3,New/Occasional,1,259.4,West,Returning,0.968,289.27
10938,2025-08-25,4,1467.53,366.8825,4.0,129,1,2,4,7,1,At Risk,1,836.07,North,Returning,0.608,816.96
10939,2025-12-11,7,2518.83,359.8328571428571,4.714285714285714,21,4,5,5,14,2,High Value,1,1486.55,West,Returning,0.992,1494.68
10940,2025-11-12,6,716.81,119.46833333333332,4.833333333333333,50,3,4,2,9,0,Regular,1,490.05,North,Returning,0.924,475.94
10941,2025-05-22,2,166.63,83.315,2.5,224,1,1,1,3,1,At Risk,0,0.0,South,Returning,0.016,3.07
10942,2025-08-16,2,421.0,210.5,5.5,138,1,1,1,3,1,At Risk,0,173.8,West,New,0.032,187.77
10943,2025-05-10,1,43.93,43.93,6.0,236,1,1,1,3,1,At Risk,0,0.0,North,New,0.008,1.04
10944,2025-12-19,5,2078.0099999999998,415.602,2.8,13,5,3,5,13,0,Regular,1,1216.82,South,Returning,0.948,1219.42
10945,2025-12-26,3,469.56,156.52,4.333333333333333,6,5,2,1,8,3,New/Occasional,1,280.73,South,Returning,0.972,305.93
10946,2025-08-17,4,280.03999999999996,70.00999999999999,4.5,137,1,2,1,4,1,At Risk,0,113.8,South,Returning,0.052,114.79
10947,2025-05-29,2,70.81,35.405,4.0,217,1,1,1,3,1,At Risk,0,0.0,East,New,0.004,0.78
10948,2025-08-31,2,713.31,356.655,5.5,123,1,1,2,4,1,At Risk,1,371.22,West,Returning,0.672,335.62
10949,2025-11-23,4,1381.99,345.4975,5.25,39,3,2,4,9,0,Regular,1,801.84,West,Returning,0.996,814.42
10950,2025-04-20,2,136.93,68.465,4.5,256,1,1,1,3,1,At Risk,0,0.0,South,Returning,0.008,0.03
10951,2025-11-24,3,360.64,120.21333333333332,3.3333333333333335,38,4,2,1,7,3,New/Occasional,1,242.05,South,Returning,0.996,236.09
10952,2025-12-21,6,2996.1,499.34999999999997,4.333333333333333,11,5,4,5,14,2,High Value,1,1776.0,South,Returning,0.948,1734.29
10953,2025-12-25,11,2705.94,245.99454545454546,4.090909090909091,7,5,5,5,15,2,High Value,1,1709.85,South,Returning,0.88,1607.49
10954,2025-12-31,6,818.54,136.42333333333332,4.833333333333333,1,5,4,2,11,0,Regular,1,572.11,North,Returning,0.988,582.42
10955,2025-12-05,8,2007.48,250.935,4.125,27,4,5,5,14,2,High Value,1,1241.02,West,Returning,0.992,1227.03
10956,2025-09-27,8,1973.54,246.6925,3.625,96,2,5,5,12,2,High Value,1,1162.99,West,Returning,0.976,1158.88
10957,2025-10-07,7,1887.8600000000001,269.69428571428574,3.4285714285714284,86,2,5,4,11,0,Regular,1,1032.39,West,Returning,1.0,1106.36
10958,2025-08-27,4,371.98,92.995,4.25,127,1,2,1,4,3,New/Occasional,0,178.09,South,New,0.048,175.53
10959,2025-10-31,5,1911.1,382.21999999999997,4.4,62,3,3,4,10,0,Regular,1,1142.68,South,New,0.988,1143.89
10960,2025-11-16,4,1978.9,494.725,3.75,46,3,2,5,10,0,Regular,1,1197.76,South,Returning,0.996,1174.14
10961,2025-12-30,4,123.30000000000001,30.825000000000003,3.75,2,5,2,1,8,3,New/Occasional,1,209.19,South,Returning,0.948,132.67
10962,2025-02-15,1,362.94,362.94,4.0,320,1,1,1,3,1,At Risk,0,0.0,South,Returning,0.016,11.37
10963,2025-12-25,4,1074.43,268.6075,4.75,7,5,2,3,10,3,New/Occasional,1,645.03,North,New,0.972,676.65
10964,2025-11-06,5,1439.0099999999998,287.80199999999996,5.8,56,3,3,4,10,0,Regular,1,841.89,North,Returning,0.968,859.6
10965,2025-06-12,6,1141.77,190.295,4.333333333333333,203,1,4,3,8,1,At Risk,0,556.61,West,New,0.076,541.82
10966,2025-05-27,2,2146.3,1073.15,3.5,219,1,1,5,7,1,At Risk,1,1000.05,South,Returning,0.768,1046.73
10967,2025-12-27,2,139.76,69.88,5.5,5,5,1,1,7,3,New/Occasional,1,105.4,West,Returning,0.976,116.96
10968,2025-08-29,5,1004.6800000000001,200.936,4.0,125,1,3,3,7,0,Regular,1,534.56,North,Returning,0.192,534.62
10969,2025-07-28,5,634.33,126.86600000000001,4.2,157,1,3,2,6,1,At Risk,1,278.76,East,Returning,0.744,309.52
10970,2025-12-18,2,131.98000000000002,65.99000000000001,4.5,14,5,1,1,7,3,New/Occasional,1,158.64,North,New,0.98,137.23
10971,2025-09-27,3,1733.63,577.8766666666667,5.333333333333333,96,2,2,4,8,3,New/Occasional,1,972.41,South,Returning,0.964,968.5
10972,2025-11-20,3,510.36,170.12,4.0,42,3,2,2,7,3,New/Occasional,1,325.18,North,Returning,0.98,331.01
10973,2025-12-26,11,1787.43,162.49363636363637,5.090909090909091,6,5,5,4,14,2,High Value,1,1219.05,North,Returning,0.972,1197.53
10974,2025-09-17,4,463.76,115.94,5.5,106,2,2,1,5,3,New/Occasional,1,272.37,West,Returning,0.892,239.33
10975,2025-08-11,5,376.55,75.31,4.2,143,1,3,1,5,1,At Risk,0,172.73,South,Returning,0.052,181.61
10976,2025-12-28,7,1770.99,252.99857142857144,5.142857142857143,4,5,5,4,14,0,Regular,1,1189.41,East,New,1.0,1160.08
10977,2025-07-01,2,1542.15,771.075,5.0,184,1,1,4,6,1,At Risk,0,721.68,South,New,0.712,785.74
10978,2025-12-25,9,2648.6,294.2888888888889,3.7777777777777777,7,5,5,5,15,2,High Value,1,1584.05,South,New,0.884,1592.48
10979,2025-12-23,3,408.58,136.19333333333333,3.3333333333333335,9,5,2,1,8,3,New/Occasional,1,306.26,South,Returning,0.992,299.67
10980,2025-12-28,5,779.4300000000001,155.88600000000002,3.0,4,5,3,2,10,0,Regular,1,564.84,North,Returning,0.992,555.77
10981,2025-12-31,4,1501.25,375.3125,4.25,1,5,2,4,11,0,Regular,1,916.22,West,Returning,0.976,916.76
10982,2025-10-27,3,1235.86,411.9533333333333,4.0,66,3,2,3,8,3,New/Occasional,1,747.89,West,New,0.992,740.13
10983,2025-08-16,4,1310.85,327.7125,5.75,138,1,2,3,6,1,At Risk,0,705.09,West,New,0.188,707.8
10984,2025-11-20,8,1924.46,240.5575,4.875,42,3,5,4,12,2,High Value,1,1165.93,South,New,1.0,1182.88
10985,2025-12-21,7,1770.04,252.86285714285714,4.571428571428571,11,5,5,4,14,0,Regular,1,1098.84,North,Returning,1.0,1106.97
10986,2025-12-23,6,1137.66,189.61,6.333333333333333,9,5,4,3,12,0,Regular,1,760.82,West,Returning,0.828,745.07
10987,2025-04-22,2,134.78,67.39,3.0,254,1,1,1,3,1,At Risk,0,0.0,South,Returning,0.032,0.0
10988,2025-12-19,3,2355.0,785.0,5.0,13,5,2,5,12,0,Regular,1,1410.02,North,Returning,0.948,1413.27
10989,2025-12-21,10,3533.49,353.349,4.9,11,5,5,5,15,2,High Value,1,2172.74,South,New,0.98,2153.33
10990,2025-12-29,3,421.76,140.58666666666667,4.333333333333333,3,5,2,1,8,3,New/Occasional,1,258.4,West,Returning,0.992,280.32
10991,2025-04-04,4,981.85,245.4625,5.25,272,1,2,3,6,1,At Risk,0,391.31,East,Returning,0.04,396.07
10992,2025-11-12,10,2047.8,204.78,3.6,50,3,5,5,13,2,High Value,1,1247.79,West,Returning,1.0,1249.05
10993,2025-07-15,6,2361.8500000000004,393.6416666666667,4.0,170,1,4,5,10,0,Regular,1,1335.07,West,New,0.92,1343.98
10994,2025-10-11,6,336.73,56.12166666666667,4.166666666666667,82,2,4,1,7,0,Regular,1,215.33,North,Returning,0.936,250.66
10995,2025-07-25,3,1702.11,567.37,3.6666666666666665,160,1,2,4,7,1,At Risk,1,883.23,West,Returning,0.492,919.53
10996,2025-11-29,5,886.04,177.208,5.0,33,4,3,3,10,0,Regular,1,553.2,South,Returning,0.96,584.35
10997,2025-08-16,3,255.39,85.13,4.0,138,1,2,1,4,1,At Risk,0,31.01,East,Returning,0.04,62.95
10998,2025-11-07,7,2472.59,353.2271428571429,5.428571428571429,55,3,5,5,13,2,High Value,1,1422.49,North,New,0.988,1447.54
10999,2025-09-14,3,159.2,53.06666666666666,6.333333333333333,109,2,2,1,5,3,New/Occasional,1,64.73,West,Returning,0.756,59.17
11000,2025-10-10,5,845.84,169.168,4.4,83,2,3,2,7,0,Regular,0,530.41,South,Returning,0.284,521.34
11001,2025-09-25,4,1877.9599999999998,469.48999999999995,4.75,98,2,2,4,8,0,Regular,1,1065.26,North,New,0.86,1064.76
11002,2025-11-28,9,3938.66,437.62888888888887,5.0,34,4,5,5,14,2,High Value,1,2281.09,South,Returning,0.956,2313.1
11003,2025-12-09,5,208.62,41.724000000000004,6.2,23,4,3,1,8,3,New/Occasional,1,225.01,North,Returning,0.944,214.12
11004,2025-05-22,5,1266.48,253.296,4.4,224,1,3,3,7,1,At Risk,0,648.21,North,Returning,0.064,680.79
11005,2025-08-07,5,1161.52,232.304,6.6,147,1,3,3,7,1,At Risk,1,644.48,East,New,0.76,633.08
11006,2025-12-18,5,829.12,165.824,5.4,14,5,3,2,10,0,Regular,1,550.76,South,New,0.992,560.03
11007,2025-12-27,7,691.6999999999999,98.8142857142857,4.857142857142857,5,5,5,2,12,0,Regular,1,533.62,West,Returning,0.996,515.58
11008,2025-11-07,4,312.57,78.1425,5.0,55,3,2,1,6,3,New/Occasional,1,229.75,South,Returning,1.0,211.53
11009,2025-11-21,5,2044.51,408.902,4.2,41,3,3,5,11,0,Regular,1,1256.48,West,Returning,1.0,1229.62
11010,2025-12-15,3,2426.14,808.7133333333333,5.333333333333333,17,4,2,5,11,0,Regular,1,1462.62,South,Returning,1.0,1438.22
11011,2025-12-15,5,831.76,166.352,5.6,17,4,3,2,9,0,Regular,1,584.74,East,Returning,0.984,569.42
11012,2025-11-22,6,1033.2,172.20000000000002,5.5,40,3,4,3,10,0,Regular,1,672.13,East,Returning,0.912,669.18
11013,2025-11-14,8,2735.14,341.8925,3.75,48,3,5,5,13,2,High Value,1,1634.04,South,New,1.0,1634.36
11014,2025-09-01,8,2936.42,367.0525,4.75,122,1,5,5,11,2,High Value,1,1681.77,West,New,0.98,1680.98
11015,2025-11-20,3,177.12,59.04,7.0,42,3,2,1,6,3,New/Occasional,1,150.8,South,New,0.884,151.74
11016,2025-12-04,5,710.66,142.132,5.4,28,4,3,2,9,3,New/Occasional,1,467.59,North,Returning,0.976,463.79
11017,2025-12-29,12,2105.44,175.45333333333335,5.416666666666667,3,5,5,5,15,2,High Value,1,1470.18,East,New,0.948,1347.84
11018,2025-06-03,5,904.85,180.97,4.2,212,1,3,3,7,1,At Risk,0,399.15,West,New,0.064,415.33
11019,2025-12-09,5,856.97,171.394,3.4,23,4,3,2,9,0,Regular,1,615.98,North,Returning,0.936,590.64
11020,2025-06-22,4,125.50999999999999,31.377499999999998,4.25,193,1,2,1,4,1,At Risk,0,0.0,South,New,0.052,14.28
11021,2025-06-15,4,1357.0900000000001,339.27250000000004,3.25,200,1,2,4,7,1,At Risk,0,658.76,West,New,0.352,664.35
11022,2025-12-24,10,2481.2599999999998,248.12599999999998,5.2,8,5,5,5,15,2,High Value,1,1555.63,West,Returning,0.972,1555.06
11023,2025-12-29,7,1563.3400000000001,223.33428571428573,3.5714285714285716,3,5,5,4,14,0,Regular,1,1021.14,West,Returning,0.992,1005.57
11024,2025-10-10,3,1226.05,408.68333333333334,5.666666666666667,83,2,2,3,7,3,New/Occasional,1,670.88,South,Returning,0.972,687.03
11025,2025-12-25,7,1701.0900000000001,243.01285714285717,3.857142857142857,7,5,5,4,14,0,Regular,1,1133.81,East,Returning,0.996,1111.15
11026,2025-12-05,5,1122.27,224.454,5.0,27,4,3,3,10,0,Regular,0,704.47,South,New,0.42,696.13
11027,2025-11-24,4,871.47,217.8675,4.75,38,4,2,2,8,3,New/Occasional,1,511.08,West,Returning,0.996,554.09
11028,2025-10-20,6,2660.12,443.3533333333333,5.666666666666667,73,2,4,5,11,2,High Value,0,1501.56,South,Returning,0.26,1523.66
11029,2025-10-06,5,1098.53,219.706,2.8,87,2,3,3,8,0,Regular,1,629.34,West,Returning,0.884,637.34
11030,2025-12-20,6,810.79,135.13166666666666,3.1666666666666665,12,5,4,2,11,0,Regular,1,598.49,South,Returning,1.0,579.99
11031,2025-11-01,4,263.38,65.845,4.25,61,3,2,1,6,3,New/Occasional,1,223.65,East,Returning,0.976,199.52
11032,2025-11-05,5,1283.85,256.77,4.8,57,3,3,3,9,0,Regular,1,732.74,East,Returning,1.0,767.19
11033,2025-12-24,7,1849.5900000000001,264.2271428571429,4.714285714285714,8,5,5,4,14,0,Regular,1,1138.07,South,Returning,0.992,1136.74
11034,2025-08-19,5,2999.27,599.854,5.6,135,1,3,5,9,2,High Value,1,1610.8,West,New,0.94,1652.38
11035,2025-11-04,4,534.43,133.6075,4.0,58,3,2,2,7,3,New/Occasional,1,333.75,South,Returning,1.0,337.25
11036,2025-09-25,8,2675.9,334.4875,5.25,98,2,5,5,12,2,High Value,1,1591.21,East,Returning,0.96,1573.82
11037,2025-10-05,6,2071.06,345.1766666666667,4.5,88,2,4,5,11,0,Regular,1,1203.88,South,Returning,0.996,1205.66
11038,2025-12-13,7,777.76,111.10857142857142,6.142857142857143,19,4,5,2,11,0,Regular,1,585.92,South,Returning,0.976,568.63
11039,2025-12-16,4,895.2,223.8,5.25,16,4,2,3,9,3,New/Occasional,1,606.1,South,New,0.916,588.88
11040,2025-10-29,10,1320.43,132.043,4.8,64,3,5,3,11,2,High Value,1,858.1,North,Returning,0.976,815.69
11041,2025-12-07,6,1973.99,328.99833333333333,4.0,25,4,4,5,13,0,Regular,1,1156.36,North,Returning,0.996,1184.85
11042,2025-11-14,11,2733.54,248.50363636363636,4.454545454545454,48,3,5,5,13,2,High Value,1,1667.69,East,Returning,0.976,1669.85
11043,2025-10-20,4,827.15,206.7875,4.25,73,2,2,2,6,3,New/Occasional,1,519.98,East,New,0.96,484.83
11044,2025-11-06,4,1287.49,321.8725,4.5,56,3,2,3,8,3,New/Occasional,1,780.82,East,New,0.988,766.76
11045,2025-09-14,5,1663.35,332.66999999999996,4.4,109,2,3,4,9,0,Regular,1,939.51,North,Returning,0.988,920.77
11046,2025-12-29,12,991.73,82.64416666666666,4.75,3,5,5,3,13,2,High Value,1,821.96,South,Returning,0.972,795.26
11047,2025-04-25,2,82.21000000000001,41.105000000000004,5.0,251,1,1,1,3,1,At Risk,0,0.0,North,Returning,0.012,0.03
11048,2025-10-20,9,2173.5,241.5,4.444444444444445,73,2,5,5,12,2,High Value,0,1310.11,West,New,0.4,1316.0
11049,2025-12-24,4,1413.24,353.31,5.5,8,5,2,4,11,0,Regular,1,817.17,West,New,0.988,841.55
11050,2025-12-20,5,596.71,119.34200000000001,5.6,12,5,3,2,10,3,New/Occasional,1,481.89,South,New,0.984,459.29
11051,2025-12-23,3,512.44,170.81333333333336,5.333333333333333,9,5,2,2,9,3,New/Occasional,1,354.38,East,Returning,0.884,361.43
11052,2025-11-28,3,730.36,243.45333333333335,5.333333333333333,34,4,2,2,8,3,New/Occasional,1,439.3,North,Returning,0.884,449.09
11053,2025-12-22,12,2379.04,198.25333333333333,5.833333333333333,10,5,5,5,15,2,High Value,1,1541.88,South,Returning,0.952,1527.1
11054,2025-12-27,8,945.94,118.2425,4.125,5,5,5,3,13,0,Regular,1,742.22,North,Returning,0.924,716.18
11055,2025-09-28,6,2442.78,407.13000000000005,4.666666666666667,95,2,4,5,11,2,High Value,1,1430.77,South,New,0.976,1415.06
11056,2025-07-21,6,1912.8600000000001,318.81,4.333333333333333,164,1,4,4,9,0,Regular,1,1029.87,East,Returning,0.94,1051.43
11057,2025-11-03,3,590.4100000000001,196.80333333333337,3.6666666666666665,59,3,2,2,7,3,New/Occasional,1,372.07,West,New,0.844,366.61
11058,2025-12-28,9,1400.8799999999999,155.6533333333333,3.7777777777777777,4,5,5,4,14,2,High Value,1,1001.83,North,New,0.988,966.8
11059,2025-12-27,7,1905.44,272.2057142857143,4.714285714285714,5,5,5,4,14,0,Regular,1,1211.65,East,Returning,1.0,1211.74
11060,2025-11-29,5,752.67,150.534,4.2,33,4,3,2,9,3,New/Occasional,1,508.49,East,New,0.94,512.06
11061,2025-11-24,7,3560.12,508.5885714285714,5.857142857142857,38,3,5,5,13,2,High Value,1,2006.71,West,Returning,0.988,2125.28
11062,2025-09-10,5,914.73,182.946,3.6,113,2,3,3,8,0,Regular,1,565.0,East,Returning,0.956,531.69
11063,2025-12-25,6,2335.45,389.2416666666666,3.3333333333333335,7,5,4,5,14,2,High Value,1,1380.21,South,Returning,0.976,1400.31
11064,2025-10-13,3,403.64000000000004,134.54666666666668,4.666666666666667,80,2,2,1,5,3,New/Occasional,1,168.53,East,Returning,0.92,204.82
11065,2025-11-28,8,2555.78,319.4725,5.125,34,4,5,5,14,2,High Value,1,1485.93,South,Returning,0.988,1506.24
11066,2025-09-09,5,1296.6200000000001,259.324,3.8,114,2,3,3,8,0,Regular,1,700.61,West,Returning,0.98,724.93
11067,2025-08-22,4,1800.97,450.2425,3.75,132,1,2,4,7,0,Regular,1,990.74,South,New,0.392,995.81
11068,2025-09-04,4,440.01,110.0025,3.0,119,1,2,1,4,3,New/Occasional,0,277.53,East,New,0.092,237.72
11069,2025-09-19,4,1241.12,310.28,4.25,104,2,2,3,7,3,New/Occasional,1,702.97,North,Returning,0.948,678.6
11070,2025-11-04,2,302.72,151.36,6.5,58,3,1,1,5,3,New/Occasional,1,241.04,South,Returning,0.956,211.93
11071,2025-05-15,3,163.53,54.51,4.0,231,1,2,1,4,1,At Risk,0,0.0,West,New,0.028,8.54
11072,2025-12-18,7,1342.49,191.78428571428572,4.428571428571429,14,5,5,3,13,0,Regular,0,873.65,East,Returning,0.272,876.3
11073,2025-12-29,7,1527.77,218.25285714285715,5.142857142857143,3,5,5,4,14,0,Regular,1,928.24,South,Returning,0.992,940.28
11074,2025-04-27,5,2011.9299999999998,402.38599999999997,4.8,249,1,3,5,9,1,At Risk,1,982.31,West,Returning,0.816,1014.03
11075,2025-10-17,5,640.22,128.044,5.4,76,2,3,2,7,3,New/Occasional,0,332.25,West,Returning,0.364,379.04
11076,2025-09-12,5,2272.29,454.45799999999997,4.2,111,2,3,5,10,0,Regular,1,1222.9,South,Returning,0.956,1247.13
11077,2025-10-08,4,633.73,158.4325,3.25,85,2,2,2,6,3,New/Occasional,0,396.11,East,Returning,0.344,378.72
11078,2025-12-26,3,1104.79,368.2633333333333,6.333333333333333,6,5,2,3,10,3,New/Occasional,1,627.19,South,Returning,0.964,687.3
11079,2025-10-22,2,323.41,161.705,3.0,71,2,1,1,4,3,New/Occasional,0,124.39,East,New,0.316,185.56
11080,2025-11-19,7,1088.39,155.48428571428573,4.285714285714286,43,3,5,3,11,0,Regular,1,654.39,South,Returning,0.988,690.61
11081,2025-12-26,7,1267.66,181.09428571428572,5.142857142857143,6,5,5,3,13,0,Regular,1,874.99,South,New,0.804,875.39
11082,2025-08-15,2,60.05,30.025,2.5,139,1,1,1,3,1,At Risk,0,31.29,West,Returning,0.028,18.21
11083,2025-07-17,7,666.19,95.17,4.857142857142857,168,1,5,2,8,1,At Risk,0,368.59,West,New,0.268,342.93
11084,2025-05-03,2,1360.8899999999999,680.4449999999999,5.0,243,1,1,4,6,1,At Risk,1,628.79,West,New,0.808,643.13
11085,2025-11-11,10,3110.9700000000003,311.09700000000004,4.0,51,3,5,5,13,2,High Value,1,1834.39,West,New,0.992,1846.01
11086,2025-09-11,5,1510.72,302.144,3.0,112,2,3,4,9,0,Regular,1,893.14,West,Returning,0.92,882.05
11087,2025-12-05,11,3235.77,294.1609090909091,5.454545454545454,27,4,5,5,14,2,High Value,1,1958.32,West,New,0.948,1943.07
11088,2025-12-27,7,918.05,131.15,3.5714285714285716,5,5,5,3,13,0,Regular,1,679.79,West,New,0.988,675.8
11089,2025-11-22,7,3926.3,560.9,5.857142857142857,40,3,5,5,13,2,High Value,1,2278.51,South,Returning,0.904,2323.07
11090,2025-08-19,4,678.6899999999999,169.67249999999999,4.25,135,1,2,2,5,1,At Risk,1,286.65,South,Returning,0.792,302.12
11091,2025-09-20,5,3154.4300000000003,630.8860000000001,5.8,103,2,3,5,10,2,High Value,1,1731.26,South,Returning,0.824,1834.54
11092,2025-12-26,9,2116.66,235.18444444444444,4.888888888888889,6,5,5,5,15,2,High Value,1,1356.75,East,Returning,0.98,1345.66
11093,2025-11-15,1,49.6,49.6,6.0,47,3,1,1,5,3,New/Occasional,0,0.0,South,Returning,0.108,21.67
11094,2025-12-12,6,1903.02,317.17,5.166666666666667,20,4,4,4,12,0,Regular,1,1177.04,South,New,1.0,1163.62
11095,2025-11-21,4,1119.2,279.8,2.75,41,3,2,3,8,3,New/Occasional,1,631.09,East,New,0.988,692.16
11096,2025-12-07,7,1709.5500000000002,244.2214285714286,4.428571428571429,25,4,5,4,13,0,Regular,1,1092.67,South,Returning,0.996,1096.68
11097,2025-11-27,6,2804.1099999999997,467.35166666666663,4.166666666666667,35,4,4,5,13,2,High Value,1,1601.14,North,New,0.984,1620.77
11098,2025-12-20,3,418.98,139.66,3.0,12,5,2,1,8,3,New/Occasional,1,319.15,West,Returning,0.98,302.55
11099,2025-12-27,4,1009.8399999999999,252.45999999999998,4.0,5,5,2,3,10,3,New/Occasional,1,681.49,West,Returning,0.96,665.92
11100,2025-10-16,1,145.97,145.97,2.0,77,2,1,1,4,3,New/Occasional,1,53.1,North,Returning,0.708,61.44
11101,2025-08-13,2,1438.06,719.03,5.0,141,1,1,4,6,1,At Risk,1,727.23,North,Returning,0.936,731.09
11102,2025-12-20,4,802.92,200.73,3.5,12,5,2,2,9,3,New/Occasional,1,584.8,South,Returning,0.988,556.02
11103,2025-10-27,5,931.5699999999999,186.314,4.6,66,3,3,3,9,0,Regular,1,545.55,West,Returning,0.952,562.63
11104,2025-12-28,5,1724.7,344.94,2.4,4,5,3,4,12,0,Regular,0,1046.29,West,Returning,0.364,1043.18
11105,2025-12-03,2,414.04,207.02,5.5,29,4,1,1,6,3,New/Occasional,1,290.04,North,New,0.964,294.71
11106,2025-11-01,6,1254.64,209.10666666666668,4.666666666666667,61,3,4,3,10,0,Regular,1,787.93,West,New,0.996,791.69
11107,2025-12-27,4,572.45,143.1125,4.75,5,5,2,2,9,3,New/Occasional,1,403.85,North,Returning,0.872,409.14
11108,2025-12-19,5,390.48,78.096,4.6,13,5,3,1,9,3,New/Occasional,1,280.54,South,New,0.988,300.39
11109,2025-12-21,8,2154.17,269.27125,3.75,11,5,5,5,15,2,High Value,1,1382.97,West,Returning,0.996,1366.15
11110,2025-12-29,9,2885.1200000000003,320.5688888888889,4.222222222222222,3,5,5,5,15,2,High Value,1,1732.78,North,Returning,0.992,1738.66
11111,2025-11-22,4,830.45,207.6125,4.25,40,3,2,2,7,3,New/Occasional,1,602.48,North,Returning,1.0,557.95
11112,2025-10-18,4,1671.99,417.9975,5.75,75,2,2,4,8,0,Regular,1,912.25,South,Returning,0.852,920.61
11113,2025-06-17,5,482.79999999999995,96.55999999999999,6.6,198,1,3,1,5,1,At Risk,0,168.66,East,Returning,0.196,176.87
11114,2025-12-28,3,338.39,112.79666666666667,2.0,4,5,2,1,8,3,New/Occasional,1,278.48,West,Returning,0.968,264.6
11115,2025-09-05,5,831.6899999999999,166.338,3.4,118,2,3,2,7,3,New/Occasional,1,490.45,West,New,0.912,478.72
11116,2025-09-25,3,610.19,203.39666666666668,2.0,98,2,2,2,6,3,New/Occasional,0,297.32,North,Returning,0.204,322.19
11117,2025-11-01,14,3201.2,228.65714285714284,4.142857142857143,61,3,5,5,13,2,High Value,1,2046.99,North,New,0.98,1913.62
11118,2025-11-05,2,1024.03,512.015,5.5,57,3,1,3,7,3,New/Occasional,1,589.46,West,Returning,0.98,597.08
11119,2025-12-31,6,4010.75,668.4583333333334,4.333333333333333,1,5,4,5,14,2,High Value,1,2334.34,South,Returning,0.968,2370.02
11120,2025-11-09,4,2011.54,502.885,3.75,53,3,2,5,10,0,Regular,1,1174.16,West,Returning,1.0,1168.69
11121,2025-12-04,4,1893.18,473.295,3.5,28,4,2,4,10,0,Regular,1,1160.42,East,Returning,1.0,1102.92
11122,2025-11-22,3,513.85,171.28333333333333,2.6666666666666665,40,3,2,2,7,3,New/Occasional,1,386.94,North,Returning,0.968,358.01
11123,2025-12-29,9,1990.85,221.20555555555555,5.444444444444445,3,5,5,5,15,2,High Value,1,1291.02,West,New,0.988,1274.87
11124,2025-07-13,6,1181.24,196.87333333333333,4.833333333333333,172,1,4,3,8,1,At Risk,1,588.29,North,Returning,0.616,599.04
11125,2025-10-20,3,763.8199999999999,254.60666666666665,4.0,73,2,2,2,6,3,New/Occasional,1,394.35,South,Returning,0.864,421.43
11126,2025-12-31,6,2004.0,334.0,4.833333333333333,1,5,4,5,14,0,Regular,0,1189.78,East,Returning,0.388,1215.25
11127,2025-05-17,2,693.38,346.69,4.5,229,1,1,2,4,1,At Risk,0,218.77,South,Returning,0.032,231.46
11128,2025-12-26,6,2953.04,492.17333333333335,5.333333333333333,6,5,4,5,14,2,High Value,1,1758.09,East,New,0.992,1738.09
11129,2025-12-03,8,1068.8899999999999,133.61124999999998,3.875,29,4,5,3,12,0,Regular,1,743.28,East,New,0.96,744.06
11130,2025-12-03,5,1694.43,338.886,4.6,29,4,3,4,11,0,Regular,1,1065.27,West,New,0.996,1046.86
11131,2025-12-29,1,74.74,74.74,1.0,3,5,1,1,7,3,New/Occasional,1,13.84,West,New,0.856,35.67
11132,2025-11-05,5,403.51,80.702,4.0,57,3,3,1,7,3,New/Occasional,1,290.25,South,Returning,0.984,289.2
11133,2025-12-24,6,1491.92,248.65333333333334,5.5,8,5,4,4,13,0,Regular,1,967.48,North,Returning,0.972,956.29
11134,2025-12-31,2,311.84999999999997,155.92499999999998,5.0,1,5,1,1,7,3,New/Occasional,1,138.34,West,Returning,0.936,181.66
11135,2025-12-13,5,1890.46,378.092,3.8,19,4,3,4,11,0,Regular,1,1158.53,West,Returning,0.996,1124.57
11136,2025-12-21,10,2226.09,222.609,4.4,11,5,5,5,15,2,High Value,1,1520.0,South,Returning,0.988,1468.66
11137,2025-04-29,2,268.33000000000004,134.16500000000002,4.5,247,1,1,1,3,1,At Risk,0,18.35,South,Returning,0.052,21.55
11138,2025-08-05,1,91.18,91.18,6.0,149,1,1,1,3,1,At Risk,0,0.0,South,New,0.012,8.06
11139,2025-12-13,3,349.73,116.57666666666667,3.0,19,4,2,1,7,3,New/Occasional,1,249.68,North,Returning,0.996,248.22
11140,2025-10-06,4,1549.4499999999998,387.36249999999995,4.75,87,2,2,4,8,0,Regular,1,884.05,East,New,0.892,883.94
11141,2025-12-09,6,869.58,144.93,4.0,23,4,4,2,10,0,Regular,1,649.37,South,Returning,0.988,629.28
11142,2025-12-08,3,377.07,125.69,3.6666666666666665,24,4,2,1,7,3,New/Occasional,1,257.65,West,Returning,0.992,260.24
11143,2025-11-01,5,1304.28,260.856,5.6,61,3,3,3,9,0,Regular,1,824.23,West,Returning,0.956,809.17
11144,2025-04-30,3,617.5,205.83333333333334,4.333333333333333,246,1,2,2,5,1,At Risk,0,218.47,West,Returning,0.112,198.79
11145,2025-11-03,7,1704.23,243.46142857142857,4.571428571428571,59,3,5,4,12,0,Regular,1,1097.16,South,New,1.0,1082.42
11146,2025-09-21,5,1969.9299999999998,393.986,4.4,102,2,3,5,10,0,Regular,1,1149.78,South,Returning,0.968,1127.62
11147,2025-12-15,4,435.78000000000003,108.94500000000001,3.5,17,4,2,1,7,3,New/Occasional,0,333.01,West,Returning,0.864,331.38
11148,2025-07-16,3,701.83,233.94333333333336,4.333333333333333,169,1,2,2,5,1,At Risk,1,322.28,West,Returning,0.652,309.4
11149,2025-12-30,5,876.23,175.246,6.6,2,5,3,2,10,0,Regular,1,589.16,South,Returning,0.92,592.23
11150,2025-05-05,2,1187.56,593.78,5.5,241,1,1,3,5,1,At Risk,0,536.45,West,Returning,0.108,524.37
11151,2025-11-22,4,1408.1399999999999,352.03499999999997,4.0,40,3,2,4,9,0,Regular,1,819.82,North,Returning,0.984,827.56
11152,2025-12-14,11,2779.63,252.6936363636364,4.545454545454546,18,4,5,5,14,2,High Value,1,1744.58,West,Returning,0.916,1732.79
11153,2025-11-02,2,504.77,252.385,4.0,60,3,1,2,6,3,New/Occasional,1,282.85,North,Returning,0.888,308.33
11154,2025-12-17,8,1384.6799999999998,173.08499999999998,4.625,15,4,5,4,13,0,Regular,1,875.13,North,Returning,0.976,892.75
11155,2025-10-18,4,366.04,91.51,3.75,75,2,2,1,5,3,New/Occasional,1,243.54,South,Returning,0.768,235.84
11156,2025-11-04,4,647.35,161.8375,4.25,58,3,2,2,7,3,New/Occasional,1,352.46,North,Returning,0.952,394.58
11157,2025-12-12,7,1382.12,197.44571428571427,4.428571428571429,20,4,5,4,13,0,Regular,1,882.48,North,Returning,0.98,882.49
11158,2025-10-16,5,1027.37,205.474,4.2,77,2,3,3,8,0,Regular,1,639.1,North,Returning,0.976,618.37
11159,2025-06-30,1,43.47,43.47,4.0,185,1,1,1,3,1,At Risk,0,0.0,South,New,0.0,1.38
11160,2025-11-16,4,1021.4300000000001,255.35750000000002,3.75,46,3,2,3,8,3,New/Occasional,1,627.74,West,New,1.0,630.01
11161,2025-12-01,12,4081.43,340.1191666666667,4.666666666666667,31,4,5,5,14,2,High Value,1,2432.62,North,Returning,0.824,2409.62
11162,2025-12-12,3,204.85,68.28333333333333,4.666666666666667,20,4,2,1,7,3,New/Occasional,1,215.38,East,Returning,0.908,203.65
11163,2025-11-28,4,678.5899999999999,169.64749999999998,2.5,34,4,2,2,8,3,New/Occasional,1,413.61,West,Returning,0.972,428.04
11164,2025-12-28,5,539.02,107.804,6.2,4,5,3,2,10,3,New/Occasional,0,437.58,North,New,0.404,434.66
11165,2025-12-31,7,869.8299999999999,124.26142857142857,5.0,1,5,5,2,12,0,Regular,1,678.97,North,Returning,0.996,663.6
11166,2025-12-24,8,1847.52,230.94,4.25,8,5,5,4,14,2,High Value,1,1129.37,West,Returning,0.992,1144.9
11167,2025-11-27,10,2828.37,282.837,4.0,35,4,5,5,14,2,High Value,1,1719.88,West,Returning,0.944,1713.04
11168,2025-07-09,4,2863.8900000000003,715.9725000000001,6.0,176,1,2,5,8,1,At Risk,1,1501.29,South,New,0.756,1639.42
11169,2025-08-19,6,1636.44,272.74,4.166666666666667,135,1,4,4,9,0,Regular,1,926.09,West,Returning,0.94,920.58
11170,2025-06-20,6,1425.09,237.515,6.333333333333333,195,1,4,4,9,1,At Risk,0,713.28,North,Returning,0.18,733.75
11171,2025-06-02,5,460.95,92.19,4.2,213,1,3,1,5,1,At Risk,0,141.03,South,Returning,0.044,188.65
11172,2025-10-13,8,3365.42,420.6775,5.25,80,2,5,5,12,2,High Value,1,1951.11,West,Returning,0.936,1955.49
11173,2025-12-23,5,1703.18,340.636,3.8,9,5,3,4,12,0,Regular,1,1029.01,South,Returning,0.912,1038.59
11174,2025-11-04,4,1091.32,272.83,4.75,58,3,2,3,8,3,New/Occasional,1,644.92,West,Returning,0.996,648.29
11175,2025-10-14,7,2411.92,344.56,4.142857142857143,79,2,5,5,12,2,High Value,1,1442.7,South,Returning,0.98,1420.31
11176,2025-10-14,6,1408.86,234.80999999999997,4.833333333333333,79,2,4,4,10,0,Regular,1,785.16,West,Returning,1.0,822.49
11177,2025-07-06,5,1546.39,309.278,5.0,179,1,3,4,8,1,At Risk,0,805.43,South,Returning,0.208,812.92
11178,2025-12-08,6,1990.1000000000001,331.68333333333334,6.5,24,4,4,5,13,0,Regular,1,1190.27,South,Returning,0.98,1200.17
11179,2025-12-04,4,444.62,111.155,4.0,28,4,2,1,7,3,New/Occasional,1,322.17,North,Returning,0.968,333.91
11180,2025-12-29,7,702.41,100.3442857142857,5.285714285714286,3,5,5,2,12,0,Regular,1,519.08,North,New,0.996,503.94
11181,2025-11-25,9,4522.65,502.51666666666665,4.888888888888889,37,4,5,5,14,2,High Value,1,2604.85,West,Returning,0.956,2612.85
11182,2025-11-08,9,1773.88,197.0977777777778,5.666666666666667,54,3,5,4,12,2,High Value,1,1132.79,North,Returning,0.992,1117.05
11183,2025-07-21,4,750.24,187.56,5.5,164,1,2,2,5,1,At Risk,0,464.03,North,New,0.092,420.34
11184,2025-10-15,4,1530.42,382.605,4.5,78,2,2,4,8,0,Regular,0,870.01,North,Returning,0.384,883.26
11185,2025-12-23,4,194.47,48.6175,3.0,9,5,2,1,8,3,New/Occasional,1,175.44,North,New,0.976,183.41
11186,2025-12-22,12,2930.1000000000004,244.17500000000004,4.5,10,5,5,5,15,2,High Value,0,1823.03,West,Returning,0.296,1796.08
11187,2025-12-02,6,2642.5099999999998,440.4183333333333,5.166666666666667,30,4,4,5,13,2,High Value,1,1597.1,South,New,0.972,1571.9
11188,2025-09-01,4,1025.55,256.3875,4.0,122,1,3,3,7,3,New/Occasional,0,525.56,West,Returning,0.208,550.18
11189,2025-11-29,12,1586.8,132.23333333333332,3.8333333333333335,33,4,5,4,13,2,High Value,1,1134.53,North,New,0.984,1045.94
11190,2025-06-07,4,1098.95,274.7375,4.5,208,1,3,3,7,1,At Risk,0,461.93,East,Returning,0.036,467.7
11191,2025-11-15,4,785.99,196.4975,3.75,47,3,3,2,8,3,New/Occasional,1,498.73,South,Returning,0.96,508.08
11192,2025-12-09,4,528.8,132.2,5.25,23,4,3,2,9,3,New/Occasional,1,395.36,South,Returning,0.984,389.25
11193,2025-10-15,1,393.52,393.52,7.0,78,2,1,1,4,3,New/Occasional,0,220.92,West,Returning,0.228,219.18
11194,2025-11-12,7,1934.13,276.30428571428575,3.4285714285714284,50,3,5,4,12,0,Regular,1,1199.0,West,Returning,1.0,1184.28
11195,2025-12-13,4,1149.8200000000002,287.45500000000004,2.75,19,4,3,3,10,3,New/Occasional,1,726.61,West,Returning,0.952,721.04
11196,2025-10-05,4,840.0999999999999,210.02499999999998,4.0,88,2,3,2,7,3,New/Occasional,0,525.23,North,New,0.328,512.61
11197,2025-09-29,3,389.5,129.83333333333334,5.0,94,2,2,1,5,3,New/Occasional,1,178.94,North,Returning,0.88,189.28
11198,2025-05-03,7,1342.54,191.79142857142855,5.142857142857143,243,1,5,4,10,1,At Risk,0,653.15,East,New,0.204,686.34
11199,2025-12-20,4,830.81,207.7025,4.0,12,5,3,2,10,3,New/Occasional,1,534.04,South,Returning,0.992,559.08
11200,2025-10-25,3,727.64,242.54666666666665,6.0,68,2,2,2,6,3,New/Occasional,0,474.93,West,Returning,0.888,437.95
11201,2025-11-05,2,119.74,59.87,4.0,57,3,1,1,5,3,New/Occasional,1,96.87,East,Returning,0.84,85.57
11202,2025-07-14,4,740.79,185.1975,6.75,171,1,3,2,6,1,At Risk,0,379.4,East,Returning,0.304,389.17
11203,2025-10-15,6,1325.69,220.94833333333335,5.166666666666667,78,2,4,3,9,0,Regular,1,790.66,West,Returning,0.952,795.87
11204,2025-09-25,5,1912.75,382.55,5.8,98,2,3,4,9,0,Regular,0,1112.4,East,Returning,0.292,1101.06
11205,2025-10-27,6,1755.3400000000001,292.5566666666667,4.666666666666667,66,3,4,4,11,0,Regular,1,989.72,North,Returning,1.0,1007.99
11206,2025-10-16,7,1770.02,252.85999999999999,2.857142857142857,77,2,5,4,11,0,Regular,1,1045.9,North,Returning,0.984,1059.08
11207,2025-11-10,5,1107.68,221.536,5.6,52,3,3,3,9,0,Regular,0,674.82,East,Returning,0.308,678.52
11208,2025-12-01,6,1212.2,202.03333333333333,3.6666666666666665,31,4,4,3,11,0,Regular,1,760.21,South,New,0.988,754.97
11209,2025-03-07,1,351.25,351.25,3.0,300,1,1,1,3,1,At Risk,0,0.0,South,New,0.012,6.77
11210,2025-12-04,4,512.06,128.015,3.25,28,4,3,2,9,3,New/Occasional,1,377.57,South,Returning,0.996,364.83
11211,2025-09-20,3,319.38,106.46,4.333333333333333,103,2,2,1,5,3,New/Occasional,0,175.3,West,Returning,0.22,130.29
11212,2025-06-02,5,4192.05,838.4100000000001,4.8,213,1,3,5,9,2,High Value,1,2275.71,West,New,0.868,2339.76
11213,2025-10-05,3,457.77,152.59,2.6666666666666665,88,2,2,1,5,3,New/Occasional,1,183.55,East,New,0.9,209.22
11214,2025-12-04,5,1348.88,269.776,4.6,28,4,3,4,11,0,Regular,1,888.77,South,New,0.984,859.4
11215,2025-12-16,8,1483.23,185.40375,3.875,16,4,5,4,13,0,Regular,1,952.64,South,Returning,0.984,944.35
11216,2025-06-05,1,448.05,448.05,5.0,210,1,1,1,3,1,At Risk,0,151.49,South,New,0.092,159.72
11217,2025-10-14,6,1864.7,310.78333333333336,4.333333333333333,79,2,4,4,10,0,Regular,1,1077.87,South,Returning,0.98,1090.31
11218,2025-11-17,4,489.48,122.37,4.75,45,3,3,1,7,3,New/Occasional,0,343.65,East,Returning,0.38,333.02
11219,2025-09-13,3,867.4499999999999,289.15,4.333333333333333,110,2,2,2,6,3,New/Occasional,0,424.41,East,New,0.524,487.33
11220,2025-09-10,4,1915.97,478.9925,2.25,113,2,3,4,9,0,Regular,1,1011.52,North,Returning,0.696,1028.04
11221,2025-09-24,5,1388.73,277.746,4.6,99,2,3,4,9,0,Regular,1,815.04,North,Returning,0.988,792.66
11222,2025-11-14,8,1756.85,219.60625,4.25,48,3,5,4,12,2,High Value,1,1003.83,North,Returning,0.996,1096.78
11223,2025-09-01,2,455.79,227.895,6.0,122,1,1,1,3,3,New/Occasional,0,164.35,West,Returning,0.044,180.96
11224,2025-12-07,7,1410.92,201.56,4.571428571428571,25,4,5,4,13,0,Regular,1,936.34,East,Returning,0.992,919.76
11225,2025-12-23,11,3692.31,335.6645454545455,4.090909090909091,9,5,5,5,15,2,High Value,0,2236.17,North,New,0.388,2171.39
11226,2025-12-25,3,253.2,84.39999999999999,3.6666666666666665,7,5,2,1,8,3,New/Occasional,1,186.08,West,Returning,1.0,190.07
11227,2025-06-17,3,323.24,107.74666666666667,3.6666666666666665,198,1,2,1,4,1,At Risk,0,136.88,South,Returning,0.004,122.46
11228,2025-12-25,7,1074.82,153.54571428571427,4.285714285714286,7,5,5,3,13,0,Regular,0,806.45,South,New,0.908,765.48
11229,2025-10-31,5,1745.35,349.07,5.6,62,3,3,4,10,0,Regular,1,1024.16,West,Returning,0.98,1016.18
11230,2025-10-15,6,1540.04,256.67333333333335,5.0,78,2,4,4,10,0,Regular,1,959.4,North,Returning,0.988,945.13
11231,2025-12-07,2,209.74,104.87,5.5,25,4,1,1,6,3,New/Occasional,0,211.95,North,New,0.932,182.12
11232,2025-12-11,6,530.77,88.46166666666666,5.0,21,4,4,2,10,0,Regular,1,410.45,East,New,0.992,418.16
11233,2025-10-09,1,721.89,721.89,5.0,84,2,1,2,5,3,New/Occasional,1,351.51,North,Returning,0.772,424.69
11234,2025-12-07,2,68.03,34.015,4.5,25,4,1,1,6,3,New/Occasional,0,84.02,East,New,0.192,76.92
11235,2025-12-20,7,1642.61,234.6585714285714,4.428571428571429,12,5,5,4,14,0,Regular,1,997.73,North,New,1.0,1008.87
11237,2025-12-13,1,470.87,470.87,8.0,19,4,1,1,6,3,New/Occasional,1,309.76,North,New,0.932,314.24
11238,2025-11-28,6,705.99,117.665,4.666666666666667,34,4,4,2,10,0,Regular,0,484.16,South,Returning,0.32,476.79
11239,2025-11-22,8,2729.8,341.225,4.875,40,3,5,5,13,2,High Value,1,1641.37,North,Returning,0.996,1646.02
11240,2025-11-11,4,1345.0700000000002,336.26750000000004,4.5,51,3,3,4,10,0,Regular,1,797.36,North,Returning,0.996,803.77
11241,2025-03-04,2,128.51,64.255,2.0,303,1,1,1,3,1,At Risk,0,0.0,West,New,0.172,0.0
11242,2025-11-23,7,386.89,55.269999999999996,4.0,39,3,5,1,9,0,Regular,1,332.44,South,Returning,0.988,311.37
11243,2025-09-23,11,4798.29,436.2081818181818,5.181818181818182,100,2,5,5,12,2,High Value,1,2729.48,South,New,0.972,2705.5
11244,2025-11-20,3,326.33000000000004,108.77666666666669,6.666666666666667,42,3,2,1,6,3,New/Occasional,1,208.8,North,Returning,0.996,204.8
11245,2025-09-05,2,588.38,294.19,4.5,118,1,1,2,4,3,New/Occasional,1,244.44,South,Returning,0.728,317.36
11246,2025-09-01,3,1288.2199999999998,429.4066666666666,3.6666666666666665,122,1,2,3,6,3,New/Occasional,1,652.04,South,Returning,0.78,671.0
11247,2025-10-07,6,1674.3899999999999,279.065,3.0,86,2,4,4,10,0,Regular,1,902.5,East,New,0.984,927.46
11248,2025-09-20,4,1063.78,265.945,5.75,103,2,3,3,8,3,New/Occasional,0,579.36,North,New,0.228,590.37
11249,2025-07-06,1,81.81,81.81,5.0,179,1,1,1,3,1,At Risk,0,0.0,West,Returning,0.036,4.08
11250,2025-10-12,3,297.47,99.15666666666668,3.3333333333333335,81,2,2,1,5,3,New/Occasional,1,180.93,West,New,0.82,177.58
11251,2025-12-28,9,2380.43,264.4922222222222,3.0,4,5,5,5,15,2,High Value,1,1535.57,North,New,0.888,1528.54
11252,2025-11-20,4,2182.54,545.635,5.0,42,3,3,5,11,0,Regular,1,1231.25,North,Returning,0.988,1246.65
11253,2025-12-15,5,2626.91,525.382,4.2,17,4,3,5,12,2,High Value,1,1532.75,North,Returning,0.988,1532.92
11254,2025-10-27,4,627.65,156.9125,7.0,66,2,3,2,7,3,New/Occasional,1,419.91,East,New,0.952,402.95
11255,2025-11-07,4,2020.3,505.075,4.25,55,3,3,5,11,0,Regular,1,1160.63,North,Returning,1.0,1166.02
11256,2025-11-23,6,1529.08,254.84666666666666,3.8333333333333335,39,3,4,4,11,0,Regular,1,950.37,West,Returning,1.0,940.35
11257,2025-05-19,3,164.68,54.89333333333334,4.333333333333333,227,1,2,1,4,1,At Risk,0,44.27,West,Returning,0.06,30.25
11258,2025-11-26,4,730.88,182.72,3.75,36,4,3,2,9,3,New/Occasional,1,462.69,West,Returning,0.992,462.43
11259,2025-09-15,3,187.88,62.626666666666665,4.666666666666667,108,2,2,1,5,3,New/Occasional,0,73.19,South,Returning,0.096,77.89
11260,2025-10-29,8,1281.33,160.16625,3.875,64,3,5,3,11,0,Regular,1,786.38,West,Returning,0.944,801.23
11261,2025-09-02,3,424.55,141.51666666666668,6.333333333333333,121,1,2,1,4,3,New/Occasional,0,198.48,North,Returning,0.128,197.08
11262,2025-12-29,5,1583.99,316.798,3.8,3,5,3,4,12,0,Regular,1,1024.26,South,Returning,0.992,996.35
11263,2025-02-03,1,712.99,712.99,6.0,332,1,1,2,4,1,At Risk,0,161.42,South,New,0.184,199.32
11264,2025-12-28,3,566.43,188.80999999999997,5.0,4,5,2,2,9,3,New/Occasional,0,442.08,West,New,0.296,418.77
11265,2025-11-20,7,1418.62,202.66,3.7142857142857144,42,3,5,4,12,0,Regular,1,911.07,East,New,1.0,912.45
11266,2025-12-23,5,1514.27,302.854,3.8,9,5,3,4,12,0,Regular,1,866.32,West,Returning,0.972,897.66
11267,2025-10-24,7,1300.71,185.81571428571428,4.714285714285714,69,2,5,3,10,0,Regular,1,831.31,North,Returning,0.94,817.03
11268,2025-11-14,4,1233.3200000000002,308.33000000000004,4.0,48,3,3,3,9,3,New/Occasional,1,740.77,West,Returning,0.992,751.74
11269,2025-12-10,5,1553.75,310.75,4.2,22,4,3,4,11,0,Regular,1,954.82,South,Returning,1.0,962.27
11270,2025-11-18,6,849.72,141.62,4.333333333333333,44,3,4,2,9,0,Regular,1,608.38,South,Returning,0.988,590.83
11271,2025-12-16,3,906.2,302.06666666666666,4.0,16,4,2,3,9,3,New/Occasional,0,558.41,West,New,0.272,575.49
11272,2025-10-30,7,928.2,132.6,3.4285714285714284,63,3,5,3,11,0,Regular,1,630.1,South,Returning,0.996,625.01
11273,2025-11-17,8,1783.9499999999998,222.99374999999998,4.25,45,3,5,4,12,2,High Value,1,1076.99,South,Returning,0.996,1105.23
11274,2025-10-08,5,994.29,198.858,3.6,85,2,3,3,8,0,Regular,1,537.22,East,New,0.9,555.14
11275,2025-07-23,4,577.32,144.33,4.0,162,1,3,2,6,1,At Risk,0,252.77,North,Returning,0.292,252.69
11276,2025-08-29,5,1077.49,215.498,5.4,125,1,3,3,7,0,Regular,0,589.14,South,Returning,0.164,596.64
11277,2025-11-06,2,600.62,300.31,3.5,56,3,1,2,6,3,New/Occasional,0,365.12,North,Returning,0.336,371.74
11278,2025-09-21,3,788.0500000000001,262.68333333333334,5.666666666666667,102,2,2,2,6,3,New/Occasional,0,387.22,North,Returning,0.232,411.42
11279,2025-07-03,1,29.64,29.64,1.0,182,1,1,1,3,1,At Risk,0,0.0,West,New,0.024,1.77
11280,2025-12-22,7,2721.06,388.72285714285715,3.0,10,5,5,5,15,2,High Value,1,1609.79,East,New,0.984,1601.27
11281,2025-01-16,1,234.85,234.85,1.0,350,1,1,1,3,1,At Risk,0,0.0,South,New,0.084,1.49
11282,2025-12-28,8,4279.31,534.91375,4.5,4,5,5,5,15,2,High Value,1,2524.43,South,New,1.0,2499.55
11283,2025-11-27,7,1777.8999999999999,253.98571428571427,4.714285714285714,35,4,5,4,13,0,Regular,1,1112.82,South,Returning,0.996,1110.44
11284,2025-11-14,3,2290.83,763.61,5.0,48,3,2,5,10,0,Regular,1,1316.53,East,Returning,0.992,1368.24
11285,2025-07-31,7,2202.19,314.59857142857146,3.7142857142857144,154,1,5,5,11,2,High Value,1,1307.78,West,New,0.876,1299.05
11286,2025-12-29,9,1477.88,164.2088888888889,4.111111111111111,3,5,5,4,14,2,High Value,1,981.04,West,Returning,0.948,950.99
11287,2025-11-26,2,204.98,102.49,6.0,36,4,1,1,6,3,New/Occasional,1,157.28,South,Returning,0.948,169.4
11288,2025-11-23,3,1112.01,370.67,5.0,39,3,2,3,8,3,New/Occasional,1,657.58,South,Returning,0.988,666.68
11289,2025-08-07,3,190.67000000000002,63.55666666666667,5.0,147,1,2,1,4,1,At Risk,0,90.97,South,Returning,0.008,76.63
11290,2025-07-25,3,352.96,117.65333333333332,4.0,160,1,2,1,4,1,At Risk,0,149.84,East,Returning,0.008,147.36
11291,2025-12-31,6,1979.21,329.86833333333334,5.666666666666667,1,5,4,5,14,0,Regular,1,1233.36,South,Returning,0.956,1219.38
11292,2025-10-29,5,641.73,128.346,6.0,64,3,3,2,8,3,New/Occasional,1,363.07,East,New,0.892,389.76
11293,2025-12-26,6,1455.4099999999999,242.5683333333333,4.5,6,5,4,4,13,0,Regular,1,917.22,East,Returning,0.996,923.67
11294,2025-04-28,3,600.6600000000001,200.22000000000003,3.6666666666666665,248,1,2,2,5,1,At Risk,0,156.98,South,Returning,0.044,169.88
11295,2025-10-22,5,2158.3,431.66,4.8,71,2,3,5,10,0,Regular,1,1227.51,South,Returning,0.932,1235.94
11296,2025-07-10,7,1545.33,220.76142857142855,4.0,175,1,5,4,10,0,Regular,0,819.53,South,Returning,0.344,838.05
11297,2025-07-09,3,476.09000000000003,158.6966666666667,6.333333333333333,176,1,2,1,4,1,At Risk,1,169.31,North,Returning,0.632,179.33
11298,2025-12-15,6,1015.24,169.20666666666668,4.166666666666667,17,4,4,3,11,0,Regular,1,666.7,North,Returning,0.956,662.4
11299,2025-12-22,6,395.6,65.93333333333334,5.0,10,5,4,1,10,0,Regular,1,332.81,West,Returning,0.992,328.4
11300,2025-08-28,3,678.95,226.3166666666667,5.666666666666667,126,1,2,2,5,1,At Risk,0,333.72,South,Returning,0.104,320.45
11301,2025-07-23,3,678.32,226.10666666666668,3.6666666666666665,162,1,2,2,5,1,At Risk,0,278.79,North,Returning,0.112,290.22
11302,2025-11-08,3,1672.0099999999998,557.3366666666666,2.3333333333333335,54,3,2,4,9,3,New/Occasional,1,956.3,East,Returning,0.788,964.43
11303,2025-05-25,5,1043.86,208.772,5.8,221,1,3,3,7,1,At Risk,0,463.66,West,New,0.036,467.47
11304,2025-09-30,8,1696.4,212.05,3.625,93,2,5,4,11,0,Regular,1,1002.36,South,Returning,0.972,1012.48
11305,2025-04-24,1,355.52,355.52,5.0,252,1,1,1,3,1,At Risk,0,14.98,West,New,0.004,36.82
11306,2025-12-19,5,693.25,138.65,5.4,13,5,3,2,10,3,New/Occasional,1,399.23,West,New,0.992,454.92
11307,2025-12-31,5,764.2500000000001,152.85000000000002,3.8,1,5,3,2,10,0,Regular,1,626.64,East,New,0.988,580.17
11308,2025-11-23,6,947.74,157.95666666666668,4.0,39,3,4,3,10,0,Regular,1,642.52,East,Returning,1.0,613.21
11309,2025-12-06,4,434.93,108.7325,4.5,26,4,3,1,8,3,New/Occasional,1,329.01,North,New,0.768,333.26
11310,2025-11-06,6,766.7700000000001,127.79500000000002,4.333333333333333,56,3,4,2,9,0,Regular,1,491.06,West,New,0.984,508.87
11311,2025-11-29,8,1123.3700000000001,140.42125000000001,4.125,33,4,5,3,12,0,Regular,0,765.44,South,New,0.308,756.79
11312,2025-09-05,4,197.49,49.3725,5.25,118,1,3,1,5,3,New/Occasional,0,62.07,West,Returning,0.104,106.95
11313,2025-12-02,3,865.13,288.37666666666667,6.0,30,4,2,2,8,3,New/Occasional,1,549.98,East,Returning,0.96,558.65
11314,2025-08-30,3,1955.03,651.6766666666666,5.666666666666667,124,1,2,5,8,1,At Risk,1,988.73,North,New,0.872,1017.47
11315,2025-09-10,4,358.07,89.5175,4.25,113,2,3,1,6,3,New/Occasional,1,152.83,North,New,0.536,172.66
11316,2025-09-23,1,915.14,915.14,3.0,100,2,1,3,6,3,New/Occasional,0,436.48,East,Returning,0.248,470.78
11317,2025-04-29,1,173.24,173.24,6.0,247,1,1,1,3,1,At Risk,0,0.0,East,New,0.012,1.77
11318,2025-09-11,4,1164.3200000000002,291.08000000000004,4.0,112,2,3,3,8,3,New/Occasional,1,603.01,North,Returning,0.908,621.71
11319,2025-11-03,5,1257.84,251.56799999999998,4.8,59,3,3,3,9,0,Regular,1,770.39,West,Returning,1.0,770.15
11320,2025-12-20,7,788.2,112.60000000000001,4.142857142857143,12,5,5,2,12,0,Regular,1,506.51,West,Returning,0.988,542.83
11321,2025-04-04,2,1184.06,592.03,7.5,272,1,1,3,5,1,At Risk,1,473.3,South,New,0.14,524.99
11322,2025-12-12,3,574.8199999999999,191.60666666666665,4.0,20,4,2,2,8,3,New/Occasional,1,442.88,South,Returning,0.968,386.9
11323,2025-11-04,3,586.3199999999999,195.43999999999997,5.666666666666667,58,3,2,2,7,3,New/Occasional,1,371.78,North,New,0.844,363.97
11324,2025-12-21,9,1585.58,176.17555555555555,4.888888888888889,11,5,5,4,14,2,High Value,1,981.61,West,Returning,1.0,1005.95
11325,2025-11-16,1,78.47,78.47,9.0,46,3,1,1,5,3,New/Occasional,1,51.28,South,Returning,0.264,52.38
11326,2025-11-06,5,1696.47,339.294,4.8,56,3,3,4,10,0,Regular,1,986.42,West,Returning,1.0,1003.06
11327,2025-11-14,4,1419.75,354.9375,4.25,48,3,3,4,10,0,Regular,1,882.59,South,Returning,0.984,834.08
11328,2025-12-29,5,1222.0700000000002,244.41400000000004,5.6,3,5,3,3,11,0,Regular,1,785.93,East,New,0.956,786.86
11329,2025-12-12,6,702.25,117.04166666666667,3.5,20,4,4,2,10,0,Regular,1,455.83,South,Returning,0.992,483.98
11330,2025-10-06,4,899.8199999999999,224.95499999999998,5.0,87,2,3,3,8,3,New/Occasional,1,513.83,North,Returning,0.948,514.9
11331,2025-10-13,6,1890.6799999999998,315.1133333333333,4.666666666666667,80,2,4,4,10,0,Regular,1,1081.51,West,New,0.996,1090.92
11332,2025-11-20,6,580.99,96.83166666666666,4.0,42,3,4,2,9,0,Regular,1,344.14,South,Returning,0.996,365.84
11333,2025-11-15,6,667.6,111.26666666666667,4.333333333333333,47,3,4,2,9,0,Regular,1,456.78,South,Returning,0.992,450.55
11334,2025-11-14,2,1573.3600000000001,786.6800000000001,2.5,48,3,1,4,8,3,New/Occasional,1,888.3,West,Returning,0.868,914.45
11335,2025-10-22,3,545.26,181.75333333333333,3.6666666666666665,71,2,2,2,6,3,New/Occasional,1,333.34,West,Returning,0.96,350.0
11336,2025-12-07,4,395.93,98.9825,3.5,25,4,3,1,8,3,New/Occasional,1,332.87,West,Returning,0.964,312.86
11337,2025-11-19,5,1969.2400000000002,393.84800000000007,3.6,43,3,3,5,11,0,Regular,1,1154.56,North,Returning,1.0,1177.1
11338,2025-04-23,4,801.2099999999999,200.30249999999998,5.5,253,1,3,2,6,1,At Risk,0,262.42,East,New,0.012,305.47
11339,2025-04-30,1,679.74,679.74,6.0,246,1,1,2,4,1,At Risk,0,171.17,West,Returning,0.084,186.4
11340,2025-11-18,5,822.09,164.418,4.6,44,3,3,2,8,0,Regular,1,531.9,South,New,0.972,548.75
11341,2025-05-08,3,182.55,60.85,6.666666666666667,238,1,2,1,4,1,At Risk,0,12.74,North,Returning,0.044,16.25
11342,2025-10-23,4,803.3000000000001,200.82500000000002,3.5,70,2,3,2,7,3,New/Occasional,1,480.95,West,Returning,0.984,489.59
11343,2025-12-01,6,1525.3,254.21666666666667,3.6666666666666665,31,4,4,4,12,0,Regular,1,944.39,South,Returning,0.996,937.4
11344,2025-12-25,9,1407.08,156.3422222222222,5.333333333333333,7,5,5,4,14,2,High Value,1,951.32,East,New,0.996,944.97
11345,2025-10-20,13,3524.74,271.13384615384615,4.923076923076923,73,2,5,5,12,2,High Value,1,2136.62,West,New,0.888,2140.63
11346,2025-11-01,6,1959.92,326.65333333333336,5.666666666666667,61,3,4,5,12,0,Regular,1,1227.92,East,Returning,0.976,1187.69
11347,2025-12-19,7,735.7099999999999,105.10142857142856,3.4285714285714284,13,5,5,2,12,0,Regular,1,545.99,South,New,1.0,522.62
11348,2025-11-04,5,915.02,183.004,3.8,58,3,3,3,9,0,Regular,0,561.84,South,New,0.376,566.25
11349,2025-08-08,2,163.91,81.955,5.0,146,1,1,1,3,1,At Risk,0,26.09,South,Returning,0.028,27.39
11350,2025-11-12,3,597.11,199.03666666666666,4.666666666666667,50,3,2,2,7,3,New/Occasional,0,343.74,North,Returning,0.348,362.49
11351,2025-12-19,10,2315.1,231.51,4.1,13,5,5,5,15,2,High Value,1,1416.96,West,Returning,0.984,1437.77
11352,2025-07-21,3,1227.89,409.2966666666667,3.6666666666666665,164,1,2,3,6,1,At Risk,0,550.84,West,Returning,0.076,587.42
11353,2025-11-08,5,955.52,191.10399999999998,4.6,54,3,3,3,9,0,Regular,1,571.5,South,Returning,0.984,576.96
11354,2025-12-13,1,804.87,804.87,4.0,19,4,1,2,7,3,New/Occasional,1,514.92,South,New,0.976,536.58
11355,2025-11-26,9,3949.2200000000003,438.80222222222227,5.0,36,4,5,5,14,2,High Value,1,2372.52,West,Returning,0.96,2362.94
11356,2025-07-10,3,263.97,87.99000000000001,4.0,175,1,2,1,4,1,At Risk,0,32.62,North,Returning,0.008,84.12
11357,2025-10-24,6,651.42,108.57,5.0,69,2,4,2,8,0,Regular,1,428.65,South,Returning,0.984,426.14
11358,2025-11-14,3,1278.46,426.15333333333336,3.6666666666666665,48,3,2,3,8,3,New/Occasional,1,748.56,South,Returning,0.992,760.31
11359,2025-11-13,7,2297.23,328.17571428571426,4.571428571428571,49,3,5,5,13,2,High Value,1,1350.0,East,Returning,0.996,1368.86
11360,2025-12-05,9,2784.59,309.3988888888889,4.111111111111111,27,4,5,5,14,2,High Value,1,1745.03,North,Returning,0.996,1715.71
11361,2025-11-29,1,56.17,56.17,7.0,33,4,1,1,6,3,New/Occasional,0,75.86,East,Returning,0.14,65.89
11362,2025-12-04,7,2284.48,326.3542857142857,4.142857142857143,28,4,5,5,14,2,High Value,1,1399.89,South,Returning,0.996,1391.51
11363,2025-09-11,1,45.19,45.19,8.0,112,2,1,1,4,3,New/Occasional,0,0.0,East,New,0.124,19.1
11364,2025-11-23,6,1888.78,314.7966666666667,6.166666666666667,39,3,4,4,11,0,Regular,1,1087.02,North,New,0.98,1109.98
11365,2025-11-10,6,802.71,133.785,4.0,52,3,4,2,9,0,Regular,1,580.18,South,Returning,0.996,554.85
11366,2025-09-05,3,651.7099999999999,217.23666666666665,4.666666666666667,118,1,2,2,5,3,New/Occasional,0,356.56,South,New,0.416,338.86
11367,2025-12-26,6,2366.99,394.4983333333333,6.0,6,5,4,5,14,2,High Value,1,1448.77,North,Returning,0.996,1448.84
11368,2025-07-17,3,964.0799999999999,321.35999999999996,4.666666666666667,168,1,2,3,6,1,At Risk,0,437.22,North,Returning,0.108,436.24
11369,2025-12-11,3,185.77,61.92333333333334,6.333333333333333,21,4,2,1,7,3,New/Occasional,1,144.48,North,Returning,0.952,163.6
11370,2025-09-21,5,1146.6399999999999,229.32799999999997,4.4,102,2,3,3,8,0,Regular,1,676.16,South,New,0.976,654.66
11372,2025-11-21,7,2076.1,296.5857142857143,4.428571428571429,41,3,5,5,13,2,High Value,1,1299.53,West,Returning,0.988,1279.5
11373,2025-10-22,5,2459.49,491.89799999999997,6.8,71,2,3,5,10,0,Regular,1,1469.19,South,New,0.956,1423.55
11374,2025-10-29,3,443.62,147.87333333333333,4.333333333333333,64,3,2,1,6,3,New/Occasional,1,244.65,West,New,0.976,258.65
11375,2025-10-18,2,97.37,48.685,5.5,75,2,1,1,4,3,New/Occasional,1,46.49,West,New,0.712,52.0
11376,2025-12-22,4,259.53000000000003,64.88250000000001,3.0,10,5,3,1,9,3,New/Occasional,1,162.44,North,New,0.988,185.56
11377,2025-09-27,4,2049.04,512.26,5.25,96,2,3,5,10,0,Regular,1,1056.43,East,New,0.968,1156.83
11378,2025-10-21,3,943.55,314.51666666666665,7.0,72,2,2,3,7,3,New/Occasional,1,556.51,West,Returning,0.956,559.09
11379,2025-11-15,12,2165.35,180.44583333333333,4.833333333333333,47,3,5,5,13,2,High Value,1,1364.78,East,Returning,0.972,1360.61
11380,2025-12-27,5,1216.24,243.248,4.0,5,5,3,3,11,0,Regular,1,715.37,South,New,0.972,745.66
11381,2025-09-25,2,274.28,137.14,3.5,98,2,1,1,4,3,New/Occasional,0,87.95,South,New,0.096,95.98
11382,2025-10-16,7,1503.7,214.81428571428572,3.5714285714285716,77,2,5,4,11,0,Regular,1,925.73,North,New,0.98,921.78
11383,2025-09-07,4,1289.32,322.33,4.25,116,2,3,3,8,3,New/Occasional,1,720.16,South,Returning,0.956,722.03
11384,2025-10-20,3,1612.6399999999999,537.5466666666666,7.333333333333333,73,2,2,4,8,3,New/Occasional,1,847.95,West,New,0.964,918.13
11385,2025-09-11,6,1272.26,212.04333333333332,4.0,112,2,4,3,9,0,Regular,1,780.22,West,Returning,0.976,766.05
11386,2025-12-13,4,622.75,155.6875,4.25,19,4,3,2,9,3,New/Occasional,1,403.06,North,New,0.992,421.29
11387,2025-12-28,8,1970.8600000000001,246.35750000000002,3.625,4,5,5,5,15,2,High Value,1,1263.99,East,New,0.996,1253.79
11388,2025-12-16,6,2107.05,351.175,4.833333333333333,16,4,4,5,13,0,Regular,1,1283.79,South,Returning,0.964,1285.01
11389,2025-09-11,7,1176.45,168.06428571428572,3.7142857142857144,112,2,5,3,10,0,Regular,1,701.84,West,New,0.948,673.99
11390,2025-10-31,2,280.51,140.255,4.0,62,3,1,1,5,3,New/Occasional,0,131.69,North,New,0.312,161.77
11391,2025-12-18,2,277.82,138.91,2.0,14,5,1,1,7,3,New/Occasional,1,205.35,West,New,0.956,195.19
11392,2025-12-28,7,2176.42,310.9171428571429,4.857142857142857,4,5,5,5,15,2,High Value,1,1358.86,West,Returning,0.976,1359.3
11393,2025-08-23,7,1960.0900000000001,280.0128571428572,4.857142857142857,131,1,5,5,11,0,Regular,1,1109.17,North,Returning,0.992,1113.72
11394,2025-07-14,7,1527.48,218.21142857142857,5.142857142857143,171,1,5,4,10,0,Regular,1,845.75,North,Returning,0.784,842.45
11395,2025-10-01,6,725.7,120.95,4.333333333333333,92,2,4,2,8,0,Regular,1,492.9,West,Returning,0.98,471.59
11396,2025-11-13,2,152.64000000000001,76.32000000000001,4.5,49,3,1,1,5,3,New/Occasional,0,89.36,North,New,0.72,98.39
11397,2025-12-08,6,2470.99,411.83166666666665,4.666666666666667,24,4,4,5,13,2,High Value,1,1498.31,South,Returning,0.992,1484.58
11398,2025-09-16,8,2934.07,366.75875,5.625,107,2,5,5,12,2,High Value,1,1684.07,West,New,0.912,1690.81
11399,2025-12-28,3,401.48,133.82666666666668,5.333333333333333,4,5,2,1,8,3,New/Occasional,1,351.07,East,Returning,0.852,315.33
11400,2025-09-25,2,372.76,186.38,3.0,98,2,1,1,4,3,New/Occasional,0,133.61,South,Returning,0.12,148.16
11401,2025-08-22,4,218.12,54.53,4.75,132,1,3,1,5,1,At Risk,0,148.8,South,Returning,0.032,121.06
11402,2025-12-31,8,1745.54,218.1925,3.625,1,5,5,4,14,2,High Value,1,1114.54,North,Returning,0.984,1110.52
11403,2025-11-25,4,544.48,136.12,6.25,37,4,3,2,9,3,New/Occasional,1,442.08,West,New,0.976,419.76
11404,2025-09-04,7,3421.89,488.84142857142854,6.571428571428571,119,1,5,5,11,2,High Value,1,1946.17,South,Returning,0.98,1982.38
11405,2025-11-25,5,598.41,119.68199999999999,5.6,37,4,3,2,9,3,New/Occasional,1,445.58,North,Returning,0.94,441.41
11406,2025-12-29,5,1577.6399999999999,315.52799999999996,3.6,3,5,3,4,12,0,Regular,1,979.37,South,Returning,0.992,988.98
11407,2025-10-16,7,1498.56,214.07999999999998,3.4285714285714284,77,2,5,4,11,0,Regular,1,934.73,West,Returning,0.972,921.01
11408,2025-11-28,6,2294.69,382.4483333333333,4.666666666666667,34,4,4,5,13,2,High Value,1,1393.29,North,New,0.98,1386.2
11409,2025-07-30,2,243.37,121.685,5.5,155,1,1,1,3,1,At Risk,0,55.37,West,Returning,0.068,71.94
11410,2025-12-13,9,3199.77,355.53,4.333333333333333,19,4,5,5,14,2,High Value,1,1961.52,East,Returning,0.98,1932.61
11411,2025-07-10,5,1212.43,242.48600000000002,5.2,175,1,3,3,7,1,At Risk,1,511.71,West,Returning,0.644,545.91
11412,2025-10-07,4,1002.4,250.6,4.25,86,2,3,3,8,3,New/Occasional,1,553.38,West,New,0.92,561.01
11413,2025-12-24,7,1609.34,229.90571428571428,4.571428571428571,8,5,5,4,14,0,Regular,1,1034.69,West,Returning,1.0,1019.16
11414,2025-12-31,5,2164.48,432.896,4.2,1,5,3,5,13,0,Regular,1,1327.13,West,Returning,0.984,1305.13
11415,2025-08-23,5,1532.57,306.514,3.0,131,1,3,4,8,0,Regular,1,879.03,North,Returning,0.904,870.15
11416,2025-11-21,8,1840.22,230.0275,4.375,41,3,5,4,12,2,High Value,1,1140.38,West,New,1.0,1130.68
11417,2025-09-28,5,386.96999999999997,77.39399999999999,2.8,95,2,3,1,6,3,New/Occasional,0,233.67,East,New,0.256,238.14
11418,2025-10-28,5,301.6,60.32000000000001,4.6,65,3,3,1,7,3,New/Occasional,1,257.88,East,Returning,0.936,241.8
11419,2025-10-05,6,1317.44,219.57333333333335,3.8333333333333335,88,2,4,3,9,0,Regular,1,823.7,West,New,0.968,796.39
11420,2025-11-15,7,2155.79,307.96999999999997,4.285714285714286,47,3,5,5,13,2,High Value,1,1325.28,West,Returning,0.988,1325.58
11421,2025-10-23,5,805.36,161.072,3.0,70,2,3,2,7,3,New/Occasional,1,494.59,East,Returning,0.96,501.09
11422,2025-12-27,6,1045.96,174.32666666666668,6.166666666666667,5,5,4,3,12,0,Regular,1,797.98,South,New,0.96,751.21
11423,2025-12-24,5,1359.1100000000001,271.822,4.6,8,5,3,4,12,0,Regular,1,863.09,South,New,0.988,858.72
11424,2025-10-24,11,1927.09,175.19,5.090909090909091,69,2,5,4,11,2,High Value,1,1233.37,South,Returning,0.98,1214.89
11425,2025-05-03,6,1265.5900000000001,210.9316666666667,3.0,243,1,4,3,8,1,At Risk,0,672.53,South,New,0.064,685.59
11426,2025-10-27,6,904.51,150.75166666666667,4.5,66,2,4,3,9,0,Regular,1,629.56,South,Returning,0.956,602.59
11427,2025-12-31,4,888.3299999999999,222.08249999999998,5.0,1,5,3,3,11,3,New/Occasional,1,614.44,North,Returning,0.904,597.6
11428,2025-12-22,6,1665.55,277.59166666666664,4.5,10,5,4,4,13,0,Regular,1,1013.49,North,Returning,0.988,1011.47
11429,2025-10-29,8,1452.42,181.5525,4.125,64,3,5,4,12,0,Regular,1,919.17,West,Returning,0.996,904.55
11430,2025-03-11,1,37.04,37.04,5.0,296,1,1,1,3,1,At Risk,0,0.0,South,Returning,0.008,0.0
11431,2025-08-18,3,491.65999999999997,163.88666666666666,3.3333333333333335,136,1,2,1,4,1,At Risk,0,300.34,West,Returning,0.144,261.6
11432,2025-07-10,6,1263.4199999999998,210.56999999999996,3.8333333333333335,175,1,4,3,8,1,At Risk,0,778.62,East,New,0.1,745.14
11433,2025-11-26,3,1153.59,384.53,6.333333333333333,36,4,2,3,9,3,New/Occasional,1,665.11,North,Returning,0.988,686.23
11434,2025-06-24,7,2428.65,346.95,3.5714285714285716,191,1,5,5,11,2,High Value,0,1349.7,North,Returning,0.32,1353.07
11435,2025-06-25,3,953.48,317.82666666666665,4.666666666666667,190,1,2,3,6,1,At Risk,0,408.89,North,Returning,0.04,420.0
11436,2025-12-24,7,2521.06,360.15142857142854,4.571428571428571,8,5,5,5,15,2,High Value,1,1531.01,West,Returning,0.992,1508.66
11437,2025-05-08,2,1595.68,797.84,5.5,238,1,1,4,6,1,At Risk,0,699.06,North,New,0.62,751.84
11438,2025-09-22,9,2969.87,329.98555555555555,5.555555555555555,101,2,5,5,12,2,High Value,1,1792.95,South,New,0.956,1753.03
11439,2025-12-03,2,988.96,494.48,4.0,29,4,1,3,8,3,New/Occasional,1,592.15,West,New,0.996,612.92
11440,2025-12-07,6,1624.1100000000001,270.685,4.5,25,4,4,4,12,0,Regular,1,1019.03,West,New,0.996,1005.89
11441,2025-12-02,8,2834.83,354.35375,4.375,30,4,5,5,14,2,High Value,1,1707.88,North,Returning,0.988,1693.78
11442,2025-10-23,7,1836.01,262.28714285714284,4.285714285714286,70,2,5,4,11,0,Regular,1,1115.98,North,New,0.992,1117.94
11443,2025-04-15,4,1731.93,432.9825,6.0,261,1,3,4,8,1,At Risk,0,834.03,North,Returning,0.244,847.71
11444,2025-12-31,8,2029.71,253.71375,4.75,1,5,5,5,15,2,High Value,1,1265.46,North,New,0.956,1263.07
11445,2025-12-01,5,1078.92,215.78400000000002,4.6,31,4,3,3,10,0,Regular,1,626.43,North,New,0.996,669.75
11446,2025-12-21,3,1124.24,374.74666666666667,3.6666666666666665,11,5,2,3,10,3,New/Occasional,1,645.97,East,Returning,0.988,669.87
11447,2025-10-06,8,2034.49,254.31125,3.875,87,2,5,5,12,2,High Value,1,1158.29,West,New,0.984,1202.4
11448,2025-09-28,7,1423.38,203.34,5.285714285714286,95,2,5,4,11,0,Regular,0,860.18,South,Returning,0.384,848.02
11449,2025-11-18,3,266.02,88.67333333333333,4.0,44,3,2,1,6,3,New/Occasional,1,162.13,East,Returning,0.98,197.87
11450,2025-10-16,5,1092.92,218.584,5.8,77,2,3,3,8,0,Regular,1,686.11,North,Returning,0.704,662.08
11451,2025-12-29,5,507.52000000000004,101.504,4.8,3,5,4,2,11,3,New/Occasional,1,404.86,West,New,0.94,401.95
11452,2025-12-19,4,1309.88,327.47,5.25,13,5,3,3,11,0,Regular,0,746.49,East,Returning,0.324,776.3
11453,2025-11-18,3,1393.0900000000001,464.3633333333334,6.0,44,3,2,4,9,3,New/Occasional,1,796.23,West,New,0.98,816.89
11454,2025-12-31,8,1657.32,207.165,2.75,1,5,5,4,14,2,High Value,1,1010.33,West,Returning,0.988,1023.14
11455,2025-09-02,2,500.0,250.0,6.5,121,1,1,2,4,3,New/Occasional,0,192.05,South,Returning,0.208,211.11
11456,2025-12-02,11,3961.5299999999997,360.1390909090909,4.454545454545454,30,4,5,5,14,2,High Value,1,2362.68,North,New,0.936,2367.81
11457,2025-11-24,2,712.52,356.26,2.0,38,3,1,2,6,3,New/Occasional,1,390.6,North,New,0.96,445.86
11458,2025-12-30,4,1492.63,373.1575,5.75,2,5,3,4,12,0,Regular,1,987.12,South,New,0.964,955.58
11459,2025-12-15,6,2737.87,456.31166666666667,5.833333333333333,17,4,4,5,13,2,High Value,1,1654.74,West,New,0.968,1644.12
11460,2025-12-20,9,1704.8500000000001,189.4277777777778,5.666666666666667,12,5,5,4,14,2,High Value,1,1107.39,South,Returning,0.984,1107.37
11461,2025-11-26,7,2160.33,308.61857142857144,4.0,36,4,5,5,14,2,High Value,1,1361.72,West,Returning,0.996,1343.79
11462,2025-12-03,6,561.51,93.585,5.0,29,4,4,2,10,0,Regular,1,386.62,East,Returning,1.0,401.72
11463,2025-06-29,5,517.51,103.502,3.0,186,1,4,2,7,1,At Risk,0,225.6,North,New,0.144,223.1
11464,2025-12-01,8,1280.0,160.0,4.0,31,4,5,3,12,0,Regular,1,879.99,South,Returning,0.844,874.0
11465,2025-09-01,5,1380.12,276.024,2.6,122,1,4,4,9,0,Regular,1,730.22,East,New,0.872,737.56
11466,2025-12-11,7,3507.1400000000003,501.02000000000004,5.571428571428571,21,4,5,5,14,2,High Value,1,2090.0,East,Returning,0.988,2089.03
11467,2025-08-23,7,1882.14,268.87714285714287,4.857142857142857,131,1,5,4,10,0,Regular,1,1083.52,South,New,0.976,1078.38
11468,2025-12-14,4,730.9499999999999,182.73749999999998,2.75,18,4,3,2,9,3,New/Occasional,1,508.41,North,New,0.996,483.64
11469,2025-11-02,6,1114.37,185.72833333333332,3.8333333333333335,60,3,4,3,10,0,Regular,1,759.81,West,Returning,0.976,717.01
11470,2025-11-12,3,1980.7600000000002,660.2533333333334,3.6666666666666665,50,3,2,5,10,0,Regular,1,1144.36,North,New,0.984,1156.41
11471,2025-08-28,2,97.96000000000001,48.980000000000004,4.5,126,1,1,1,3,1,At Risk,0,10.89,West,Returning,0.044,15.15
11472,2025-06-11,3,494.65,164.88333333333333,4.666666666666667,204,1,2,1,4,1,At Risk,0,120.05,North,Returning,0.2,150.05
11473,2025-12-07,8,1198.38,149.7975,5.75,25,4,5,3,12,0,Regular,1,817.97,North,New,0.688,767.0
11474,2025-09-17,3,161.97,53.99,4.666666666666667,106,2,2,1,5,3,New/Occasional,0,60.89,South,Returning,0.144,59.22
11475,2025-12-12,4,1407.04,351.76,4.0,20,4,3,4,11,0,Regular,1,853.56,South,Returning,0.996,850.43
11476,2025-12-31,6,1985.27,330.87833333333333,5.166666666666667,1,5,4,5,14,0,Regular,1,1212.43,South,Returning,0.928,1213.79
11477,2025-09-06,7,1456.1399999999999,208.01999999999998,5.0,117,2,5,4,11,0,Regular,1,868.78,South,Returning,0.964,855.26
11478,2025-10-09,4,1411.75,352.9375,4.0,84,2,3,4,9,0,Regular,1,768.19,West,Returning,0.876,787.73
11479,2025-09-16,3,889.43,296.47666666666663,4.666666666666667,107,2,2,3,7,3,New/Occasional,1,484.31,South,Returning,0.808,487.39
11480,2025-11-09,8,1528.84,191.105,5.0,53,3,5,4,12,0,Regular,1,930.71,South,Returning,0.988,937.33
11481,2025-11-17,5,1012.22,202.44400000000002,5.0,45,3,4,3,10,0,Regular,1,573.27,South,Returning,0.988,632.13
11482,2025-10-22,8,1808.29,226.03625,4.75,71,2,5,4,11,2,High Value,1,1092.7,North,New,0.992,1105.9
11483,2025-12-29,3,508.21000000000004,169.40333333333334,4.0,3,5,2,2,9,3,New/Occasional,1,377.05,East,New,0.94,354.57
11484,2025-10-08,2,894.26,447.13,5.0,85,2,1,3,6,3,New/Occasional,1,454.15,North,Returning,0.98,474.39
11485,2025-11-30,5,969.71,193.942,6.2,32,4,4,3,11,0,Regular,1,629.32,East,New,0.972,622.8
11486,2025-12-20,3,1027.31,342.43666666666667,3.6666666666666665,12,5,2,3,10,3,New/Occasional,1,625.52,North,New,0.948,639.35
11487,2025-11-26,5,1080.6299999999999,216.12599999999998,3.4,36,4,4,3,11,0,Regular,1,645.71,West,New,0.984,673.66
11488,2025-09-21,3,886.8599999999999,295.61999999999995,3.3333333333333335,102,2,2,3,7,3,New/Occasional,0,499.48,South,Returning,0.24,492.61
11489,2025-11-30,6,873.0,145.5,4.0,32,4,4,2,10,0,Regular,1,566.55,West,New,0.968,620.09
11490,2025-04-09,3,1021.2,340.40000000000003,4.333333333333333,267,1,2,3,6,1,At Risk,0,418.47,South,Returning,0.036,413.63
11491,2025-10-29,6,2747.89,457.9816666666666,5.0,64,3,4,5,12,2,High Value,1,1540.63,North,Returning,0.98,1617.02
11492,2025-11-09,3,322.4,107.46666666666665,4.0,53,3,2,1,6,3,New/Occasional,1,218.41,West,Returning,0.98,186.73
11493,2025-12-03,4,373.83,93.4575,5.75,29,4,3,1,8,3,New/Occasional,1,303.34,East,New,0.96,294.08
11494,2025-12-26,6,793.29,132.215,5.333333333333333,6,5,4,2,11,0,Regular,1,581.22,West,Returning,0.984,545.88
11495,2025-11-19,5,1778.8600000000001,355.77200000000005,4.4,43,3,4,4,11,0,Regular,1,1090.91,South,Returning,0.996,1077.31
11496,2025-12-27,4,3234.99,808.7475,4.75,5,5,3,5,13,2,High Value,1,1899.34,East,Returning,0.908,1898.98
11497,2025-06-24,2,578.13,289.065,4.5,191,1,1,2,4,1,At Risk,0,222.54,West,Returning,0.076,212.39
11498,2025-10-18,4,840.3000000000001,210.07500000000002,2.5,75,2,3,2,7,3,New/Occasional,1,526.28,East,New,0.916,512.74
11499,2025-09-03,7,687.06,98.15142857142857,3.4285714285714284,120,1,5,2,8,0,Regular,0,412.8,South,Returning,0.648,370.15
11500,2025-11-03,4,679.15,169.7875,5.5,59,3,3,2,8,3,New/Occasional,1,440.68,East,New,0.932,412.97
