order_id,customer_id,order_date,category,quantity,unit_price,discount,delivery_days,payment_method,revenue,region
500001,10113,2025-07-29,Grocery,1,228.82,0.0,5,COD,228.82,South
500002,10753,2025-06-18,Electronics,2,31.22,0.05,1,UPI,59.32,South
500003,10855,2025-02-02,Sports,4,15.11,0.2,3,Card,48.35,North
500004,11099,2025-10-12,Fashion,1,248.57,0.0,5,Card,248.57,West
500005,10859,2025-04-30,Sports,1,34.05,0.0,2,COD,34.05,South
500006,10283,2025-03-29,Beauty,2,399.02,0.05,7,UPI,758.14,North
500007,10551,2025-10-13,Electronics,3,18.36,0.0,6,UPI,55.08,South
500008,10666,2025-03-14,Sports,4,13.97,0.1,3,Net Banking,50.29,East
500009,11476,2025-09-07,Fashion,3,396.49,0.05,2,UPI,1130.0,South
500010,10799,2025-06-23,Beauty,2,13.73,0.15,3,Net Banking,23.34,West
500011,10953,2025-10-19,Beauty,4,11.92,0.1,3,Card,42.91,South
500012,11104,2025-01-19,Beauty,1,123.25,0.05,2,Card,117.09,West
500013,10544,2025-10-10,Beauty,4,34.38,0.15,2,UPI,116.89,West
500014,11447,2025-03-25,Home,2,57.85,0.0,4,COD,115.7,West
500015,11013,2025-11-14,Home,2,51.02,0.1,6,UPI,91.84,South
500016,11273,2025-05-10,Home,4,22.64,0.1,3,Card,81.5,South
500017,11124,2025-01-03,Electronics,3,54.15,0.0,5,UPI,162.45,North
500018,10933,2025-06-27,Grocery,2,25.28,0.0,4,UPI,50.56,South
500019,10047,2025-01-20,Home,2,22.97,0.05,6,COD,43.64,South
500020,10876,2025-04-09,Electronics,2,24.3,0.05,3,UPI,46.17,West
500021,10195,2025-09-19,Electronics,4,15.7,0.1,5,Card,56.52,North
500022,10905,2025-07-24,Grocery,1,87.09,0.0,5,COD,87.09,West
500023,11053,2025-09-16,Beauty,1,76.26,0.0,7,Card,76.26,South
500024,10818,2025-11-17,Home,2,10.54,0.2,6,Card,16.86,South
500025,10463,2025-06-20,Beauty,2,57.2,0.0,5,UPI,114.4,West
500026,10090,2025-07-18,Electronics,4,160.63,0.2,2,COD,514.02,South
500027,11007,2025-01-22,Home,1,13.5,0.1,3,UPI,12.15,West
500028,11048,2025-04-15,Home,4,37.21,0.1,3,Card,133.96,West
500029,10717,2025-09-22,Sports,4,289.52,0.0,3,COD,1158.08,East
500030,11075,2025-01-23,Electronics,2,44.57,0.15,5,COD,75.77,West
500031,11169,2025-05-12,Beauty,4,13.75,0.15,5,UPI,46.75,West
500032,10769,2025-02-19,Sports,4,79.76,0.1,5,UPI,287.14,North
500033,10072,2025-11-09,Grocery,4,56.96,0.1,7,COD,205.06,South
500034,11306,2025-07-24,Fashion,2,20.17,0.05,5,COD,38.32,West
500035,10701,2025-08-24,Home,2,13.95,0.0,2,Card,27.9,South
500036,11009,2025-09-07,Beauty,4,219.47,0.2,5,UPI,702.3,West
500037,11367,2025-03-23,Home,2,244.67,0.0,6,Card,489.34,North
500038,10544,2025-01-19,Fashion,1,92.24,0.05,7,Net Banking,87.63,West
500039,10933,2025-05-26,Home,3,13.76,0.05,4,UPI,39.22,South
500040,10030,2025-03-09,Fashion,2,273.25,0.1,4,COD,491.85,East
500041,11328,2025-04-28,Fashion,4,45.7,0.1,7,Card,164.52,East
500042,10089,2025-04-27,Grocery,4,57.64,0.1,5,COD,207.5,North
500043,10812,2025-10-13,Beauty,1,235.89,0.0,1,UPI,235.89,North
500044,10528,2025-04-27,Grocery,4,46.14,0.0,1,UPI,184.56,West
500045,10054,2025-02-25,Beauty,4,23.31,0.0,8,UPI,93.24,East
500046,10694,2025-12-16,Sports,4,28.23,0.2,1,COD,90.34,South
500047,11404,2025-01-18,Fashion,2,324.78,0.0,4,Card,649.56,South
500048,10251,2025-03-16,Sports,3,57.51,0.2,6,Card,138.02,East
500049,10439,2025-05-07,Beauty,4,83.53,0.0,1,Net Banking,334.12,West
500050,10284,2025-01-23,Sports,4,74.55,0.15,2,UPI,253.47,South
500051,10188,2025-11-25,Beauty,2,28.53,0.1,2,COD,51.35,North
500052,10346,2025-05-09,Beauty,3,53.57,0.15,8,UPI,136.6,West
500053,10858,2025-10-13,Beauty,2,361.34,0.1,9,UPI,650.41,West
500054,11171,2025-02-19,Sports,2,20.64,0.1,3,Card,37.15,South
500055,11036,2025-07-10,Fashion,3,285.06,0.1,6,Net Banking,769.66,East
500056,11157,2025-02-16,Electronics,2,23.51,0.0,5,COD,47.02,North
500057,11074,2025-03-26,Sports,1,27.06,0.15,4,UPI,23.0,West
500058,10575,2025-05-29,Sports,3,14.7,0.1,1,Net Banking,39.69,West
500059,11351,2025-11-11,Electronics,2,97.71,0.0,9,COD,195.42,West
500060,10259,2025-04-22,Grocery,3,43.36,0.0,1,COD,130.08,North
500061,11050,2025-10-03,Fashion,2,56.99,0.05,5,Card,108.28,South
500062,10167,2025-02-03,Electronics,4,71.27,0.15,3,Card,242.32,West
500063,11149,2025-04-02,Beauty,4,99.31,0.1,7,UPI,357.52,South
500064,10131,2025-08-09,Grocery,2,300.39,0.0,6,Card,600.78,North
500065,10325,2025-06-20,Home,3,75.38,0.1,3,UPI,203.53,West
500066,10587,2025-07-03,Grocery,1,14.82,0.0,3,Card,14.82,North
500067,11042,2025-09-05,Beauty,4,148.96,0.0,1,Card,595.84,East
500068,10069,2025-01-29,Home,1,10.88,0.15,5,Card,9.25,North
500069,10387,2025-09-11,Beauty,4,270.67,0.0,6,COD,1082.68,East
500070,10501,2025-11-11,Fashion,4,24.09,0.05,4,Card,91.54,West
500071,11097,2025-10-07,Sports,1,153.02,0.0,4,Card,153.02,North
500072,11443,2025-04-14,Grocery,1,17.44,0.0,8,UPI,17.44,North
500073,10922,2025-05-09,Home,3,43.09,0.0,6,UPI,129.27,West
500074,10762,2025-12-17,Grocery,4,95.87,0.0,7,UPI,383.48,North
500075,10505,2025-10-16,Fashion,3,115.05,0.05,1,UPI,327.89,South
500076,11234,2025-12-07,Electronics,1,12.95,0.15,6,Card,11.01,East
500077,10161,2025-11-30,Grocery,3,11.96,0.0,5,Card,35.88,North
500078,10194,2025-06-08,Beauty,2,409.24,0.15,2,Net Banking,695.71,West
500079,10302,2025-02-17,Fashion,4,56.13,0.1,2,UPI,202.07,North
500080,10403,2025-03-25,Sports,4,257.83,0.0,4,UPI,1031.32,West
500081,10693,2025-04-18,Electronics,4,9.92,0.0,2,COD,39.68,North
500082,11420,2025-11-01,Home,2,59.58,0.0,3,UPI,119.16,West
500083,10976,2025-04-11,Sports,2,85.85,0.1,4,Card,154.53,East
500084,10576,2025-05-12,Home,4,409.02,0.1,6,COD,1472.47,South
500085,10318,2025-11-07,Electronics,1,121.32,0.0,3,Card,121.32,East
500086,10973,2025-03-01,Electronics,1,103.68,0.0,4,UPI,103.68,North
500087,10380,2025-08-31,Sports,1,29.32,0.0,7,UPI,29.32,West
500088,11465,2025-07-21,Electronics,3,365.84,0.1,1,Net Banking,987.77,East
500089,10717,2025-12-26,Electronics,1,33.67,0.0,5,COD,33.67,East
500090,10827,2025-06-28,Fashion,3,25.3,0.05,5,COD,72.1,East
500091,11356,2025-07-10,Electronics,1,125.45,0.1,5,UPI,112.9,North
500092,10459,2025-11-07,Fashion,4,358.17,0.1,3,Card,1289.41,West
500093,10708,2025-12-28,Fashion,2,178.76,0.0,2,COD,357.52,West
500094,10798,2025-09-24,Fashion,1,19.62,0.05,8,UPI,18.64,North
500095,10407,2025-09-12,Beauty,3,214.65,0.05,3,Net Banking,611.75,South
500096,10082,2025-11-16,Sports,2,31.01,0.15,2,Net Banking,52.72,South
500097,10426,2025-12-24,Fashion,2,20.2,0.05,5,UPI,38.38,West
500098,10169,2025-09-26,Beauty,3,425.23,0.05,3,UPI,1211.91,South
500099,11014,2025-04-17,Electronics,4,367.62,0.0,7,UPI,1470.48,West
500100,10011,2025-08-23,Home,4,38.19,0.1,4,Card,137.48,South
500101,10475,2025-03-28,Electronics,2,13.81,0.1,7,Card,24.86,South
500102,11327,2025-07-02,Electronics,4,27.05,0.1,5,COD,97.38,South
500103,10853,2025-06-12,Home,1,69.01,0.1,4,Card,62.11,West
500104,11007,2025-12-27,Home,4,12.99,0.15,7,UPI,44.17,West
500105,11003,2025-07-22,Electronics,4,22.84,0.15,3,UPI,77.66,North
500106,10448,2025-12-17,Home,3,18.95,0.0,4,Card,56.85,East
500107,10949,2025-10-22,Fashion,3,312.38,0.0,6,Card,937.14,West
500108,10332,2025-11-06,Home,3,42.45,0.15,5,Net Banking,108.25,North
500109,10954,2025-03-03,Home,1,36.03,0.1,3,UPI,32.43,North
500110,11025,2025-10-10,Electronics,4,45.26,0.2,1,COD,144.83,East
500111,11315,2025-04-02,Electronics,3,13.05,0.05,4,UPI,37.19,North
500112,11380,2025-07-30,Electronics,4,58.85,0.2,3,COD,188.32,South
500113,10036,2025-06-27,Beauty,1,348.36,0.0,5,UPI,348.36,North
500114,10449,2025-04-05,Fashion,4,261.73,0.1,4,Card,942.23,North
500115,10821,2025-12-26,Sports,2,28.64,0.05,3,Card,54.42,North
500116,10483,2025-11-16,Fashion,4,13.4,0.0,4,COD,53.6,East
500117,10928,2025-07-29,Fashion,4,151.77,0.0,4,UPI,607.08,West
500118,11282,2025-01-04,Grocery,4,220.24,0.0,6,UPI,880.96,South
500119,10388,2025-03-08,Home,4,281.78,0.0,5,Card,1127.12,West
500120,11341,2025-03-25,Sports,1,74.9,0.15,9,Card,63.67,North
500121,11324,2025-12-21,Grocery,2,52.98,0.2,5,UPI,84.77,West
500122,11372,2025-05-28,Fashion,2,120.36,0.15,3,UPI,204.61,West
500123,10111,2025-01-18,Grocery,3,86.17,0.2,4,COD,206.81,South
500124,10440,2025-08-02,Electronics,4,120.84,0.15,6,UPI,410.86,East
500125,10187,2025-12-13,Grocery,3,22.85,0.15,7,UPI,58.27,South
500126,10181,2025-07-24,Fashion,3,280.61,0.0,7,UPI,841.83,West
500127,10080,2025-06-12,Home,4,11.85,0.0,2,Card,47.4,West
500128,10660,2025-03-06,Electronics,1,12.17,0.15,7,Net Banking,10.34,South
500129,10131,2025-11-17,Sports,3,99.67,0.05,4,COD,284.06,North
500130,10444,2025-02-08,Beauty,3,62.28,0.1,3,COD,168.16,North
500131,11473,2025-12-07,Home,1,72.49,0.1,4,Card,65.24,North
500132,11326,2025-03-23,Beauty,3,408.22,0.0,7,UPI,1224.66,West
500133,11406,2025-02-20,Grocery,4,204.83,0.0,5,Net Banking,819.32,South
500134,10055,2025-05-08,Beauty,4,141.1,0.1,2,UPI,507.96,East
500135,10992,2025-01-02,Electronics,4,18.8,0.05,2,COD,71.44,West
500136,10951,2025-01-06,Home,4,10.86,0.05,2,UPI,41.27,South
500137,10200,2025-03-10,Electronics,2,17.14,0.1,3,Card,30.85,South
500138,11360,2025-09-10,Sports,1,100.36,0.05,5,Net Banking,95.34,North
500139,10607,2025-10-25,Sports,4,146.08,0.05,2,COD,555.1,West
500140,11466,2025-04-01,Grocery,2,175.23,0.1,4,COD,315.41,East
500141,10171,2025-08-24,Fashion,3,21.28,0.05,7,COD,60.65,South
500142,10976,2025-05-09,Sports,1,24.53,0.15,8,Card,20.85,East
500143,10197,2025-06-08,Beauty,4,35.05,0.05,8,Card,133.19,East
500144,11425,2025-05-03,Fashion,4,123.06,0.2,1,Card,393.79,South
500145,10912,2025-11-22,Electronics,4,12.32,0.15,8,UPI,41.89,West
500146,10114,2025-07-06,Fashion,1,274.31,0.15,5,Card,233.16,East
500147,10323,2025-07-04,Fashion,4,13.72,0.1,5,UPI,49.39,South
500148,10539,2025-11-10,Electronics,3,64.32,0.1,7,Net Banking,173.66,North
500149,10020,2025-08-28,Fashion,1,316.08,0.05,6,COD,300.28,East
500150,10014,2025-02-24,Sports,3,15.69,0.1,1,UPI,42.36,West
500151,11389,2025-03-10,Beauty,2,116.28,0.0,3,Card,232.56,West
500152,11472,2025-05-05,Fashion,3,65.67,0.0,4,COD,197.01,North
500153,10805,2025-02-05,Home,1,242.9,0.0,2,COD,242.9,North
500154,11355,2025-09-10,Home,3,73.01,0.1,6,UPI,197.13,West
500155,10983,2025-06-30,Electronics,3,257.77,0.0,7,Card,773.31,West
500156,10043,2025-01-17,Home,3,56.89,0.1,4,UPI,153.6,East
500157,11072,2025-05-27,Sports,4,14.92,0.0,5,COD,59.68,East
500158,10028,2025-10-30,Grocery,3,95.23,0.0,4,COD,285.69,North
500159,11225,2025-11-28,Fashion,3,361.92,0.05,5,UPI,1031.47,North
500160,10551,2025-12-18,Fashion,1,58.08,0.15,7,UPI,49.37,South
500161,10212,2025-12-03,Fashion,4,246.69,0.05,1,UPI,937.42,East
500162,10388,2025-08-10,Beauty,2,230.39,0.15,5,Card,391.66,West
500163,11026,2025-12-05,Beauty,3,116.38,0.0,5,UPI,349.14,South
500164,11271,2025-12-16,Fashion,3,149.36,0.05,3,COD,425.68,West
500165,10857,2025-08-20,Sports,4,57.75,0.0,3,Card,231.0,West
500166,10241,2025-05-31,Beauty,2,262.18,0.0,8,Card,524.36,West
500167,11351,2025-12-19,Fashion,2,36.29,0.0,2,COD,72.58,West
500168,11186,2025-06-01,Beauty,4,81.46,0.0,4,COD,325.84,West
500169,10615,2025-03-02,Home,3,11.72,0.1,8,UPI,31.64,South
500170,10832,2025-02-08,Home,2,19.17,0.1,2,COD,34.51,East
500171,11446,2025-07-27,Electronics,2,66.43,0.0,4,Card,132.86,East
500172,10567,2025-01-13,Beauty,4,147.65,0.15,5,UPI,502.01,West
500173,10039,2025-02-13,Sports,4,10.4,0.1,5,UPI,37.44,North
500174,10219,2025-03-31,Sports,1,13.6,0.0,4,COD,13.6,West
500175,10901,2025-07-13,Grocery,2,11.11,0.05,3,UPI,21.11,South
500176,11497,2025-06-24,Electronics,4,65.5,0.0,5,UPI,262.0,West
500177,11110,2025-07-06,Sports,1,33.58,0.15,4,Card,28.54,North
500178,10927,2025-07-05,Sports,1,11.93,0.05,6,Net Banking,11.33,North
500179,10485,2025-12-29,Beauty,1,158.89,0.0,6,COD,158.89,North
500180,10660,2025-03-21,Home,3,77.51,0.0,2,COD,232.53,South
500181,10058,2025-06-23,Beauty,2,13.25,0.0,7,UPI,26.5,East
500182,10557,2025-08-12,Sports,2,99.07,0.05,4,COD,188.23,South
500183,10936,2025-04-10,Grocery,1,355.9,0.1,6,Card,320.31,North
500184,11359,2025-03-08,Fashion,3,43.16,0.2,5,Net Banking,103.58,East
500185,11384,2025-01-18,Fashion,4,362.14,0.0,8,Card,1448.56,West
500186,11232,2025-04-30,Fashion,1,59.73,0.0,5,Card,59.73,East
500187,10033,2025-04-03,Electronics,3,12.09,0.0,4,Net Banking,36.27,South
500188,11217,2025-03-13,Fashion,4,22.0,0.05,3,Net Banking,83.6,South
500189,10328,2025-04-10,Electronics,3,10.44,0.1,2,UPI,28.19,South
500190,10925,2025-09-12,Grocery,3,39.61,0.2,6,UPI,95.06,North
500191,11420,2025-10-30,Grocery,1,39.15,0.1,2,Card,35.24,West
500192,11332,2025-07-08,Fashion,4,55.33,0.0,6,UPI,221.32,South
500193,10997,2025-01-25,Beauty,4,54.91,0.15,4,UPI,186.69,East
500194,10449,2025-09-26,Sports,3,178.21,0.15,1,UPI,454.44,North
500195,10782,2025-02-25,Fashion,4,13.61,0.0,7,Card,54.44,West
500196,11056,2025-01-21,Sports,3,225.47,0.15,1,Card,574.95,East
500197,10772,2025-07-27,Fashion,3,25.9,0.1,4,UPI,69.93,East
500198,10607,2025-06-05,Home,4,288.01,0.1,5,Card,1036.84,West
500199,10605,2025-04-24,Electronics,1,15.93,0.05,1,Card,15.13,West
500200,10900,2025-12-19,Home,1,21.78,0.0,5,Net Banking,21.78,South
500201,10054,2025-02-03,Fashion,1,16.96,0.1,3,UPI,15.26,East
500202,11498,2025-01-20,Beauty,3,24.43,0.05,4,COD,69.63,East
500203,10154,2025-08-03,Fashion,1,309.8,0.2,7,Net Banking,247.84,East
500204,11477,2025-06-02,Home,2,54.22,0.0,5,Card,108.44,South
500205,10054,2025-10-20,Grocery,2,20.4,0.05,4,COD,38.76,East
500206,10769,2025-01-15,Beauty,3,121.46,0.1,4,UPI,327.94,North
500207,10627,2025-06-03,Grocery,3,73.71,0.1,8,UPI,199.02,West
500208,10861,2025-02-23,Beauty,1,138.61,0.05,5,UPI,131.68,West
500209,10651,2025-01-16,Beauty,3,124.79,0.1,3,Card,336.93,South
500210,11346,2025-06-18,Fashion,2,137.96,0.1,4,Net Banking,248.33,East
500211,10025,2025-09-26,Home,1,19.41,0.1,2,UPI,17.47,West
500212,11479,2025-02-27,Home,3,61.92,0.0,4,Card,185.76,South
500213,11035,2025-11-04,Beauty,2,83.56,0.1,8,COD,150.41,South
500214,11168,2025-07-09,Sports,2,68.23,0.05,4,Card,129.64,South
500215,10210,2025-06-25,Electronics,4,385.09,0.1,2,Card,1386.32,South
500216,10098,2025-12-03,Beauty,1,370.49,0.1,5,Card,333.44,North
500217,10596,2025-05-01,Sports,4,240.52,0.05,4,Card,913.98,South
500218,10484,2025-03-15,Sports,2,25.21,0.0,6,UPI,50.42,South
500219,11175,2025-10-14,Beauty,4,64.41,0.0,4,Card,257.64,South
500220,11345,2025-02-09,Electronics,4,223.79,0.0,7,Card,895.16,West
500221,10642,2025-11-15,Electronics,4,24.29,0.1,3,UPI,87.44,West
500222,11153,2025-10-29,Beauty,1,167.88,0.1,2,Card,151.09,North
500223,10090,2025-12-23,Sports,4,21.93,0.2,6,Card,70.18,South
500224,11114,2025-06-17,Electronics,2,18.42,0.1,1,Card,33.16,West
500225,10150,2025-08-16,Grocery,4,30.79,0.1,4,Card,110.84,North
500226,11002,2025-11-19,Sports,4,363.76,0.1,6,Card,1309.54,South
500227,10574,2025-02-18,Electronics,3,317.36,0.05,1,COD,904.48,West
500228,10623,2025-04-22,Beauty,4,268.65,0.1,5,UPI,967.14,West
500229,10415,2025-06-22,Home,3,22.75,0.05,2,Card,64.84,North
500230,10605,2025-08-18,Grocery,1,170.7,0.05,1,Card,162.16,West
500231,11312,2025-09-05,Fashion,4,21.23,0.15,2,Card,72.18,West
500232,11214,2025-12-04,Home,3,21.3,0.1,4,COD,57.51,South
500233,10511,2025-06-28,Home,1,22.03,0.0,3,COD,22.03,North
500234,10441,2025-03-04,Fashion,1,17.59,0.05,7,UPI,16.71,West
500235,10764,2025-03-11,Electronics,3,123.45,0.2,5,Card,296.28,North
500236,11028,2025-10-20,Home,4,106.07,0.0,4,UPI,424.28,South
500237,10274,2025-06-18,Electronics,3,11.03,0.2,2,COD,26.47,East
500238,11090,2025-08-19,Fashion,2,14.41,0.2,5,Net Banking,23.06,South
500239,11424,2025-07-25,Sports,2,40.15,0.1,9,Card,72.27,South
500240,11267,2025-10-24,Beauty,2,16.62,0.0,3,UPI,33.24,North
500241,10823,2025-03-21,Electronics,2,228.16,0.0,3,UPI,456.32,South
500242,10480,2025-03-04,Beauty,2,50.91,0.0,2,UPI,101.82,South
500243,10486,2025-09-25,Grocery,1,60.74,0.05,7,Card,57.7,South
500244,11113,2025-06-08,Home,3,13.73,0.1,6,Net Banking,37.07,East
500245,10683,2025-10-25,Electronics,1,182.42,0.15,4,Card,155.06,North
500246,10160,2025-02-17,Electronics,1,154.55,0.0,3,Net Banking,154.55,West
500247,11017,2025-04-10,Sports,2,150.15,0.05,3,UPI,285.29,East
500248,10208,2025-12-17,Electronics,4,73.83,0.05,4,UPI,280.55,East
500249,11481,2025-11-04,Fashion,3,24.19,0.05,7,Card,68.94,South
500250,10627,2025-01-23,Grocery,2,10.74,0.05,5,UPI,20.41,West
500251,10513,2025-10-26,Fashion,3,41.18,0.15,7,UPI,105.01,North
500252,10083,2025-01-24,Beauty,3,77.44,0.05,3,UPI,220.7,West
500253,10252,2025-02-13,Home,2,17.04,0.0,1,Card,34.08,West
500254,11422,2025-11-24,Electronics,4,12.01,0.1,10,UPI,43.24,South
500255,10806,2025-02-15,Electronics,3,22.54,0.0,5,Net Banking,67.62,North
500256,11353,2025-04-20,Grocery,1,12.64,0.15,6,COD,10.74,South
500257,11434,2025-02-19,Electronics,4,11.54,0.15,3,COD,39.24,North
500258,10074,2025-08-06,Electronics,1,59.7,0.0,2,UPI,59.7,North
500259,10572,2025-01-21,Sports,1,155.66,0.1,5,UPI,140.09,West
500260,11258,2025-04-15,Beauty,2,49.26,0.1,1,Card,88.67,West
500261,10744,2025-04-30,Beauty,2,13.65,0.05,4,UPI,25.94,North
500262,10764,2025-08-25,Sports,4,42.26,0.05,7,Card,160.59,North
500263,10856,2025-07-01,Fashion,3,14.01,0.2,5,UPI,33.62,South
500264,11053,2025-03-12,Grocery,1,102.27,0.0,5,Card,102.27,South
500265,11409,2025-06-19,Beauty,2,24.01,0.05,8,Card,45.62,West
500266,11331,2025-06-17,Sports,4,38.43,0.0,5,Card,153.72,West
500267,10938,2025-05-10,Grocery,3,408.66,0.0,1,COD,1225.98,North
500268,10866,2025-07-14,Beauty,3,86.83,0.15,4,UPI,221.42,West
500269,10542,2025-04-30,Home,3,150.86,0.1,8,UPI,407.32,East
500270,10175,2025-05-02,Grocery,3,38.52,0.1,4,Card,104.0,North
500271,11064,2025-10-13,Home,1,326.16,0.0,8,COD,326.16,East
500272,10004,2025-04-02,Electronics,3,125.9,0.15,7,UPI,321.04,East
500273,11048,2025-05-01,Fashion,3,63.97,0.0,4,Net Banking,191.91,West
500274,10746,2025-02-21,Grocery,1,56.46,0.05,2,UPI,53.64,South
500275,11180,2025-09-12,Electronics,3,102.92,0.0,5,UPI,308.76,North
500276,11424,2025-09-15,Grocery,1,17.42,0.05,7,Card,16.55,South
500277,10830,2025-09-05,Sports,1,27.63,0.1,1,UPI,24.87,South
500278,10859,2025-03-03,Grocery,4,107.69,0.0,5,Card,430.76,South
500279,10732,2025-06-14,Beauty,2,43.78,0.05,1,UPI,83.18,North
500280,10560,2025-04-17,Home,2,165.48,0.05,4,Card,314.41,South
500281,10134,2025-10-06,Fashion,3,61.9,0.1,1,UPI,167.13,South
500282,10047,2025-05-03,Electronics,3,9.63,0.05,6,UPI,27.45,South
500283,11085,2025-06-01,Grocery,3,123.66,0.15,3,Card,315.33,West
500284,11373,2025-06-15,Fashion,4,81.21,0.0,7,COD,324.84,South
500285,10081,2025-10-05,Beauty,3,33.38,0.0,3,COD,100.14,East
500286,10491,2025-09-14,Fashion,1,163.03,0.0,3,UPI,163.03,East
500287,10913,2025-10-27,Sports,1,33.83,0.0,1,Net Banking,33.83,West
500288,11058,2025-06-06,Fashion,2,17.49,0.05,5,UPI,33.23,North
500289,11103,2025-10-27,Grocery,2,20.25,0.0,5,COD,40.5,West
500290,11042,2025-11-14,Grocery,2,374.84,0.0,6,Net Banking,749.68,East
500291,10126,2025-07-11,Grocery,1,36.16,0.0,6,Card,36.16,South
500292,10381,2025-09-06,Fashion,1,59.94,0.05,5,UPI,56.94,East
500293,10704,2025-11-28,Sports,1,29.7,0.1,6,Net Banking,26.73,West
500294,10096,2025-11-03,Home,4,151.71,0.05,6,Card,576.5,East
500295,10515,2025-04-11,Electronics,2,90.76,0.2,6,UPI,145.22,South
500296,10578,2025-09-19,Beauty,4,179.64,0.0,1,Net Banking,718.56,East
500297,11468,2025-06-12,Grocery,2,272.92,0.05,4,Card,518.55,North
500298,10476,2025-02-24,Electronics,2,395.61,0.0,1,Card,791.22,South
500299,11458,2025-05-16,Fashion,2,31.4,0.15,5,Card,53.38,South
500300,11051,2025-12-23,Home,4,68.68,0.0,8,Net Banking,274.72,East
500301,11039,2025-12-16,Beauty,3,31.56,0.2,6,Card,75.74,South
500302,11230,2025-10-15,Electronics,1,166.23,0.1,3,Net Banking,149.61,North
500303,11264,2025-12-28,Sports,2,143.66,0.1,6,UPI,258.59,West
500304,10334,2025-07-29,Sports,4,30.35,0.05,5,Card,115.33,West
500305,10632,2025-10-04,Sports,1,196.55,0.05,5,Card,186.72,West
500306,10793,2025-03-02,Sports,4,23.94,0.0,2,UPI,95.76,South
500307,11466,2025-04-20,Home,4,426.76,0.15,7,UPI,1450.98,East
500308,10061,2025-03-05,Fashion,1,263.58,0.1,2,UPI,237.22,East
500309,10716,2025-12-09,Electronics,3,11.18,0.0,4,UPI,33.54,North
500310,10322,2025-08-13,Beauty,3,35.61,0.0,6,COD,106.83,South
500311,10311,2025-12-07,Fashion,4,41.92,0.0,4,UPI,167.68,South
500312,11143,2025-06-01,Sports,4,242.39,0.1,5,COD,872.6,West
500313,10303,2025-05-28,Electronics,1,163.02,0.05,5,COD,154.87,South
500314,11191,2025-09-04,Sports,2,13.17,0.1,5,COD,23.71,South
500315,11491,2025-07-27,Beauty,4,267.18,0.0,5,COD,1068.72,North
500316,11165,2025-05-16,Grocery,2,25.82,0.15,5,Card,43.89,North
500317,10255,2025-04-26,Fashion,1,30.86,0.0,5,Net Banking,30.86,North
500318,10214,2025-07-07,Fashion,3,18.23,0.0,3,COD,54.69,West
500319,10656,2025-01-28,Sports,1,20.3,0.15,1,UPI,17.26,South
500320,10827,2025-03-10,Sports,1,71.5,0.1,6,COD,64.35,East
500321,11168,2025-01-16,Electronics,4,11.29,0.05,7,Card,42.9,South
500322,10635,2025-02-26,Fashion,1,13.2,0.15,5,COD,11.22,North
500323,10251,2025-03-14,Electronics,4,150.39,0.0,5,UPI,601.56,East
500324,11488,2025-01-28,Beauty,1,43.16,0.0,3,Card,43.16,South
500325,11357,2025-01-21,Sports,1,95.85,0.0,1,Net Banking,95.85,South
500326,10982,2025-10-27,Grocery,3,393.0,0.0,4,Net Banking,1179.0,West
500327,11044,2025-03-08,Home,1,12.6,0.1,1,UPI,11.34,East
500328,11403,2025-07-22,Beauty,2,125.24,0.05,5,Card,237.96,West
500329,10713,2025-02-05,Fashion,2,18.21,0.05,7,UPI,34.6,West
500330,10219,2025-12-12,Beauty,3,121.97,0.1,3,COD,329.32,West
500331,10909,2025-03-29,Home,2,40.44,0.0,3,UPI,80.88,South
500332,10677,2025-10-01,Home,1,20.35,0.0,2,Net Banking,20.35,West
500333,11200,2025-08-23,Beauty,1,20.57,0.05,5,Card,19.54,West
500334,11158,2025-10-08,Fashion,1,35.87,0.1,4,UPI,32.28,North
500335,10708,2025-08-18,Grocery,1,184.9,0.05,2,UPI,175.66,West
500336,10552,2025-07-05,Fashion,3,92.81,0.2,6,Card,222.74,North
500337,10634,2025-10-09,Beauty,2,181.04,0.15,10,Card,307.77,South
500338,10949,2025-10-25,Fashion,1,10.42,0.1,7,COD,9.38,West
500339,10956,2025-05-19,Sports,2,281.04,0.1,4,Card,505.87,West
500340,10768,2025-12-10,Beauty,3,51.94,0.1,4,Card,140.24,North
500341,10798,2025-12-27,Beauty,2,16.34,0.15,3,UPI,27.78,North
500342,11488,2025-09-21,Home,2,418.48,0.1,3,UPI,753.26,South
500343,10381,2025-12-06,Grocery,3,165.49,0.05,6,UPI,471.65,East
500344,10261,2025-02-08,Grocery,3,13.31,0.0,7,UPI,39.93,North
500345,11199,2025-07-17,Home,3,55.15,0.15,2,COD,140.63,South
500346,11404,2025-08-26,Beauty,2,386.94,0.05,5,UPI,735.19,South
500347,10914,2025-12-05,Home,2,113.62,0.1,7,Card,204.52,West
500348,10603,2025-02-13,Grocery,4,19.83,0.2,4,UPI,63.46,West
500349,10523,2025-10-22,Electronics,4,176.31,0.05,4,UPI,669.98,North
500350,10702,2025-01-29,Home,1,18.92,0.0,6,UPI,18.92,South
500351,10079,2025-05-11,Home,4,33.52,0.0,6,UPI,134.08,East
500352,10793,2025-09-10,Fashion,4,18.18,0.05,5,UPI,69.08,South
500353,10405,2025-04-17,Home,4,99.81,0.1,5,Net Banking,359.32,West
500354,10399,2025-11-01,Fashion,2,332.37,0.0,5,UPI,664.74,South
500355,10841,2025-12-06,Sports,3,11.84,0.05,4,Card,33.74,North
500356,11446,2025-02-27,Sports,1,97.32,0.05,2,Net Banking,92.45,East
500357,10309,2025-04-05,Electronics,1,21.25,0.0,1,UPI,21.25,South
500358,11368,2025-01-28,Electronics,3,176.06,0.0,6,Card,528.18,North
500359,10780,2025-09-17,Electronics,1,20.53,0.0,5,COD,20.53,West
500360,11460,2025-11-20,Grocery,1,33.32,0.15,5,UPI,28.32,South
500361,10574,2025-08-08,Fashion,2,30.63,0.0,3,UPI,61.26,West
500362,11496,2025-02-18,Fashion,2,269.99,0.0,5,COD,539.98,East
500363,10990,2025-03-05,Sports,1,14.23,0.05,5,UPI,13.52,West
500364,11005,2025-01-13,Fashion,4,56.93,0.1,7,UPI,204.95,East
500365,10845,2025-06-28,Home,3,17.41,0.1,6,Card,47.01,North
500366,10678,2025-09-21,Fashion,4,70.41,0.05,3,UPI,267.56,South
500367,10788,2025-02-24,Sports,4,168.51,0.1,6,COD,606.64,South
500368,11277,2025-11-06,Electronics,3,162.85,0.1,3,COD,439.7,North
500369,11189,2025-04-03,Fashion,2,13.26,0.15,1,COD,22.54,North
500370,10036,2025-07-07,Beauty,4,171.79,0.1,8,UPI,618.44,North
500371,11042,2025-09-01,Electronics,3,30.67,0.1,4,Net Banking,82.81,East
500372,11252,2025-07-17,Home,2,104.82,0.0,7,Card,209.64,North
500373,11117,2025-06-24,Beauty,2,422.39,0.05,3,Card,802.54,North
500374,10746,2025-05-03,Beauty,1,21.0,0.15,3,COD,17.85,South
500375,10504,2025-06-06,Home,4,33.32,0.0,3,COD,133.28,South
500376,11010,2025-03-29,Fashion,4,256.55,0.0,5,Card,1026.2,South
500377,10996,2025-04-18,Beauty,3,15.35,0.1,5,Card,41.44,South
500378,10562,2025-10-03,Beauty,1,21.79,0.15,5,Card,18.52,South
500379,10610,2025-11-19,Sports,4,87.26,0.0,4,UPI,349.04,South
500380,10553,2025-11-06,Electronics,1,347.52,0.15,5,UPI,295.39,North
500381,10068,2025-05-01,Beauty,1,25.18,0.0,3,Card,25.18,South
500382,10048,2025-04-28,Electronics,1,42.98,0.15,7,Card,36.53,South
500383,10125,2025-01-22,Grocery,2,144.42,0.15,2,COD,245.51,North
500384,10636,2025-04-10,Home,2,16.32,0.1,3,COD,29.38,North
500385,10766,2025-08-02,Sports,4,29.23,0.15,4,Card,99.38,North
500386,10613,2025-04-08,Home,2,36.23,0.2,9,UPI,57.97,West
500387,11433,2025-09-25,Home,4,44.49,0.15,6,Card,151.27,North
500388,10338,2025-01-19,Fashion,2,58.04,0.05,3,UPI,110.28,West
500389,10590,2025-05-31,Sports,3,29.15,0.05,6,COD,83.08,North
500390,10371,2025-04-13,Home,3,33.18,0.0,6,Card,99.54,West
500391,10450,2025-06-30,Home,4,371.25,0.0,5,Net Banking,1485.0,East
500392,10877,2025-01-10,Grocery,4,186.36,0.1,6,UPI,670.9,South
500393,10465,2025-06-02,Home,4,359.63,0.0,5,COD,1438.52,East
500394,10477,2025-10-15,Home,4,108.43,0.15,5,Card,368.66,South
500395,11007,2025-11-09,Sports,1,70.17,0.0,1,UPI,70.17,West
500396,11246,2025-04-04,Electronics,1,23.8,0.0,7,Card,23.8,South
500397,10319,2025-06-06,Grocery,2,16.92,0.0,4,UPI,33.84,South
500398,10168,2025-09-09,Grocery,1,59.45,0.0,2,UPI,59.45,West
500399,10360,2025-06-19,Grocery,2,42.6,0.0,3,Card,85.2,East
500400,10867,2025-07-18,Home,3,153.46,0.1,4,UPI,414.34,West
500401,11440,2025-05-05,Electronics,2,10.35,0.0,3,Card,20.7,West
500402,10241,2025-11-02,Beauty,1,198.12,0.15,6,Card,168.4,West
500403,10065,2025-08-19,Beauty,4,15.74,0.05,6,UPI,59.81,East
500404,10793,2025-12-17,Grocery,2,40.64,0.1,1,UPI,73.15,South
500405,11487,2025-10-12,Fashion,4,35.08,0.1,3,Card,126.29,West
500406,10829,2025-05-15,Grocery,3,367.03,0.0,4,Card,1101.09,West
500407,11387,2025-04-30,Sports,3,159.35,0.0,4,Card,478.05,East
500408,10964,2025-02-02,Sports,4,11.74,0.15,8,UPI,39.92,North
500409,10048,2025-08-16,Electronics,2,205.54,0.1,3,Card,369.97,South
500410,10642,2025-10-01,Electronics,1,97.21,0.0,8,UPI,97.21,West
500411,11156,2025-05-10,Electronics,4,12.49,0.1,4,UPI,44.96,North
500412,10765,2025-01-08,Fashion,3,144.2,0.0,8,Card,432.6,West
500413,10293,2025-10-29,Home,2,10.34,0.0,4,Card,20.68,West
500414,10272,2025-03-23,Grocery,3,60.56,0.0,4,UPI,181.68,North
500415,10996,2025-08-01,Electronics,2,20.33,0.1,4,UPI,36.59,South
500416,10695,2025-01-20,Grocery,4,9.96,0.05,7,Card,37.85,West
500417,10862,2025-01-23,Sports,3,84.53,0.05,5,Card,240.91,West
500418,10560,2025-11-24,Electronics,2,87.67,0.0,5,COD,175.34,South
500419,10509,2025-09-03,Electronics,3,42.2,0.0,6,COD,126.6,South
500420,11000,2025-01-02,Beauty,4,30.73,0.0,3,UPI,122.92,South
500421,10012,2025-02-06,Beauty,2,85.39,0.05,5,COD,162.24,West
500422,10653,2025-06-29,Home,4,16.19,0.15,3,COD,55.05,East
500423,10557,2025-09-06,Fashion,1,13.85,0.1,7,Net Banking,12.46,South
500424,11170,2025-06-04,Electronics,1,19.61,0.0,5,UPI,19.61,North
500425,11093,2025-11-15,Electronics,4,12.4,0.0,6,Net Banking,49.6,South
500426,10639,2025-08-27,Sports,3,144.68,0.0,1,UPI,434.04,West
500427,10395,2025-08-13,Grocery,1,84.18,0.15,6,UPI,71.55,North
500428,10354,2025-04-16,Home,3,20.16,0.05,4,Card,57.46,East
500429,10317,2025-09-06,Grocery,2,68.44,0.15,2,UPI,116.35,South
500430,10411,2025-11-15,Beauty,2,52.04,0.05,5,UPI,98.88,East
500431,11141,2025-01-18,Beauty,2,14.82,0.1,1,UPI,26.68,South
500432,10068,2025-09-26,Electronics,2,402.21,0.1,6,Card,723.98,South
500433,10040,2025-11-18,Beauty,4,389.03,0.1,7,Card,1400.51,East
500434,10810,2025-06-07,Beauty,2,155.73,0.05,1,Card,295.89,West
500435,10336,2025-10-07,Fashion,2,225.13,0.0,4,Card,450.26,East
500436,11247,2025-05-11,Electronics,4,66.62,0.05,4,UPI,253.16,East
500437,11129,2025-03-12,Home,3,209.9,0.2,1,Card,503.76,East
500438,11154,2025-10-25,Beauty,1,58.16,0.0,6,Card,58.16,North
500439,10686,2025-04-24,Electronics,3,19.96,0.1,6,UPI,53.89,South
500440,10657,2025-10-04,Electronics,3,14.76,0.15,9,Net Banking,37.64,West
500441,10639,2025-04-26,Fashion,3,176.14,0.1,5,Card,475.58,West
500442,10295,2025-05-26,Grocery,1,40.7,0.05,3,Card,38.66,West
500443,10851,2025-09-08,Fashion,2,133.73,0.0,6,Card,267.46,North
500444,11296,2025-05-05,Electronics,3,19.02,0.1,7,COD,51.35,South
500445,10385,2025-10-22,Grocery,3,55.33,0.15,4,Card,141.09,South
500446,10086,2025-01-15,Fashion,3,11.87,0.2,6,COD,28.49,North
500447,10848,2025-01-05,Sports,4,24.6,0.0,1,UPI,98.4,East
500448,10599,2025-01-30,Home,3,19.07,0.15,7,UPI,48.63,West
500449,11197,2025-04-04,Fashion,2,26.71,0.05,6,UPI,50.75,North
500450,11285,2025-01-20,Electronics,3,118.02,0.1,1,Net Banking,318.65,West
500451,11426,2025-05-19,Fashion,2,14.02,0.0,5,UPI,28.04,South
500452,10590,2025-01-09,Home,2,21.07,0.0,1,UPI,42.14,North
500453,11353,2025-10-04,Grocery,3,117.99,0.1,3,UPI,318.57,South
500454,10177,2025-02-25,Electronics,2,21.53,0.05,6,Card,40.91,South
500455,10560,2025-12-21,Fashion,3,73.49,0.2,4,Net Banking,176.38,South
500456,10399,2025-11-09,Electronics,3,234.92,0.0,7,Card,704.76,South
500457,11385,2025-09-11,Sports,4,169.09,0.15,5,UPI,574.91,West
500458,10901,2025-10-19,Beauty,1,16.01,0.05,4,COD,15.21,South
500459,10549,2025-10-10,Grocery,2,17.32,0.0,7,Net Banking,34.64,West
500460,10229,2025-11-05,Fashion,4,181.6,0.0,4,COD,726.4,East
500461,11175,2025-07-22,Beauty,2,36.23,0.1,4,Card,65.21,South
500462,10983,2025-08-16,Electronics,3,41.17,0.15,5,Card,104.98,West
500463,11280,2025-06-21,Fashion,3,49.13,0.0,4,COD,147.39,East
500464,10658,2025-08-16,Beauty,4,61.06,0.05,7,COD,232.03,South
500465,10225,2025-05-20,Electronics,1,48.02,0.05,3,Card,45.62,South
500466,10502,2025-02-15,Fashion,2,12.54,0.1,3,Card,22.57,West
500467,10931,2025-12-06,Home,2,12.33,0.1,2,UPI,22.19,South
500468,10362,2025-09-13,Home,3,12.25,0.15,1,UPI,31.24,North
500469,10107,2025-09-15,Electronics,4,20.21,0.0,7,UPI,80.84,South
500470,11235,2025-04-13,Beauty,1,220.07,0.0,3,COD,220.07,North
500471,10796,2025-10-09,Home,1,284.56,0.0,4,Net Banking,284.56,South
500472,10596,2025-07-09,Electronics,4,49.11,0.15,8,UPI,166.97,South
500473,10830,2025-01-28,Beauty,3,13.09,0.05,4,Card,37.31,South
500474,11108,2025-12-15,Home,3,10.28,0.0,6,COD,30.84,South
500475,10003,2025-12-29,Electronics,1,266.76,0.1,2,UPI,240.08,West
500476,10661,2025-11-14,Beauty,3,37.93,0.1,7,Card,102.41,South
500477,10382,2025-06-23,Electronics,2,197.54,0.05,4,COD,375.33,West
500478,10138,2025-03-27,Grocery,3,68.41,0.0,2,UPI,205.23,South
500479,10054,2025-01-05,Beauty,1,185.59,0.1,2,Card,167.03,East
500480,10661,2025-09-26,Grocery,2,14.58,0.1,8,Card,26.24,South
500481,10816,2025-11-22,Grocery,3,266.67,0.0,3,COD,800.01,West
500482,10762,2025-02-07,Grocery,3,77.27,0.0,3,UPI,231.81,North
500483,11175,2025-09-07,Fashion,4,57.54,0.0,4,UPI,230.16,South
500484,10687,2025-01-10,Beauty,4,75.6,0.1,5,UPI,272.16,South
500485,10885,2025-10-11,Sports,1,42.28,0.0,5,Card,42.28,North
500486,11225,2025-01-11,Electronics,1,120.32,0.0,5,UPI,120.32,North
500487,10986,2025-12-23,Grocery,2,123.93,0.05,5,Card,235.47,West
500488,11367,2025-03-04,Home,4,194.76,0.2,6,Card,623.23,North
500489,10333,2025-05-27,Electronics,2,342.34,0.05,4,COD,650.45,East
500490,11181,2025-09-11,Home,4,47.67,0.05,9,COD,181.15,West
500491,11046,2025-11-05,Home,1,155.48,0.05,4,UPI,147.71,South
500492,10875,2025-05-13,Electronics,4,202.39,0.1,7,UPI,728.6,East
500493,10006,2025-12-24,Sports,1,13.91,0.15,3,UPI,11.82,West
500494,10813,2025-01-06,Electronics,4,40.17,0.2,2,COD,128.54,West
500495,11288,2025-06-22,Grocery,4,173.43,0.05,1,Card,659.03,South
500496,10967,2025-12-27,Beauty,2,48.85,0.05,5,UPI,92.82,West
500497,10008,2025-04-11,Sports,2,14.44,0.0,7,COD,28.88,West
500498,10432,2025-07-14,Beauty,3,118.12,0.1,2,UPI,318.92,West
500499,10855,2025-06-12,Electronics,3,50.05,0.1,3,Card,135.14,North
500500,11218,2025-05-24,Home,1,112.61,0.05,5,Card,106.98,East
500501,10668,2025-10-08,Fashion,1,14.34,0.05,4,UPI,13.62,West
500502,11286,2025-07-09,Sports,4,9.79,0.0,3,COD,39.16,West
500503,11194,2025-09-18,Home,4,91.8,0.1,2,COD,330.48,West
500504,10401,2025-07-09,Beauty,1,298.73,0.0,5,Card,298.73,South
500505,10293,2025-12-31,Grocery,4,84.41,0.0,6,COD,337.64,West
500506,11355,2025-06-21,Grocery,4,428.94,0.0,5,UPI,1715.76,West
500507,10884,2025-10-18,Beauty,4,255.75,0.0,5,Card,1023.0,South
500508,11274,2025-08-12,Home,1,24.1,0.0,2,Card,24.1,East
500509,11384,2025-10-20,Home,3,19.97,0.1,5,Card,53.92,West
500510,10637,2025-11-20,Fashion,1,84.96,0.1,5,COD,76.46,East
500511,10069,2025-03-24,Fashion,1,89.94,0.05,2,Card,85.44,North
500512,11364,2025-04-21,Home,1,120.96,0.05,4,Card,114.91,North
500513,10876,2025-04-21,Electronics,2,81.96,0.15,5,Card,139.33,West
500514,10181,2025-06-27,Beauty,3,393.82,0.15,4,COD,1004.24,West
500515,10795,2025-06-29,Sports,1,191.87,0.1,1,UPI,172.68,North
500516,10042,2025-01-02,Electronics,1,71.42,0.1,3,COD,64.28,West
500517,10435,2025-11-23,Beauty,2,61.05,0.1,3,UPI,109.89,North
500518,10522,2025-11-10,Electronics,1,12.85,0.1,6,UPI,11.56,South
500519,10682,2025-08-08,Home,4,163.71,0.0,10,COD,654.84,North
500520,10849,2025-04-22,Fashion,1,92.45,0.05,5,UPI,87.83,North
500521,11260,2025-10-29,Home,2,253.3,0.0,2,Card,506.6,West
500522,10528,2025-04-10,Home,2,12.16,0.15,4,UPI,20.67,West
500523,11103,2025-04-22,Grocery,1,20.12,0.1,5,UPI,18.11,West
500524,11414,2025-12-31,Home,4,108.79,0.2,6,Card,348.13,West
500525,11123,2025-12-04,Home,1,50.14,0.0,7,COD,50.14,West
500526,10383,2025-08-02,Grocery,2,65.22,0.05,7,UPI,123.92,West
500527,11017,2025-03-03,Fashion,3,44.6,0.1,6,COD,120.42,East
500528,10422,2025-02-14,Electronics,2,113.57,0.15,4,UPI,193.07,North
500529,10717,2025-12-18,Beauty,2,108.89,0.15,7,COD,185.11,East
500530,10953,2025-04-07,Fashion,1,16.68,0.0,4,COD,16.68,South
500531,10440,2025-09-06,Home,2,185.28,0.2,5,Net Banking,296.45,East
500532,10006,2025-05-09,Fashion,1,58.23,0.2,4,COD,46.58,West
500533,11256,2025-07-01,Fashion,2,59.99,0.2,1,COD,95.98,West
500534,11092,2025-12-26,Home,2,87.32,0.1,7,Net Banking,157.18,East
500535,10185,2025-08-05,Sports,2,156.72,0.15,6,COD,266.42,West
500536,10567,2025-06-07,Beauty,1,29.61,0.0,1,COD,29.61,West
500537,10393,2025-06-01,Grocery,4,14.81,0.0,7,UPI,59.24,East
500538,11467,2025-03-25,Electronics,1,19.57,0.0,4,COD,19.57,South
500539,11413,2025-07-23,Home,1,290.42,0.05,6,Card,275.9,West
500540,11038,2025-07-27,Sports,1,24.99,0.2,5,Net Banking,19.99,South
500541,10662,2025-02-04,Grocery,4,22.5,0.1,2,COD,81.0,West
500542,10079,2025-05-28,Home,2,224.55,0.05,5,UPI,426.64,East
500543,10371,2025-08-24,Grocery,2,22.78,0.1,3,UPI,41.0,West
500544,10139,2025-01-21,Home,4,58.72,0.1,2,UPI,211.39,West
500545,11185,2025-12-23,Beauty,1,39.36,0.05,6,Card,37.39,North
500546,10133,2025-11-11,Home,1,120.8,0.1,5,Card,108.72,East
500547,11017,2025-08-21,Beauty,1,62.24,0.05,7,UPI,59.13,East
500548,11429,2025-01-06,Grocery,3,68.14,0.1,4,UPI,183.98,West
500549,10462,2025-07-09,Sports,4,81.37,0.15,3,UPI,276.66,North
500550,11027,2025-11-24,Sports,3,213.01,0.05,6,COD,607.08,West
500551,11319,2025-01-09,Home,4,67.94,0.05,3,UPI,258.17,West
500552,10642,2025-10-17,Grocery,4,87.06,0.1,4,UPI,313.42,West
500553,10674,2025-11-03,Beauty,2,252.32,0.15,6,Card,428.94,East
500554,10301,2025-01-28,Fashion,1,14.25,0.05,4,UPI,13.54,West
500555,10642,2025-03-26,Sports,1,216.29,0.15,4,Card,183.85,West
500556,11311,2025-09-22,Fashion,4,19.15,0.1,2,COD,68.94,South
500557,10996,2025-11-29,Fashion,3,35.1,0.0,6,UPI,105.3,South
500558,10303,2025-10-09,Beauty,4,12.03,0.05,4,COD,45.71,South
500559,10790,2025-07-11,Fashion,3,60.02,0.0,6,Card,180.06,East
500560,11061,2025-08-08,Grocery,4,259.37,0.0,5,UPI,1037.48,West
500561,10117,2025-07-11,Beauty,4,34.15,0.0,7,UPI,136.6,West
500562,11145,2025-07-30,Fashion,4,106.18,0.1,4,UPI,382.25,South
500563,10302,2025-10-09,Home,4,41.5,0.1,4,UPI,149.4,North
500564,10442,2025-01-19,Beauty,1,172.21,0.05,2,UPI,163.6,North
500565,10625,2025-03-18,Sports,3,311.22,0.05,3,Net Banking,886.98,West
500566,10758,2025-01-22,Fashion,4,161.75,0.05,5,UPI,614.65,West
500567,11375,2025-10-18,Home,2,35.81,0.15,3,Net Banking,60.88,West
500568,10335,2025-09-23,Fashion,4,201.76,0.15,5,Card,685.98,North
500569,10384,2025-01-20,Sports,2,9.82,0.1,7,Card,17.68,South
500570,10569,2025-02-08,Electronics,1,379.19,0.0,4,Card,379.19,South
500571,11286,2025-04-07,Electronics,3,253.21,0.15,2,COD,645.69,West
500572,11448,2025-03-30,Beauty,1,122.38,0.15,4,Net Banking,104.02,South
500573,10682,2025-07-09,Fashion,2,95.97,0.0,2,UPI,191.94,North
500574,11040,2025-07-02,Home,4,24.49,0.0,7,Card,97.96,North
500575,11376,2025-05-11,Sports,1,43.67,0.0,5,UPI,43.67,North
500576,11270,2025-03-01,Grocery,1,22.38,0.1,3,UPI,20.14,South
500577,11022,2025-08-26,Fashion,4,41.38,0.05,3,UPI,157.24,West
500578,10811,2025-10-16,Beauty,4,86.16,0.0,2,COD,344.64,North
500579,11477,2025-08-22,Electronics,2,35.8,0.0,7,UPI,71.6,South
500580,10359,2025-10-22,Sports,2,134.16,0.05,8,COD,254.9,South
500581,10545,2025-11-30,Grocery,4,232.75,0.1,2,COD,837.9,North
500582,11070,2025-11-04,Beauty,3,67.72,0.05,7,Card,193.0,South
500583,10032,2025-08-26,Fashion,4,33.48,0.0,4,Card,133.92,West
500584,10751,2025-01-19,Sports,1,29.3,0.1,7,Card,26.37,South
500585,11282,2025-05-03,Sports,3,58.3,0.2,1,UPI,139.92,South
500586,10266,2025-06-06,Electronics,3,145.57,0.0,5,Card,436.71,North
500587,11205,2025-09-18,Sports,1,21.9,0.05,4,UPI,20.8,North
500588,10619,2025-11-06,Grocery,3,56.27,0.05,6,UPI,160.37,North
500589,11291,2025-08-22,Sports,1,57.11,0.0,5,Card,57.11,South
500590,10953,2025-05-13,Beauty,4,22.64,0.15,5,UPI,76.98,South
500591,10236,2025-10-15,Fashion,3,28.26,0.2,4,UPI,67.82,West
500592,11103,2025-09-11,Home,1,216.23,0.05,8,COD,205.42,West
500593,10085,2025-10-19,Fashion,3,41.34,0.0,4,Card,124.02,North
500594,10365,2025-08-04,Home,1,68.44,0.0,6,UPI,68.44,East
500595,11333,2025-08-25,Beauty,4,10.31,0.1,6,UPI,37.12,South
500596,11314,2025-05-07,Home,1,29.6,0.0,6,UPI,29.6,North
500597,10070,2025-05-26,Beauty,3,29.45,0.05,2,Card,83.93,South
500598,10570,2025-04-11,Beauty,1,32.53,0.0,6,Card,32.53,South
500599,10142,2025-04-04,Electronics,1,236.58,0.1,5,COD,212.92,South
500600,10407,2025-08-27,Sports,4,67.46,0.15,2,UPI,229.36,South
500601,11452,2025-05-21,Beauty,2,304.29,0.0,4,COD,608.58,East
500602,10293,2025-02-18,Grocery,1,54.61,0.1,9,UPI,49.15,West
500603,10963,2025-01-13,Home,3,171.31,0.15,4,UPI,436.84,North
500604,11207,2025-11-10,Sports,1,20.68,0.0,4,COD,20.68,East
500605,11322,2025-06-08,Home,3,190.77,0.15,5,COD,486.46,South
500606,10532,2025-07-30,Fashion,4,103.07,0.1,3,Card,371.05,East
500607,11046,2025-11-27,Beauty,3,9.73,0.05,5,UPI,27.73,South
500608,10726,2025-02-10,Beauty,1,84.06,0.1,4,Card,75.65,North
500609,10162,2025-12-09,Fashion,1,41.82,0.0,5,COD,41.82,West
500610,10335,2025-09-14,Sports,1,9.91,0.0,4,UPI,9.91,North
500611,11123,2025-08-22,Home,3,209.04,0.05,8,UPI,595.76,West
500612,11030,2025-06-07,Grocery,3,67.27,0.1,5,Card,181.63,South
500613,10782,2025-09-15,Home,3,111.4,0.15,4,COD,284.07,West
500614,11172,2025-03-16,Home,2,66.39,0.05,7,Card,126.14,West
500615,11037,2025-04-21,Home,1,10.36,0.0,2,UPI,10.36,South
500616,10510,2025-12-17,Grocery,4,42.91,0.0,8,COD,171.64,North
500617,10441,2025-04-11,Electronics,3,179.09,0.15,3,COD,456.68,West
500618,11418,2025-09-20,Beauty,3,29.96,0.0,7,Card,89.88,East
500619,11458,2025-12-06,Beauty,1,211.92,0.15,7,UPI,180.13,South
500620,10046,2025-08-05,Sports,2,30.65,0.0,3,UPI,61.3,West
500621,11187,2025-04-19,Beauty,2,61.58,0.0,4,Card,123.16,South
500622,10200,2025-11-06,Grocery,3,48.01,0.0,4,COD,144.03,South
500623,11292,2025-10-29,Sports,4,10.13,0.05,6,Card,38.49,East
500624,10884,2025-07-18,Sports,4,247.96,0.0,3,UPI,991.84,South
500625,11032,2025-02-11,Sports,3,20.16,0.15,4,Net Banking,51.41,East
500626,11053,2025-06-11,Electronics,2,45.42,0.05,4,Card,86.3,South
500627,10908,2025-06-07,Beauty,2,330.63,0.0,2,Net Banking,661.26,North
500628,10377,2025-03-11,Fashion,3,345.37,0.1,2,Card,932.5,West
500629,11211,2025-05-27,Home,2,23.01,0.05,5,Card,43.72,West
500630,10832,2025-02-25,Electronics,2,32.55,0.1,5,UPI,58.59,East
500631,10818,2025-09-10,Electronics,4,81.25,0.1,3,UPI,292.5,South
500632,10478,2025-06-07,Sports,3,113.83,0.2,5,Net Banking,273.19,East
500633,10016,2025-09-24,Fashion,2,27.79,0.1,3,COD,50.02,North
500634,10832,2025-06-16,Home,3,77.63,0.05,7,Card,221.25,East
500635,10518,2025-09-18,Sports,2,227.67,0.05,4,Card,432.57,West
500636,10989,2025-09-25,Sports,1,143.69,0.05,7,UPI,136.51,South
500637,10547,2025-02-28,Sports,4,247.33,0.05,1,COD,939.85,South
500638,11460,2025-06-11,Grocery,2,187.52,0.0,5,UPI,375.04,South
500639,11022,2025-10-01,Grocery,2,189.97,0.0,6,Card,379.94,West
500640,10684,2025-08-05,Home,1,59.98,0.2,4,Card,47.98,South
500641,11063,2025-03-22,Sports,4,395.4,0.15,3,Card,1344.36,South
500642,10973,2025-10-31,Beauty,3,53.31,0.0,4,Card,159.93,North
500643,10931,2025-03-14,Beauty,2,150.39,0.2,6,Net Banking,240.62,South
500644,10868,2025-12-29,Fashion,3,355.01,0.1,2,COD,958.53,West
500645,11398,2025-09-16,Fashion,2,14.07,0.0,6,Net Banking,28.14,West
500646,10477,2025-04-28,Beauty,2,299.16,0.15,5,Card,508.57,South
500647,10649,2025-03-13,Grocery,2,213.94,0.2,4,UPI,342.3,East
500648,10380,2025-11-26,Home,1,399.73,0.1,4,Net Banking,359.76,West
500649,10855,2025-07-11,Electronics,4,164.4,0.1,5,UPI,591.84,North
500650,11482,2025-10-22,Electronics,4,17.92,0.0,8,Net Banking,71.68,North
500651,10913,2025-10-31,Sports,4,31.53,0.1,5,UPI,113.51,West
500652,10311,2025-01-25,Beauty,2,14.71,0.1,3,COD,26.48,South
500653,11383,2025-09-07,Beauty,4,98.36,0.1,4,COD,354.1,South
500654,11186,2025-05-02,Fashion,2,59.75,0.0,2,Card,119.5,West
500655,10661,2025-11-28,Beauty,4,57.5,0.1,1,COD,207.0,South
500656,10220,2025-03-21,Fashion,1,178.15,0.15,2,UPI,151.43,South
500657,10604,2025-01-13,Electronics,2,177.68,0.15,5,UPI,302.06,West
500658,11207,2025-08-31,Electronics,3,12.18,0.0,7,UPI,36.54,East
500659,10866,2025-07-21,Grocery,4,320.86,0.05,6,Net Banking,1219.27,West
500660,10279,2025-07-22,Beauty,2,32.32,0.0,2,Card,64.64,West
500661,10238,2025-04-07,Home,2,138.21,0.1,3,UPI,248.78,West
500662,11451,2025-06-30,Beauty,4,68.26,0.0,3,UPI,273.04,West
500663,10671,2025-12-18,Beauty,2,49.24,0.15,1,COD,83.71,North
500664,11029,2025-10-06,Home,3,27.13,0.1,4,Net Banking,73.25,West
500665,10541,2025-12-26,Home,2,16.83,0.05,6,Net Banking,31.98,West
500666,10136,2025-05-02,Sports,1,138.41,0.1,4,UPI,124.57,North
500667,10618,2025-11-14,Electronics,2,33.68,0.0,2,COD,67.36,South
500668,11040,2025-05-20,Home,3,27.72,0.0,3,Card,83.16,North
500669,10501,2025-12-08,Beauty,1,9.6,0.0,4,COD,9.6,West
500670,10906,2025-11-12,Fashion,1,249.95,0.1,6,COD,224.96,East
500671,10658,2025-03-02,Grocery,4,33.34,0.15,4,UPI,113.36,South
500672,10507,2025-12-21,Grocery,1,37.08,0.0,6,Card,37.08,South
500673,10383,2025-08-10,Home,1,39.99,0.1,4,UPI,35.99,West
500674,10392,2025-10-11,Fashion,3,72.09,0.0,5,Card,216.27,North
500675,10384,2025-07-31,Electronics,3,54.56,0.05,3,UPI,155.5,South
500676,11079,2025-03-21,Fashion,1,84.98,0.1,3,UPI,76.48,East
500677,10506,2025-12-26,Electronics,1,20.34,0.15,2,UPI,17.29,West
500678,11113,2025-02-11,Electronics,4,23.93,0.15,6,UPI,81.36,East
500679,10467,2025-10-23,Sports,3,267.76,0.1,4,Card,722.95,East
500680,10491,2025-03-18,Home,3,58.84,0.05,1,Card,167.69,East
500681,11387,2025-10-14,Beauty,1,377.15,0.0,5,Net Banking,377.15,East
500682,11315,2025-06-04,Electronics,1,198.7,0.0,6,Card,198.7,North
500683,10602,2025-03-28,Sports,1,142.31,0.15,3,Card,120.96,West
500684,10404,2025-03-28,Sports,4,83.03,0.1,5,Net Banking,298.91,North
500685,11074,2025-04-27,Fashion,4,245.13,0.0,4,Card,980.52,West
500686,10105,2025-11-25,Grocery,3,11.14,0.0,1,COD,33.42,West
500687,10685,2025-10-08,Beauty,3,42.98,0.0,8,Net Banking,128.94,East
500688,10900,2025-09-02,Home,1,172.7,0.1,4,COD,155.43,South
500689,11014,2025-08-18,Electronics,4,19.07,0.05,5,UPI,72.47,West
500690,10161,2025-06-02,Home,3,22.2,0.15,3,UPI,56.61,North
500691,10005,2025-11-26,Home,3,11.8,0.05,4,UPI,33.63,North
500692,10415,2025-04-10,Home,4,47.85,0.15,5,COD,162.69,North
500693,10179,2025-12-11,Home,1,65.16,0.0,2,Card,65.16,West
500694,10761,2025-05-19,Fashion,2,50.84,0.0,8,UPI,101.68,East
500695,11380,2025-05-05,Electronics,1,11.34,0.0,6,Card,11.34,South
500696,10430,2025-06-23,Fashion,2,41.65,0.0,6,Card,83.3,West
500697,10681,2025-10-01,Beauty,2,206.9,0.2,4,COD,331.04,North
500698,10323,2025-09-18,Sports,2,10.78,0.15,3,UPI,18.33,South
500699,10066,2025-10-07,Fashion,3,175.04,0.0,7,UPI,525.12,East
500700,11055,2025-02-02,Grocery,2,22.65,0.05,6,Card,43.04,South
500701,10385,2025-02-28,Beauty,1,12.08,0.05,4,UPI,11.48,South
500702,10821,2025-11-06,Home,1,13.23,0.1,2,Card,11.91,North
500703,11025,2025-12-25,Fashion,3,10.41,0.0,1,Card,31.23,East
500704,11260,2025-02-16,Fashion,3,51.95,0.0,5,Card,155.85,West
500705,10279,2025-11-27,Beauty,4,59.06,0.0,4,COD,236.24,West
500706,10872,2025-04-06,Fashion,4,106.28,0.15,7,UPI,361.35,North
500707,11367,2025-12-24,Beauty,1,12.2,0.05,6,UPI,11.59,North
500708,10726,2025-12-29,Home,3,117.75,0.1,5,Net Banking,317.92,North
500709,10061,2025-08-21,Home,1,183.94,0.15,4,COD,156.35,East
500710,10392,2025-03-11,Grocery,1,14.03,0.0,2,UPI,14.03,North
500711,11193,2025-10-15,Sports,4,98.38,0.0,7,COD,393.52,West
500712,11189,2025-02-06,Electronics,2,19.35,0.0,4,Card,38.7,North
500713,10472,2025-05-02,Grocery,4,51.85,0.1,6,Card,186.66,South
500714,10296,2025-08-22,Sports,1,93.65,0.05,7,COD,88.97,West
500715,10438,2025-01-25,Electronics,3,219.1,0.0,3,UPI,657.3,South
500716,10364,2025-05-24,Sports,2,82.12,0.0,3,Card,164.24,North
500717,11112,2025-10-18,Fashion,4,46.76,0.1,9,UPI,168.34,South
500718,11263,2025-02-03,Grocery,3,264.07,0.1,6,Card,712.99,South
500719,10070,2025-05-14,Beauty,4,31.15,0.0,4,UPI,124.6,South
500720,11112,2025-01-02,Fashion,2,23.45,0.1,7,Net Banking,42.21,South
500721,11129,2025-08-29,Home,4,42.76,0.0,4,Card,171.04,East
500722,10920,2025-01-29,Home,4,22.15,0.0,5,COD,88.6,East
500723,11307,2025-04-13,Fashion,4,10.52,0.0,3,UPI,42.08,East
500724,10059,2025-07-10,Sports,2,40.15,0.1,4,UPI,72.27,North
500725,11050,2025-03-20,Grocery,4,14.72,0.1,4,COD,52.99,South
500726,10191,2025-03-26,Sports,3,90.6,0.05,3,UPI,258.21,West
500727,11346,2025-11-01,Fashion,1,64.19,0.0,5,Net Banking,64.19,East
500728,10750,2025-10-11,Fashion,4,46.69,0.05,3,Card,177.42,West
500729,10137,2025-01-30,Beauty,1,60.68,0.05,6,Net Banking,57.65,West
500730,11120,2025-11-09,Sports,3,10.55,0.05,4,UPI,30.07,West
500731,11124,2025-06-20,Home,1,43.91,0.05,1,Card,41.71,North
500732,10697,2025-02-22,Home,4,13.34,0.05,6,UPI,50.69,West
500733,10466,2025-11-27,Grocery,3,43.0,0.0,6,Net Banking,129.0,East
500734,10026,2025-05-04,Fashion,4,97.52,0.0,9,UPI,390.08,North
500735,11362,2025-04-29,Beauty,3,401.77,0.0,5,COD,1205.31,South
500736,10277,2025-02-23,Grocery,3,20.35,0.1,5,Card,54.95,South
500737,11265,2025-11-20,Grocery,4,29.27,0.05,5,COD,111.23,East
500738,10884,2025-04-15,Home,2,112.55,0.1,7,Net Banking,202.59,South
500739,11028,2025-08-05,Fashion,3,421.22,0.0,6,COD,1263.66,South
500740,11042,2025-03-29,Beauty,2,27.17,0.0,5,UPI,54.34,East
500741,11288,2025-11-23,Sports,1,269.19,0.0,4,COD,269.19,South
500742,10051,2025-10-15,Grocery,4,34.14,0.0,6,Card,136.56,North
500743,11487,2025-07-03,Fashion,2,112.96,0.1,4,Card,203.33,West
500744,10065,2025-05-07,Sports,1,28.16,0.0,2,UPI,28.16,East
500745,11499,2025-08-28,Fashion,4,23.02,0.0,1,COD,92.08,South
500746,10392,2025-06-30,Grocery,4,424.99,0.05,4,Card,1614.96,North
500747,11269,2025-12-10,Beauty,3,40.27,0.0,5,COD,120.81,South
500748,10126,2025-09-03,Beauty,2,14.28,0.15,9,Card,24.28,South
500749,10692,2025-01-10,Beauty,4,144.47,0.2,4,Card,462.3,West
500750,10813,2025-10-28,Grocery,3,21.21,0.05,5,UPI,60.45,West
500751,11432,2025-03-12,Fashion,2,16.95,0.0,4,UPI,33.9,East
500752,10186,2025-04-20,Electronics,2,271.48,0.05,6,Net Banking,515.81,East
500753,10055,2025-06-09,Electronics,4,28.38,0.05,5,COD,107.84,East
500754,10973,2025-03-18,Fashion,4,19.42,0.05,3,UPI,73.8,North
500755,10074,2025-12-10,Sports,3,297.68,0.0,2,Card,893.04,North
500756,11166,2025-12-24,Beauty,1,28.09,0.0,4,COD,28.09,West
500757,10058,2025-02-26,Fashion,1,96.37,0.0,3,Card,96.37,East
500758,11456,2025-04-27,Sports,2,29.79,0.05,4,Card,56.6,North
500759,10800,2025-05-16,Fashion,3,83.49,0.1,5,COD,225.42,East
500760,11423,2025-09-02,Grocery,4,96.56,0.15,3,UPI,328.3,South
500761,10190,2025-08-07,Fashion,4,174.67,0.0,7,Card,698.68,South
500762,10411,2025-09-05,Sports,2,55.33,0.1,7,Card,99.59,East
500763,10683,2025-01-12,Sports,1,99.2,0.0,4,Card,99.2,North
500764,10045,2025-07-07,Fashion,2,209.98,0.0,3,UPI,419.96,West
500765,10155,2025-03-18,Electronics,1,196.82,0.1,4,UPI,177.14,North
500766,10495,2025-03-25,Beauty,4,124.27,0.0,4,Net Banking,497.08,West
500767,11106,2025-10-10,Electronics,1,36.15,0.15,4,COD,30.73,West
500768,11063,2025-02-21,Fashion,4,73.01,0.15,4,Net Banking,248.23,South
500769,10131,2025-01-12,Electronics,3,349.93,0.0,2,COD,1049.79,North
500770,10090,2025-06-27,Fashion,1,30.69,0.0,5,UPI,30.69,South
500771,10985,2025-09-26,Beauty,3,80.62,0.0,4,Card,241.86,North
500772,10540,2025-07-06,Electronics,3,177.4,0.15,4,Card,452.37,West
500773,11189,2025-02-28,Electronics,1,58.02,0.0,5,UPI,58.02,North
500774,10448,2025-10-10,Fashion,1,251.12,0.1,4,UPI,226.01,East
500775,10545,2025-05-20,Electronics,2,51.81,0.0,5,UPI,103.62,North
500776,10330,2025-09-17,Grocery,1,194.85,0.1,4,UPI,175.36,South
500777,10400,2025-03-15,Sports,3,118.83,0.0,5,UPI,356.49,South
500778,11060,2025-11-29,Sports,3,13.62,0.15,3,COD,34.73,East
500779,10707,2025-04-14,Home,1,258.45,0.1,2,Net Banking,232.6,West
500780,10989,2025-12-21,Sports,1,90.61,0.0,3,Card,90.61,South
500781,10118,2025-05-18,Fashion,3,26.24,0.0,3,UPI,78.72,East
500782,10804,2025-09-23,Beauty,2,148.08,0.05,2,UPI,281.35,East
500783,10688,2025-07-03,Electronics,2,76.15,0.05,1,COD,144.68,West
500784,11367,2025-01-28,Fashion,2,398.54,0.15,6,UPI,677.52,North
500785,10636,2025-02-05,Sports,1,30.74,0.05,7,Card,29.2,North
500786,10155,2025-05-28,Electronics,4,21.96,0.15,6,UPI,74.66,North
500787,11046,2025-03-12,Electronics,4,9.84,0.0,4,COD,39.36,South
500788,10225,2025-08-11,Beauty,3,130.61,0.15,1,Card,333.06,South
500789,11364,2025-02-20,Fashion,2,317.83,0.15,5,UPI,540.31,North
500790,10576,2025-08-04,Beauty,1,83.26,0.1,1,Net Banking,74.93,South
500791,11177,2025-03-16,Beauty,2,33.6,0.2,4,Card,53.76,South
500792,10984,2025-03-08,Home,4,242.84,0.05,3,UPI,922.79,South
500793,10698,2025-05-14,Electronics,1,28.92,0.1,1,Card,26.03,East
500794,10877,2025-08-01,Electronics,4,95.56,0.0,7,Card,382.24,South
500795,10275,2025-05-26,Electronics,2,58.64,0.0,2,Net Banking,117.28,East
500796,10112,2025-05-08,Sports,2,251.18,0.1,4,UPI,452.12,North
500797,11150,2025-05-05,Sports,4,341.61,0.15,4,Net Banking,1161.47,West
500798,11438,2025-05-04,Beauty,4,31.96,0.2,4,COD,102.27,South
500799,11293,2025-05-28,Electronics,4,12.14,0.1,5,Card,43.7,East
500800,10458,2025-11-01,Beauty,2,22.26,0.15,3,UPI,37.84,South
500801,10538,2025-07-30,Grocery,3,145.15,0.1,5,UPI,391.9,North
500802,10539,2025-06-04,Home,2,43.11,0.1,5,COD,77.6,North
500803,11054,2025-10-01,Beauty,1,16.45,0.0,2,Card,16.45,North
500804,10936,2025-07-12,Fashion,2,186.45,0.05,5,Net Banking,354.25,North
500805,11195,2025-12-13,Home,1,87.07,0.05,2,Card,82.72,West
500806,11418,2025-07-25,Beauty,1,20.67,0.1,2,Card,18.6,East
500807,10589,2025-03-20,Beauty,3,156.29,0.1,5,Net Banking,421.98,North
500808,10995,2025-07-25,Beauty,3,106.19,0.15,4,COD,270.78,West
500809,10751,2025-10-10,Sports,2,432.41,0.2,5,UPI,691.86,South
500810,11433,2025-03-19,Fashion,3,359.51,0.1,5,COD,970.68,North
500811,10532,2025-03-15,Electronics,4,298.43,0.1,2,UPI,1074.35,East
500812,10282,2025-08-07,Electronics,4,247.13,0.1,6,Card,889.67,North
500813,10569,2025-11-19,Beauty,3,134.03,0.1,5,UPI,361.88,South
500814,10929,2025-05-03,Grocery,1,106.17,0.05,3,Net Banking,100.86,East
500815,11431,2025-07-04,Electronics,3,82.91,0.2,4,Net Banking,198.98,West
500816,11244,2025-08-28,Electronics,1,152.2,0.15,6,COD,129.37,North
500817,10028,2025-08-31,Sports,1,329.5,0.1,4,Card,296.55,North
500818,10764,2025-02-23,Beauty,2,19.06,0.0,9,COD,38.12,North
500819,10239,2025-05-25,Home,2,15.43,0.05,7,UPI,29.32,North
500820,10544,2025-12-29,Home,1,46.92,0.15,5,Card,39.88,West
500821,11416,2025-11-21,Fashion,1,25.67,0.15,4,COD,21.82,West
500822,11478,2025-10-09,Fashion,4,64.01,0.2,4,UPI,204.83,West
500823,10231,2025-01-09,Fashion,3,28.62,0.1,3,UPI,77.27,North
500824,10212,2025-06-02,Home,3,159.5,0.1,5,Card,430.65,East
500825,11045,2025-01-19,Fashion,1,215.72,0.0,6,COD,215.72,North
500826,10617,2025-04-20,Grocery,4,24.39,0.1,2,Card,87.8,West
500827,10650,2025-11-12,Home,2,187.28,0.0,6,Card,374.56,North
500828,11311,2025-05-22,Beauty,3,15.31,0.15,6,Net Banking,39.04,South
500829,11381,2025-03-03,Electronics,2,130.41,0.0,6,UPI,260.82,South
500830,11351,2025-09-21,Fashion,1,119.43,0.15,4,COD,101.52,West
500831,11175,2025-10-05,Electronics,2,128.79,0.05,6,Card,244.7,South
500832,11471,2025-08-28,Home,1,60.65,0.0,7,Card,60.65,West
500833,11080,2025-10-23,Sports,4,19.84,0.1,4,UPI,71.42,South
500834,11328,2025-09-14,Electronics,2,228.29,0.1,5,Card,410.92,East
500835,10811,2025-08-20,Grocery,4,16.66,0.1,9,COD,59.98,North
500836,10077,2025-11-21,Beauty,4,48.09,0.1,5,Card,173.12,South
500837,11225,2025-04-29,Beauty,1,21.09,0.1,2,UPI,18.98,North
500838,11395,2025-06-16,Fashion,2,181.69,0.0,6,UPI,363.38,West
500839,10469,2025-07-25,Fashion,1,80.21,0.15,5,COD,68.18,North
500840,10643,2025-09-02,Beauty,1,82.08,0.2,3,Card,65.66,North
500841,10859,2025-06-23,Grocery,4,39.12,0.1,2,UPI,140.83,South
500842,10978,2025-06-11,Grocery,3,123.68,0.0,5,Net Banking,371.04,South
500843,11013,2025-03-02,Home,2,28.35,0.1,4,UPI,51.03,South
500844,10592,2025-08-21,Sports,1,168.81,0.0,2,COD,168.81,South
500845,11282,2025-02-15,Home,3,282.06,0.2,4,UPI,676.94,South
500846,11221,2025-06-23,Grocery,3,30.04,0.0,4,UPI,90.12,North
500847,11414,2025-05-30,Home,1,85.95,0.0,4,UPI,85.95,West
500848,10864,2025-10-11,Home,1,43.13,0.0,5,COD,43.13,East
500849,10117,2025-06-23,Sports,2,291.15,0.1,1,COD,524.07,West
500850,11269,2025-01-02,Sports,3,199.57,0.1,2,UPI,538.84,South
500851,10120,2025-07-04,Electronics,4,38.87,0.1,4,COD,139.93,East
500852,10291,2025-03-20,Fashion,2,21.54,0.05,7,COD,40.93,West
500853,10428,2025-05-19,Beauty,1,10.6,0.15,9,Card,9.01,West
500854,10278,2025-04-19,Fashion,4,80.5,0.05,5,Card,305.9,South
500855,11086,2025-03-02,Fashion,2,410.17,0.0,5,Card,820.34,West
500856,10661,2025-12-12,Grocery,3,14.7,0.1,1,UPI,39.69,South
500857,10329,2025-04-03,Grocery,1,238.62,0.05,6,COD,226.69,East
500858,10008,2025-07-05,Fashion,1,159.31,0.1,5,COD,143.38,West
500859,10325,2025-10-30,Sports,1,51.5,0.05,5,COD,48.92,West
500860,11040,2025-05-13,Grocery,4,24.22,0.1,2,COD,87.19,North
500861,11192,2025-12-09,Home,1,93.48,0.0,8,COD,93.48,South
500862,10445,2025-05-28,Sports,4,86.14,0.05,8,COD,327.33,South
500863,10110,2025-12-12,Sports,4,253.75,0.05,5,Net Banking,964.25,West
500864,10836,2025-06-14,Electronics,3,85.07,0.1,6,Card,229.69,East
500865,11175,2025-01-06,Grocery,4,13.56,0.0,5,COD,54.24,South
500866,10106,2025-11-13,Sports,4,29.33,0.0,6,COD,117.32,East
500867,11194,2025-11-12,Beauty,3,43.19,0.0,2,UPI,129.57,West
500868,10256,2025-12-18,Beauty,4,50.21,0.05,1,Card,190.8,West
500869,10387,2025-02-15,Beauty,3,42.28,0.0,2,COD,126.84,East
500870,10935,2025-11-05,Grocery,1,180.26,0.1,3,UPI,162.23,West
500871,10078,2025-05-05,Grocery,1,21.21,0.0,3,Card,21.21,East
500872,10459,2025-11-04,Sports,2,102.07,0.05,5,UPI,193.93,West
500873,10209,2025-12-18,Fashion,2,35.15,0.1,4,UPI,63.27,North
500874,10323,2025-03-14,Electronics,2,349.02,0.05,4,Card,663.14,South
500875,11161,2025-05-16,Grocery,1,364.61,0.1,2,UPI,328.15,North
500876,10344,2025-04-09,Electronics,3,156.34,0.1,2,COD,422.12,East
500877,10066,2025-04-22,Home,2,178.76,0.1,5,Card,321.77,East
500878,10323,2025-08-06,Electronics,4,95.57,0.05,3,UPI,363.17,South
500879,10131,2025-05-31,Grocery,4,65.96,0.05,5,UPI,250.65,North
500880,10935,2025-08-28,Beauty,3,78.11,0.0,6,UPI,234.33,West
500881,11460,2025-09-04,Home,4,13.1,0.05,8,Card,49.78,South
500882,10252,2025-03-15,Electronics,2,410.7,0.15,4,COD,698.19,West
500883,11094,2025-01-17,Beauty,4,328.71,0.0,8,Card,1314.84,South
500884,10545,2025-09-30,Sports,4,56.2,0.0,5,UPI,224.8,North
500885,10108,2025-03-08,Grocery,1,269.46,0.1,6,Card,242.51,South
500886,11032,2025-03-14,Fashion,3,41.0,0.1,7,Net Banking,110.7,East
500887,10315,2025-08-08,Fashion,2,19.91,0.15,6,Net Banking,33.85,South
500888,10771,2025-04-06,Grocery,2,207.86,0.0,3,COD,415.72,South
500889,10761,2025-03-11,Grocery,2,69.34,0.15,7,UPI,117.88,East
500890,10896,2025-04-22,Home,4,411.99,0.1,4,UPI,1483.16,West
500891,10203,2025-07-10,Grocery,4,24.72,0.1,5,Card,88.99,South
500892,10377,2025-11-05,Fashion,2,43.25,0.05,5,UPI,82.18,West
500893,11107,2025-12-27,Grocery,2,113.95,0.0,7,Card,227.9,North
500894,11400,2025-09-25,Electronics,3,14.56,0.0,5,UPI,43.68,South
500895,10018,2025-11-25,Electronics,3,323.27,0.1,2,Net Banking,872.83,North
500896,10621,2025-07-13,Grocery,2,104.21,0.0,9,COD,208.42,West
500897,11323,2025-05-30,Sports,2,17.95,0.0,6,Net Banking,35.9,North
500898,10431,2025-10-27,Home,4,161.87,0.0,3,COD,647.48,West
500899,10672,2025-04-21,Grocery,2,213.75,0.15,2,Card,363.38,East
500900,11357,2025-10-24,Electronics,2,34.15,0.0,6,Card,68.3,South
500901,11454,2025-12-31,Sports,2,95.69,0.05,2,COD,181.81,West
500902,10983,2025-05-23,Home,2,179.89,0.1,6,UPI,323.8,West
500903,11042,2025-08-20,Electronics,3,14.54,0.15,7,UPI,37.08,East
500904,10921,2025-10-13,Sports,3,85.6,0.1,3,UPI,231.12,North
500905,10426,2025-10-13,Grocery,1,67.28,0.05,3,Card,63.92,West
500906,11331,2025-03-17,Electronics,4,33.75,0.0,4,Card,135.0,West
500907,10052,2025-12-18,Electronics,2,28.17,0.0,3,UPI,56.34,North
500908,10088,2025-07-03,Fashion,1,97.47,0.0,5,Card,97.47,South
500909,10903,2025-01-16,Electronics,3,161.62,0.05,5,Card,460.62,North
500910,11257,2025-02-13,Sports,1,42.23,0.05,6,COD,40.12,West
500911,11222,2025-09-23,Grocery,4,21.25,0.05,3,UPI,80.75,North
500912,11017,2025-06-05,Sports,4,154.79,0.05,6,COD,588.2,East
500913,10565,2025-02-09,Home,3,20.2,0.1,3,Net Banking,54.54,East
500914,10540,2025-07-09,Home,4,11.72,0.0,6,Card,46.88,West
500915,10639,2025-08-07,Sports,2,40.22,0.2,2,Card,64.35,West
500916,10385,2025-01-30,Electronics,2,192.85,0.15,8,UPI,327.84,South
500917,10629,2025-05-08,Fashion,3,123.08,0.0,3,COD,369.24,East
500918,10158,2025-06-18,Beauty,2,36.52,0.05,6,COD,69.39,East
500919,10480,2025-10-12,Sports,4,62.78,0.2,6,UPI,200.9,South
500920,11412,2025-08-26,Home,2,394.77,0.15,2,COD,671.11,West
500921,11061,2025-02-01,Sports,2,126.84,0.05,6,UPI,241.0,West
500922,10213,2025-08-13,Sports,3,120.57,0.0,3,COD,361.71,North
500923,10430,2025-11-26,Home,1,13.25,0.2,4,Card,10.6,West
500924,10390,2025-01-20,Beauty,3,25.63,0.1,3,UPI,69.2,West
500925,10423,2025-12-27,Electronics,4,22.11,0.1,8,Net Banking,79.6,North
500926,11037,2025-02-04,Beauty,4,318.98,0.0,2,Card,1275.92,South
500927,11343,2025-08-16,Home,1,29.94,0.15,5,UPI,25.45,South
500928,11066,2025-05-09,Electronics,1,40.52,0.1,3,COD,36.47,West
500929,10733,2025-09-24,Fashion,1,69.99,0.05,7,UPI,66.49,North
500930,10242,2025-11-04,Fashion,4,59.18,0.1,9,Net Banking,213.05,West
500931,10215,2025-11-07,Electronics,2,13.79,0.05,3,UPI,26.2,East
500932,11222,2025-11-14,Home,1,291.34,0.05,5,Card,276.77,North
500933,11017,2025-10-25,Electronics,3,42.5,0.1,4,Card,114.75,East
500934,10766,2025-04-24,Sports,4,365.18,0.1,7,Card,1314.65,North
500935,10866,2025-06-19,Beauty,1,167.01,0.2,4,Card,133.61,West
500936,11273,2025-09-20,Electronics,1,85.89,0.1,6,Card,77.3,South
500937,11221,2025-03-03,Home,1,126.04,0.0,4,COD,126.04,North
500938,10131,2025-07-30,Grocery,1,335.71,0.0,9,UPI,335.71,North
500939,10593,2025-07-13,Home,1,36.2,0.05,1,COD,34.39,South
500940,10065,2025-12-25,Sports,1,37.06,0.0,5,UPI,37.06,East
500941,10578,2025-01-19,Beauty,3,94.84,0.1,4,COD,256.07,East
500942,10956,2025-02-04,Home,1,23.07,0.05,4,COD,21.92,West
500943,10313,2025-01-11,Home,3,273.16,0.05,5,COD,778.51,North
500944,10226,2025-07-19,Electronics,2,11.07,0.0,5,UPI,22.14,West
500945,10737,2025-07-21,Sports,3,189.65,0.05,5,COD,540.5,North
500946,10788,2025-08-05,Beauty,3,33.66,0.0,5,COD,100.98,South
500947,11072,2025-03-30,Beauty,3,11.24,0.1,8,Net Banking,30.35,East
500948,10022,2025-04-23,Electronics,4,98.98,0.0,1,UPI,395.92,South
500949,10372,2025-06-02,Sports,1,27.02,0.15,8,COD,22.97,South
500950,11170,2025-01-18,Home,3,37.5,0.05,10,Card,106.88,North
500951,11023,2025-10-02,Fashion,2,55.71,0.1,1,Net Banking,100.28,West
500952,11350,2025-01-20,Grocery,3,60.94,0.15,5,Card,155.4,North
500953,11223,2025-09-01,Sports,1,14.77,0.15,7,UPI,12.55,West
500954,11259,2025-06-15,Fashion,2,13.87,0.15,6,COD,23.58,South
500955,10766,2025-12-31,Grocery,4,44.89,0.0,8,UPI,179.56,North
500956,11438,2025-09-10,Home,4,32.97,0.0,5,COD,131.88,South
500957,10624,2025-06-23,Grocery,2,70.35,0.1,1,UPI,126.63,South
500958,11355,2025-09-13,Fashion,1,168.35,0.05,7,Net Banking,159.93,West
500959,10588,2025-02-12,Beauty,3,87.36,0.1,6,Card,235.87,South
500960,10667,2025-03-08,Home,2,21.71,0.1,7,UPI,39.08,West
500961,11029,2025-07-02,Sports,2,330.64,0.0,1,COD,661.28,West
500962,10598,2025-11-10,Grocery,1,186.33,0.0,2,UPI,186.33,East
500963,10221,2025-10-27,Sports,2,11.14,0.1,5,UPI,20.05,South
500964,11345,2025-05-18,Electronics,1,168.98,0.1,7,COD,152.08,West
500965,10680,2025-04-14,Beauty,1,213.29,0.15,8,UPI,181.3,South
500966,11391,2025-12-18,Sports,3,82.35,0.1,3,UPI,222.34,West
500967,10599,2025-07-26,Beauty,4,221.78,0.0,4,Card,887.12,West
500968,11460,2025-02-13,Sports,1,262.18,0.0,10,UPI,262.18,South
500969,10905,2025-03-24,Sports,1,398.75,0.05,3,Net Banking,378.81,West
500970,11153,2025-11-02,Electronics,1,372.3,0.05,6,COD,353.68,North
500971,11134,2025-11-24,Fashion,3,16.42,0.1,4,Net Banking,44.33,West
500972,10303,2025-11-28,Home,4,11.0,0.1,5,COD,39.6,South
500973,11224,2025-01-03,Beauty,2,124.61,0.15,3,Net Banking,211.84,East
500974,11418,2025-10-28,Beauty,1,121.64,0.05,3,UPI,115.56,East
500975,10992,2025-02-10,Sports,1,60.36,0.0,4,Card,60.36,West
500976,11421,2025-10-23,Grocery,3,22.3,0.05,3,Net Banking,63.56,East
500977,11270,2025-11-18,Beauty,2,296.82,0.0,4,COD,593.64,South
500978,11000,2025-05-12,Fashion,2,44.53,0.0,6,Net Banking,89.06,South
500979,10716,2025-03-12,Fashion,1,139.59,0.05,8,COD,132.61,North
500980,11286,2025-09-18,Fashion,4,117.69,0.05,3,UPI,447.22,West
500981,10279,2025-01-25,Fashion,2,185.42,0.0,3,Card,370.84,West
500982,10842,2025-07-31,Sports,3,179.54,0.1,5,UPI,484.76,West
500983,11224,2025-05-02,Grocery,3,123.74,0.1,3,COD,334.1,East
500984,11417,2025-06-04,Sports,1,203.89,0.0,1,Net Banking,203.89,East
500985,10401,2025-10-29,Electronics,1,12.06,0.1,7,Card,10.85,South
500986,10141,2025-12-29,Beauty,4,155.73,0.0,5,UPI,622.92,South
500987,10501,2025-05-27,Beauty,4,62.48,0.05,5,UPI,237.42,West
500988,11296,2025-04-17,Fashion,2,169.38,0.1,1,UPI,304.88,South
500989,10786,2025-11-01,Fashion,1,26.52,0.05,3,Card,25.19,South
500990,10084,2025-05-31,Sports,2,59.53,0.1,2,Net Banking,107.15,North
500991,10180,2025-03-14,Beauty,4,30.08,0.05,4,UPI,114.3,West
500992,10509,2025-11-26,Home,3,16.85,0.0,5,COD,50.55,South
500993,10515,2025-12-28,Beauty,1,60.92,0.05,5,COD,57.87,South
500994,10203,2025-04-16,Grocery,3,14.9,0.0,3,COD,44.7,South
500995,10742,2025-02-27,Home,1,10.16,0.0,3,UPI,10.16,North
500996,10719,2025-02-25,Electronics,2,57.88,0.05,4,UPI,109.97,East
500997,10299,2025-08-07,Grocery,2,199.52,0.0,5,UPI,399.04,West
500998,10349,2025-04-24,Home,2,141.55,0.05,3,UPI,268.94,East
500999,10997,2025-08-16,Fashion,3,11.94,0.1,3,UPI,32.24,East
501000,11429,2025-10-05,Sports,1,19.95,0.1,3,Card,17.95,West
501001,11495,2025-01-03,Home,4,48.23,0.15,3,COD,163.98,South
501002,10839,2025-11-10,Beauty,3,52.59,0.1,4,UPI,141.99,South
501003,10058,2025-01-11,Home,2,9.63,0.15,2,Card,16.37,East
501004,11347,2025-02-11,Electronics,4,24.33,0.1,4,Card,87.59,South
501005,11426,2025-09-22,Electronics,2,22.05,0.1,7,UPI,39.69,South
501006,10418,2025-08-15,Home,2,80.41,0.1,4,UPI,144.74,West
501007,10601,2025-12-24,Beauty,1,113.34,0.15,2,UPI,96.34,South
501008,10039,2025-07-27,Fashion,4,32.8,0.1,1,Card,118.08,North
501009,11202,2025-06-02,Electronics,4,71.38,0.15,8,Card,242.69,East
501010,11164,2025-09-02,Grocery,1,29.5,0.05,7,UPI,28.02,North
501011,10031,2025-10-06,Sports,4,263.14,0.2,5,UPI,842.05,West
501012,11054,2025-09-02,Electronics,4,13.44,0.05,7,UPI,51.07,North
501013,10618,2025-05-16,Grocery,2,70.38,0.0,6,UPI,140.76,South
501014,10819,2025-12-17,Electronics,4,29.15,0.0,4,COD,116.6,East
501015,10328,2025-04-21,Fashion,3,42.69,0.1,2,COD,115.26,South
501016,11224,2025-05-07,Beauty,3,56.01,0.0,8,Card,168.03,East
501017,10607,2025-04-12,Fashion,1,96.16,0.0,4,Card,96.16,West
501018,11261,2025-04-20,Grocery,1,283.68,0.05,4,UPI,269.5,North
501019,10223,2025-03-19,Grocery,3,69.7,0.1,5,UPI,188.19,East
501020,10882,2025-08-01,Home,2,26.72,0.0,5,Card,53.44,East
501021,10466,2025-09-23,Fashion,4,74.77,0.1,6,COD,269.17,East
501022,11449,2025-06-06,Grocery,1,73.49,0.1,5,COD,66.14,East
501023,10836,2025-12-03,Sports,4,198.39,0.1,3,COD,714.2,East
501024,11080,2025-06-22,Grocery,3,72.35,0.1,5,Card,195.34,South
501025,10130,2025-06-20,Beauty,4,273.0,0.0,6,COD,1092.0,East
501026,11016,2025-01-26,Home,4,100.01,0.2,3,COD,320.03,North
501027,10152,2025-11-26,Fashion,4,83.55,0.15,7,Net Banking,284.07,West
501028,10543,2025-02-24,Sports,2,34.01,0.05,4,UPI,64.62,West
501029,10334,2025-03-02,Grocery,3,27.01,0.0,8,UPI,81.03,West
501030,10004,2025-12-08,Sports,1,12.2,0.05,2,Card,11.59,East
501031,10880,2025-07-09,Sports,2,77.69,0.15,6,Card,132.07,East
501032,10362,2025-01-25,Fashion,2,421.34,0.15,3,UPI,716.28,North
501033,10769,2025-06-11,Home,2,11.98,0.15,3,COD,20.37,North
501034,11146,2025-08-04,Beauty,3,399.29,0.2,6,Card,958.3,South
501035,10268,2025-01-04,Beauty,1,263.37,0.1,4,Card,237.03,North
501036,11065,2025-10-03,Sports,3,57.76,0.0,10,UPI,173.28,South
501037,10446,2025-09-02,Fashion,2,28.39,0.0,6,Card,56.78,East
501038,10497,2025-01-05,Sports,1,56.01,0.0,3,Card,56.01,South
501039,10866,2025-08-14,Electronics,3,263.41,0.0,6,UPI,790.23,West
501040,10939,2025-03-23,Sports,4,13.54,0.0,4,UPI,54.16,West
501041,10984,2025-09-26,Fashion,3,61.56,0.05,6,Card,175.45,South
501042,10293,2025-05-18,Grocery,1,11.18,0.1,4,Net Banking,10.06,West
501043,10870,2025-03-15,Beauty,3,115.46,0.0,5,UPI,346.38,North
501044,10396,2025-07-04,Beauty,3,13.93,0.15,5,UPI,35.52,South
501045,10416,2025-06-11,Electronics,3,41.5,0.15,5,UPI,105.82,South
501046,11422,2025-05-05,Sports,2,166.71,0.0,7,UPI,333.42,South
501047,10152,2025-11-17,Sports,1,129.34,0.0,1,COD,129.34,West
501048,10620,2025-08-25,Grocery,1,27.66,0.05,5,UPI,26.28,North
501049,10659,2025-06-27,Electronics,2,75.04,0.15,3,Card,127.57,East
501050,10368,2025-03-24,Home,3,17.1,0.1,2,Net Banking,46.17,East
501051,11179,2025-07-27,Grocery,3,62.57,0.0,3,UPI,187.71,North
501052,10731,2025-01-10,Electronics,3,14.38,0.1,3,Card,38.83,South
501053,11080,2025-11-19,Fashion,2,190.05,0.15,4,Net Banking,323.09,South
501054,10581,2025-01-01,Beauty,2,11.88,0.0,5,Card,23.76,South
501055,11346,2025-09-13,Grocery,1,108.03,0.1,6,UPI,97.23,East
501056,11095,2025-05-07,Grocery,4,61.87,0.05,4,UPI,235.11,East
501057,10500,2025-09-20,Grocery,2,27.55,0.0,8,Net Banking,55.1,South
501058,11444,2025-05-13,Home,3,65.6,0.15,4,Net Banking,167.28,North
501059,11298,2025-01-10,Fashion,2,14.89,0.0,1,UPI,29.78,North
501060,10888,2025-12-13,Sports,2,66.01,0.15,4,Card,112.22,North
501061,10025,2025-10-07,Grocery,1,93.18,0.1,5,UPI,83.86,West
501062,10887,2025-01-17,Electronics,4,58.43,0.0,1,UPI,233.72,South
501063,11037,2025-01-12,Grocery,1,33.93,0.1,7,Net Banking,30.54,South
501064,10548,2025-07-13,Beauty,4,42.22,0.0,4,Card,168.88,North
501065,10216,2025-12-16,Electronics,1,417.02,0.0,2,UPI,417.02,West
501066,10847,2025-07-30,Fashion,1,121.22,0.0,3,Card,121.22,South
501067,11203,2025-01-04,Sports,4,9.62,0.15,6,COD,32.71,West
501068,10479,2025-09-13,Electronics,4,25.34,0.15,6,COD,86.16,East
501069,10685,2025-06-06,Electronics,4,9.97,0.0,3,Card,39.88,East
501070,10002,2025-08-22,Grocery,4,21.99,0.05,2,COD,83.56,South
501071,11056,2025-05-08,Grocery,2,186.51,0.2,5,COD,298.42,East
501072,11300,2025-01-03,Electronics,1,259.59,0.1,5,Net Banking,233.63,South
501073,11165,2025-01-07,Grocery,3,57.19,0.0,6,Card,171.57,North
501074,10645,2025-08-19,Grocery,3,110.19,0.05,3,Card,314.04,East
501075,10068,2025-08-20,Grocery,3,28.75,0.05,4,Net Banking,81.94,South
501076,10739,2025-04-28,Home,1,58.81,0.0,5,UPI,58.81,South
501077,11411,2025-01-31,Fashion,1,222.65,0.05,6,Card,211.52,West
501078,10126,2025-10-10,Grocery,3,21.11,0.1,7,COD,57.0,South
501079,10321,2025-02-25,Grocery,4,32.74,0.1,8,Net Banking,117.86,West
501080,11256,2025-03-10,Fashion,4,18.47,0.05,7,Card,70.19,West
501081,10853,2025-06-15,Home,3,20.15,0.1,8,Card,54.4,West
501082,10256,2025-09-19,Electronics,2,10.96,0.05,7,COD,20.82,West
501083,10037,2025-12-30,Home,2,209.26,0.1,3,Card,376.67,North
501084,10616,2025-08-17,Electronics,3,221.92,0.0,8,Card,665.76,West
501085,10893,2025-12-17,Home,3,40.04,0.05,2,UPI,114.11,South
501086,11261,2025-08-27,Electronics,1,73.81,0.05,9,UPI,70.12,North
501087,11326,2025-11-06,Sports,2,22.22,0.05,3,UPI,42.22,West
501088,10687,2025-03-06,Fashion,3,12.83,0.1,6,Card,34.64,South
501089,10634,2025-01-21,Fashion,4,63.53,0.1,7,COD,228.71,South
501090,11397,2025-09-02,Sports,4,17.66,0.05,5,UPI,67.11,South
501091,11166,2025-12-22,Beauty,4,237.74,0.05,1,UPI,903.41,West
501092,10314,2025-09-26,Beauty,1,27.39,0.1,3,Card,24.65,South
501093,11022,2025-05-06,Home,2,122.07,0.1,5,UPI,219.73,West
501094,11073,2025-06-28,Beauty,3,26.02,0.1,6,Net Banking,70.25,South
501095,10351,2025-02-10,Home,4,21.01,0.15,4,UPI,71.43,East
501096,11467,2025-05-05,Fashion,2,62.5,0.1,5,COD,112.5,South
501097,10446,2025-09-07,Grocery,4,18.71,0.0,2,UPI,74.84,East
501098,10825,2025-03-02,Fashion,3,35.05,0.15,8,Net Banking,89.38,West
501099,10741,2025-06-25,Home,3,29.56,0.0,4,Card,88.68,North
501100,11039,2025-04-16,Sports,3,219.44,0.1,6,Net Banking,592.49,South
501101,11353,2025-06-29,Sports,4,85.73,0.2,7,Card,274.34,South
501102,10590,2025-10-06,Beauty,3,164.04,0.0,2,COD,492.12,North
501103,10577,2025-11-19,Home,3,73.68,0.0,5,UPI,221.04,West
501104,11128,2025-05-30,Sports,2,325.98,0.0,5,Card,651.96,East
501105,11429,2025-10-29,Home,2,53.42,0.2,4,UPI,85.47,West
501106,11364,2025-09-14,Grocery,3,188.99,0.05,6,COD,538.62,North
501107,11130,2025-12-03,Home,4,217.21,0.1,3,Card,781.96,West
501108,11055,2025-09-28,Beauty,3,324.8,0.0,5,Card,974.4,South
501109,11154,2025-07-21,Sports,4,110.16,0.0,4,UPI,440.64,North
501110,11404,2025-09-04,Electronics,3,400.33,0.0,9,UPI,1200.99,South
501111,10016,2025-04-26,Home,2,182.68,0.15,3,COD,310.56,North
501112,10883,2025-09-03,Electronics,3,31.5,0.0,6,Card,94.5,West
501113,10052,2025-09-16,Beauty,3,21.57,0.15,8,Card,55.0,North
501114,10866,2025-08-11,Fashion,4,29.52,0.1,3,Net Banking,106.27,West
501115,10593,2025-02-07,Home,2,83.17,0.15,5,UPI,141.39,South
501116,10457,2025-07-09,Beauty,1,20.4,0.05,3,Card,19.38,West
501117,11337,2025-09-17,Sports,1,23.01,0.05,1,UPI,21.86,North
501118,11065,2025-03-14,Grocery,1,119.5,0.0,3,COD,119.5,South
501119,10852,2025-10-15,Electronics,3,37.44,0.05,3,Card,106.7,North
501120,11323,2025-11-04,Fashion,4,113.33,0.1,3,COD,407.99,North
501121,10147,2025-07-16,Electronics,3,312.33,0.0,4,COD,936.99,South
501122,10970,2025-12-18,Fashion,1,10.45,0.2,5,UPI,8.36,North
501123,10235,2025-11-10,Grocery,2,92.46,0.0,2,UPI,184.92,West
501124,10350,2025-06-20,Sports,4,226.63,0.0,5,UPI,906.52,North
501125,10278,2025-11-19,Home,1,17.77,0.1,7,Card,15.99,South
501126,10817,2025-12-07,Home,3,179.91,0.05,7,UPI,512.74,West
501127,10944,2025-02-09,Sports,2,56.41,0.0,4,Card,112.82,South
501128,11134,2025-12-31,Sports,4,83.6,0.2,6,Card,267.52,West
501129,10661,2025-01-02,Home,3,11.36,0.0,3,Card,34.08,South
501130,11410,2025-06-27,Electronics,3,43.77,0.1,4,UPI,118.18,East
501131,10561,2025-12-09,Beauty,3,34.41,0.0,5,Net Banking,103.23,North
501132,10235,2025-09-22,Fashion,4,20.21,0.0,4,Net Banking,80.84,West
501133,10055,2025-04-08,Beauty,3,187.06,0.05,2,UPI,533.12,East
501134,10192,2025-08-23,Grocery,3,62.37,0.15,6,Net Banking,159.04,South
501135,10668,2025-03-20,Sports,4,202.33,0.05,3,COD,768.85,West
501136,10620,2025-03-28,Sports,3,20.63,0.0,3,UPI,61.89,North
501137,11282,2025-11-29,Electronics,3,138.36,0.0,7,Card,415.08,South
501138,10189,2025-01-18,Grocery,2,111.67,0.15,6,UPI,189.84,West
501139,10394,2025-12-18,Sports,2,106.26,0.0,5,COD,212.52,East
501140,11471,2025-06-15,Beauty,1,41.46,0.1,2,Net Banking,37.31,West
501141,10043,2025-01-24,Fashion,3,81.5,0.0,2,Card,244.5,East
501142,10637,2025-10-15,Sports,2,31.02,0.0,5,Card,62.04,East
501143,10298,2025-01-18,Grocery,4,185.09,0.0,6,COD,740.36,West
501144,10801,2025-04-29,Fashion,4,40.5,0.0,5,Card,162.0,West
501145,11461,2025-03-29,Electronics,4,51.24,0.05,4,Card,194.71,West
501146,10341,2025-10-14,Fashion,2,68.64,0.05,3,Card,130.42,North
501147,10556,2025-05-25,Sports,3,10.97,0.15,5,COD,27.97,North
501148,10674,2025-08-28,Electronics,4,43.4,0.0,2,Card,173.6,East
501149,11198,2025-01-27,Sports,3,21.96,0.05,5,UPI,62.59,East
501150,11478,2025-09-11,Home,3,321.51,0.05,2,UPI,916.3,West
501151,10145,2025-09-17,Grocery,2,40.19,0.0,2,Card,80.38,South
501152,10734,2025-04-15,Fashion,2,12.73,0.0,5,Card,25.46,South
501153,11129,2025-11-18,Home,3,14.25,0.0,6,Card,42.75,East
501154,10014,2025-06-21,Electronics,4,377.95,0.0,5,Card,1511.8,West
501155,11210,2025-09-01,Electronics,1,19.68,0.05,2,Net Banking,18.7,South
501156,10364,2025-03-08,Sports,1,9.96,0.0,1,COD,9.96,North
501157,10778,2025-12-07,Beauty,1,28.04,0.05,4,Card,26.64,North
501158,11468,2025-04-01,Grocery,3,24.6,0.05,1,COD,70.11,North
501159,10953,2025-08-17,Home,2,12.16,0.05,6,Card,23.1,South
501160,11484,2025-02-02,Grocery,2,372.14,0.0,2,Card,744.28,North
501161,10906,2025-01-17,Grocery,4,14.87,0.05,9,UPI,56.51,East
501162,10316,2025-02-16,Electronics,1,170.5,0.05,3,Card,161.98,South
501163,11039,2025-12-11,Fashion,1,243.71,0.2,5,Card,194.97,South
501164,10923,2025-03-18,Grocery,1,99.44,0.0,3,Card,99.44,East
501165,10467,2025-11-18,Home,2,14.68,0.0,4,COD,29.36,East
501166,10116,2025-07-31,Electronics,3,156.36,0.15,5,UPI,398.72,West
501167,10973,2025-02-02,Grocery,1,38.41,0.0,6,UPI,38.41,North
501168,10867,2025-06-11,Beauty,1,55.84,0.0,7,Net Banking,55.84,West
501169,11161,2025-06-24,Electronics,1,26.84,0.15,6,UPI,22.81,North
501170,10189,2025-04-08,Grocery,4,140.27,0.05,7,UPI,533.03,West
501171,10809,2025-08-09,Sports,1,62.96,0.1,3,Card,56.66,South
501172,11228,2025-11-11,Electronics,3,15.13,0.0,6,UPI,45.39,South
501173,11337,2025-11-19,Home,3,55.81,0.0,4,COD,167.43,North
501174,11410,2025-07-11,Electronics,1,185.53,0.0,6,UPI,185.53,East
501175,10318,2025-11-23,Grocery,3,362.69,0.1,5,Net Banking,979.26,East
501176,10260,2025-12-03,Electronics,2,386.03,0.05,6,UPI,733.46,East
501177,10865,2025-02-02,Sports,3,20.01,0.1,5,UPI,54.03,North
501178,10695,2025-08-20,Fashion,1,191.98,0.15,6,Card,163.18,West
501179,10352,2025-10-10,Fashion,3,62.04,0.2,3,UPI,148.9,North
501180,10154,2025-01-06,Sports,4,134.05,0.0,1,UPI,536.2,East
501181,10216,2025-08-09,Grocery,1,42.69,0.1,6,UPI,38.42,West
501182,10509,2025-11-30,Electronics,3,80.7,0.1,7,UPI,217.89,South
501183,11110,2025-04-08,Electronics,3,26.09,0.1,4,COD,70.44,North
501184,10098,2025-11-09,Electronics,1,67.88,0.15,6,COD,57.7,North
501185,10158,2025-12-07,Sports,3,27.42,0.1,1,Card,74.03,East
501186,10397,2025-08-20,Fashion,3,31.47,0.1,3,Card,84.97,West
501187,11311,2025-08-18,Electronics,2,61.63,0.0,5,Card,123.26,South
501188,11486,2025-07-15,Home,2,208.79,0.05,1,UPI,396.7,North
501189,10661,2025-05-30,Fashion,3,121.67,0.1,1,Card,328.51,South
501190,10067,2025-06-15,Sports,3,106.51,0.1,5,Net Banking,287.58,East
501191,10018,2025-07-10,Beauty,4,24.66,0.1,3,UPI,88.78,North
501192,11289,2025-06-25,Grocery,1,56.51,0.05,4,UPI,53.68,South
501193,10668,2025-10-29,Grocery,4,52.44,0.05,4,UPI,199.27,West
501194,10117,2025-10-08,Sports,1,129.35,0.2,2,Card,103.48,West
501195,11251,2025-05-07,Beauty,3,20.11,0.0,4,COD,60.33,North
501196,10794,2025-07-07,Grocery,2,12.73,0.1,4,UPI,22.91,North
501197,10525,2025-03-20,Sports,1,73.82,0.1,3,UPI,66.44,North
501198,10679,2025-03-06,Fashion,3,249.08,0.05,3,UPI,709.88,North
501199,10338,2025-05-15,Beauty,3,164.11,0.05,4,COD,467.71,West
501200,11398,2025-01-22,Sports,3,212.26,0.05,6,Card,604.94,West
501201,11182,2025-11-08,Fashion,2,33.02,0.1,4,UPI,59.44,North
501202,10299,2025-02-16,Home,2,22.82,0.0,1,UPI,45.64,West
501203,11103,2025-04-30,Grocery,3,105.88,0.15,2,UPI,269.99,West
501204,10270,2025-04-02,Electronics,1,11.22,0.1,6,Net Banking,10.1,North
501205,10680,2025-03-17,Sports,4,187.92,0.0,3,Card,751.68,South
501206,11124,2025-05-15,Fashion,3,172.83,0.0,4,UPI,518.49,North
501207,10055,2025-09-20,Fashion,4,62.59,0.0,8,Net Banking,250.36,East
501208,11089,2025-11-22,Electronics,1,15.74,0.0,6,Net Banking,15.74,South
501209,10339,2025-03-10,Beauty,3,29.55,0.0,1,UPI,88.65,North
501210,11049,2025-03-29,Grocery,3,390.59,0.0,7,UPI,1171.77,West
501211,10749,2025-06-21,Home,4,13.74,0.2,5,Net Banking,43.97,West
501212,10040,2025-04-27,Sports,2,11.49,0.1,5,UPI,20.68,East
501213,11143,2025-10-19,Grocery,4,37.72,0.15,5,UPI,128.25,West
501214,10390,2025-03-23,Grocery,1,30.49,0.1,6,Card,27.44,West
501215,11429,2025-05-27,Fashion,4,92.72,0.1,4,COD,333.79,West
501216,11260,2025-07-19,Home,3,9.97,0.15,2,UPI,25.42,West
501217,10290,2025-05-20,Sports,4,131.53,0.0,5,UPI,526.12,North
501218,10902,2025-08-14,Beauty,1,180.58,0.1,2,COD,162.52,South
501219,10544,2025-10-19,Fashion,2,23.17,0.15,8,COD,39.39,West
501220,10904,2025-07-14,Sports,3,71.47,0.15,4,UPI,182.25,South
501221,10836,2025-06-16,Sports,3,104.06,0.05,4,UPI,296.57,East
501222,10444,2025-12-14,Home,1,271.04,0.15,3,Card,230.38,North
501223,10978,2025-12-25,Sports,3,140.35,0.05,5,UPI,400.0,South
501224,10391,2025-12-30,Fashion,2,362.12,0.0,5,Card,724.24,East
501225,11362,2025-01-07,Grocery,1,22.16,0.0,3,UPI,22.16,South
501226,11420,2025-11-02,Fashion,3,89.06,0.05,5,COD,253.82,West
501227,10249,2025-11-25,Grocery,3,160.36,0.0,5,UPI,481.08,South
501228,11092,2025-10-21,Grocery,1,20.72,0.0,4,UPI,20.72,East
501229,11395,2025-10-01,Grocery,4,22.96,0.0,3,UPI,91.84,West
501230,10191,2025-05-14,Sports,3,9.97,0.15,9,UPI,25.42,West
501231,11110,2025-09-22,Fashion,2,332.0,0.15,7,Card,564.4,North
501232,11407,2025-07-31,Electronics,4,196.44,0.15,6,Card,667.9,West
501233,10338,2025-10-31,Beauty,4,20.87,0.1,7,COD,75.13,West
501234,10874,2025-05-09,Beauty,4,25.21,0.15,5,Card,85.71,South
501235,11197,2025-09-29,Sports,4,49.11,0.05,4,Card,186.62,North
501236,10501,2025-10-14,Fashion,1,244.54,0.05,1,COD,232.31,West
501237,10357,2025-11-01,Beauty,1,269.77,0.05,2,UPI,256.28,West
501238,10596,2025-03-04,Electronics,1,205.85,0.0,9,COD,205.85,South
501239,10504,2025-11-12,Sports,4,182.61,0.1,7,Card,657.4,South
501240,11089,2025-03-21,Beauty,2,84.94,0.05,5,UPI,161.39,South
501241,10557,2025-12-09,Electronics,2,29.64,0.2,1,Card,47.42,South
501242,10565,2025-01-15,Home,4,118.06,0.0,6,Net Banking,472.24,East
501243,11417,2025-03-23,Grocery,1,50.7,0.0,4,UPI,50.7,East
501244,10869,2025-08-11,Electronics,2,303.25,0.05,6,Card,576.17,North
501245,11395,2025-07-18,Beauty,2,51.85,0.0,2,Card,103.7,West
501246,11066,2025-09-09,Fashion,2,165.12,0.2,4,Card,264.19,West
501247,11328,2025-05-28,Electronics,3,17.09,0.1,6,UPI,46.14,East
501248,10294,2025-01-02,Electronics,3,83.71,0.05,8,UPI,238.57,North
501249,11408,2025-08-14,Grocery,2,47.24,0.1,3,UPI,85.03,North
501250,11417,2025-07-06,Fashion,1,55.54,0.05,3,COD,52.76,East
501251,10062,2025-07-05,Home,3,186.04,0.0,7,UPI,558.12,South
501252,10535,2025-05-18,Home,3,44.28,0.05,2,Card,126.2,North
501253,10620,2025-11-22,Beauty,3,14.54,0.0,2,UPI,43.62,North
501254,10630,2025-10-17,Sports,2,35.19,0.1,5,UPI,63.34,West
501255,11168,2025-03-08,Sports,4,384.46,0.15,9,Card,1307.16,South
501256,11048,2025-01-15,Home,3,416.03,0.0,3,Card,1248.09,West
501257,10320,2025-03-08,Sports,4,105.09,0.1,4,Card,378.32,West
501258,10914,2025-01-18,Grocery,3,82.77,0.1,5,COD,223.48,West
501259,11462,2025-09-16,Home,2,22.99,0.05,4,Card,43.68,East
501260,10661,2025-08-15,Electronics,2,174.2,0.05,1,UPI,330.98,South
501261,11393,2025-06-18,Grocery,3,73.42,0.05,6,UPI,209.25,North
501262,10975,2025-08-04,Fashion,3,11.38,0.05,5,UPI,32.43,South
501263,11388,2025-10-23,Sports,3,371.87,0.05,5,Card,1059.83,South
501264,11355,2025-10-31,Home,3,202.59,0.0,4,UPI,607.77,West
501265,10026,2025-06-08,Home,2,10.9,0.05,8,Card,20.71,North
501266,11201,2025-08-05,Home,1,58.64,0.1,3,UPI,52.78,East
501267,10284,2025-07-30,Home,2,147.0,0.05,2,Card,279.3,South
501268,11237,2025-12-13,Beauty,4,138.49,0.15,8,UPI,470.87,North
501269,11213,2025-10-05,Electronics,3,17.71,0.0,1,Net Banking,53.13,East
501270,10388,2025-04-25,Grocery,4,14.57,0.05,4,COD,55.37,West
501271,10100,2025-11-20,Fashion,3,308.47,0.1,4,Net Banking,832.87,West
501272,10630,2025-05-26,Grocery,4,194.34,0.05,4,Card,738.49,West
501273,10455,2025-10-04,Fashion,1,143.88,0.15,1,Net Banking,122.3,North
501274,10831,2025-12-23,Home,3,82.72,0.0,2,UPI,248.16,East
501275,10124,2025-10-23,Fashion,1,83.37,0.05,6,Card,79.2,South
501276,10067,2025-02-09,Electronics,1,40.25,0.1,7,COD,36.22,East
501277,10656,2025-03-17,Sports,1,86.58,0.1,4,Card,77.92,South
501278,11155,2025-10-18,Sports,2,38.09,0.1,3,UPI,68.56,South
501279,10473,2025-02-15,Electronics,1,10.66,0.1,1,Card,9.59,North
501280,10486,2025-01-05,Fashion,2,33.95,0.0,6,Net Banking,67.9,South
501281,10247,2025-04-05,Fashion,1,27.94,0.1,6,Card,25.15,East
501282,10424,2025-06-27,Home,1,28.5,0.1,1,UPI,25.65,North
501283,10449,2025-02-16,Electronics,2,44.7,0.1,1,UPI,80.46,North
501284,10389,2025-02-25,Sports,2,22.47,0.0,5,UPI,44.94,North
501285,10516,2025-05-04,Home,2,53.43,0.15,5,COD,90.83,North
501286,10426,2025-08-07,Fashion,2,54.85,0.1,4,Card,98.73,West
501287,11022,2025-07-18,Home,2,18.58,0.0,4,UPI,37.16,West
501288,10508,2025-10-19,Fashion,1,61.73,0.0,4,COD,61.73,West
501289,11133,2025-12-24,Electronics,2,86.49,0.1,5,Card,155.68,North
501290,10908,2025-01-13,Beauty,4,41.52,0.15,3,COD,141.17,North
501291,10961,2025-09-09,Fashion,1,14.01,0.05,4,COD,13.31,South
501292,10876,2025-03-01,Beauty,1,120.28,0.15,3,COD,102.24,West
501293,11385,2025-05-12,Fashion,4,73.69,0.05,3,Net Banking,280.02,West
501294,10384,2025-05-06,Home,3,40.03,0.05,1,Net Banking,114.09,South
501295,11474,2025-09-13,Beauty,2,11.48,0.1,4,UPI,20.66,South
501296,10310,2025-04-04,Sports,4,13.11,0.0,6,UPI,52.44,North
501297,10208,2025-11-23,Beauty,2,12.56,0.0,4,Net Banking,25.12,East
501298,11240,2025-05-20,Electronics,3,231.43,0.1,4,Card,624.86,North
501299,11344,2025-10-25,Grocery,3,30.48,0.0,7,Card,91.44,East
501300,10140,2025-12-14,Sports,1,46.63,0.0,7,COD,46.63,North
501301,10900,2025-07-06,Sports,4,111.95,0.0,8,Card,447.8,South
501302,10770,2025-02-06,Sports,3,81.05,0.0,9,UPI,243.15,East
501303,10331,2025-09-14,Sports,1,12.81,0.0,5,UPI,12.81,West
501304,10781,2025-06-04,Sports,4,361.44,0.0,2,COD,1445.76,South
501305,11029,2025-05-04,Fashion,3,23.87,0.15,3,COD,60.87,West
501306,10862,2025-06-16,Electronics,4,142.6,0.1,6,Net Banking,513.36,West
501307,10780,2025-04-20,Fashion,4,255.1,0.1,7,COD,918.36,West
501308,11329,2025-04-13,Home,2,68.03,0.0,2,UPI,136.06,South
501309,10339,2025-12-28,Sports,4,15.05,0.0,5,Card,60.2,North
501310,10936,2025-04-12,Beauty,1,86.3,0.15,3,UPI,73.35,North
501311,10475,2025-06-17,Grocery,2,21.47,0.1,4,UPI,38.65,South
501312,11461,2025-09-18,Fashion,3,254.95,0.15,4,COD,650.12,West
501313,10378,2025-03-22,Fashion,3,120.94,0.05,5,UPI,344.68,South
501314,11308,2025-08-14,Grocery,1,212.08,0.1,9,Card,190.87,East
501315,10949,2025-11-23,Beauty,1,227.0,0.05,5,COD,215.65,West
501316,10323,2025-10-24,Beauty,4,14.64,0.0,4,COD,58.56,South
501317,11139,2025-01-11,Beauty,4,13.56,0.15,3,UPI,46.1,North
501318,10362,2025-05-28,Grocery,3,91.73,0.0,4,UPI,275.19,North
501319,10394,2025-01-01,Sports,3,104.35,0.05,3,Card,297.4,East
501320,10518,2025-08-10,Electronics,4,254.44,0.0,5,Card,1017.76,West
501321,11023,2025-04-29,Beauty,1,106.6,0.1,1,COD,95.94,West
501322,10588,2025-11-23,Beauty,4,221.11,0.1,4,Card,796.0,South
501323,10854,2025-03-06,Fashion,1,33.29,0.05,4,UPI,31.63,West
501324,10830,2025-11-07,Electronics,3,14.77,0.2,2,COD,35.45,South
501325,10295,2025-05-05,Sports,2,14.53,0.0,4,Card,29.06,West
501326,10349,2025-12-02,Sports,4,53.32,0.15,7,COD,181.29,East
501327,10461,2025-03-14,Home,1,13.01,0.1,7,UPI,11.71,East
501328,10334,2025-04-09,Electronics,3,69.88,0.15,3,Card,178.19,West
501329,11379,2025-05-09,Fashion,1,48.39,0.1,6,Card,43.55,East
501330,10573,2025-12-26,Home,1,20.52,0.05,2,Card,19.49,South
501331,10608,2025-09-25,Grocery,2,61.32,0.05,4,UPI,116.51,North
501332,11009,2025-10-25,Sports,4,99.15,0.15,5,Card,337.11,West
501333,11183,2025-07-21,Grocery,2,10.91,0.15,8,COD,18.55,North
501334,11033,2025-10-18,Fashion,3,41.0,0.1,7,UPI,110.7,South
501335,10827,2025-08-17,Grocery,3,366.0,0.1,5,UPI,988.2,East
501336,11465,2025-09-01,Electronics,4,25.22,0.05,3,UPI,95.84,East
501337,11350,2025-11-02,Home,2,148.44,0.0,7,UPI,296.88,North
501338,10304,2025-12-25,Electronics,1,40.35,0.0,4,Card,40.35,South
501339,10241,2025-07-30,Sports,4,26.74,0.1,5,UPI,96.26,West
501340,10590,2025-06-11,Fashion,2,176.14,0.1,4,UPI,317.05,North
501341,11254,2025-08-27,Home,1,40.0,0.1,8,Net Banking,36.0,East
501342,11448,2025-09-28,Home,4,223.78,0.1,3,Card,805.61,South
501343,11054,2025-12-27,Fashion,4,103.26,0.0,6,COD,413.04,North
501344,11036,2025-09-13,Home,1,264.07,0.0,4,COD,264.07,East
501345,10351,2025-12-15,Fashion,4,186.81,0.0,6,UPI,747.24,East
501346,10889,2025-09-25,Fashion,3,374.41,0.0,8,Card,1123.23,North
501347,10277,2025-12-14,Home,2,64.89,0.1,1,Card,116.8,South
501348,10810,2025-10-02,Home,3,285.78,0.1,4,UPI,771.61,West
501349,10291,2025-11-20,Beauty,1,11.96,0.15,3,UPI,10.17,West
501350,10114,2025-03-11,Fashion,1,46.38,0.0,5,UPI,46.38,East
501351,11451,2025-12-29,Home,1,28.02,0.15,6,UPI,23.82,West
501352,11341,2025-05-08,Beauty,1,12.26,0.1,4,UPI,11.03,North
501353,11028,2025-10-19,Fashion,3,206.8,0.0,3,UPI,620.4,South
501354,10939,2025-05-24,Home,4,218.98,0.1,5,Card,788.33,West
501355,10360,2025-06-17,Fashion,2,120.79,0.2,2,UPI,193.26,East
501356,10858,2025-10-01,Electronics,1,98.08,0.05,5,COD,93.18,West
501357,11123,2025-07-17,Electronics,2,101.17,0.1,3,UPI,182.11,West
501358,10810,2025-09-19,Home,3,35.34,0.0,6,Card,106.02,West
501359,10423,2025-01-29,Home,4,112.26,0.0,2,COD,449.04,North
501360,10588,2025-11-01,Electronics,3,436.13,0.0,3,Card,1308.39,South
501361,11262,2025-05-30,Grocery,2,20.31,0.0,3,UPI,40.62,South
501362,10382,2025-10-15,Home,3,34.24,0.1,4,UPI,92.45,West
501363,11443,2025-04-15,Sports,1,21.34,0.0,7,UPI,21.34,North
501364,11133,2025-08-06,Grocery,2,378.55,0.1,6,UPI,681.39,North
501365,11336,2025-08-03,Sports,3,86.98,0.15,4,Card,221.8,West
501366,10765,2025-02-21,Sports,1,78.47,0.15,4,Card,66.7,West
501367,10336,2025-06-23,Electronics,1,28.15,0.0,6,Card,28.15,East
501368,10051,2025-08-20,Beauty,4,10.01,0.0,2,Net Banking,40.04,North
501369,10803,2025-11-02,Sports,1,203.25,0.05,5,Net Banking,193.09,West
501370,10599,2025-11-20,Fashion,1,233.8,0.0,3,UPI,233.8,West
501371,10171,2025-05-21,Electronics,3,36.23,0.05,4,COD,103.26,South
501372,11393,2025-08-23,Fashion,2,171.47,0.1,6,UPI,308.65,North
501373,11456,2025-03-05,Sports,4,87.3,0.1,3,COD,314.28,North
501374,10561,2025-11-23,Sports,4,89.31,0.0,6,COD,357.24,North
501375,11003,2025-11-13,Beauty,4,17.87,0.0,9,UPI,71.48,North
501376,10620,2025-12-31,Home,2,119.01,0.15,6,Card,202.32,North
501377,10746,2025-06-27,Home,4,21.19,0.15,4,Card,72.05,South
501378,10936,2025-05-12,Home,2,29.19,0.1,7,UPI,52.54,North
501379,10625,2025-10-04,Beauty,1,37.77,0.1,2,Card,33.99,West
501380,11203,2025-09-22,Home,4,31.17,0.1,8,Net Banking,112.21,West
501381,10285,2025-03-19,Beauty,3,336.37,0.0,3,Card,1009.11,East
501382,11003,2025-07-17,Electronics,1,10.23,0.15,9,UPI,8.7,North
501383,11475,2025-08-23,Home,4,300.88,0.0,3,Card,1203.52,South
501384,11276,2025-06-16,Home,1,17.93,0.1,6,Card,16.14,South
501385,10069,2025-05-16,Electronics,3,255.69,0.0,1,Card,767.07,North
501386,10171,2025-03-29,Grocery,2,35.13,0.1,4,UPI,63.23,South
501387,10944,2025-05-31,Sports,1,376.29,0.1,2,Card,338.66,South
501388,11387,2025-03-31,Grocery,4,67.28,0.1,2,UPI,242.21,East
501389,11267,2025-04-20,Fashion,3,56.08,0.05,7,Card,159.83,North
501390,11356,2025-03-09,Electronics,4,15.64,0.1,2,Card,56.3,North
501391,10225,2025-05-18,Grocery,3,51.7,0.1,3,COD,139.59,South
501392,10779,2025-08-19,Beauty,4,61.83,0.1,3,COD,222.59,West
501393,11089,2025-05-18,Sports,4,353.8,0.05,7,COD,1344.44,South
501394,10938,2025-02-21,Beauty,4,24.84,0.05,7,COD,94.39,North
501395,11166,2025-10-20,Beauty,3,12.86,0.1,7,UPI,34.72,West
501396,10320,2025-06-07,Beauty,1,25.73,0.0,3,COD,25.73,West
501397,10686,2025-08-02,Home,2,30.98,0.1,7,COD,55.76,South
501398,10672,2025-07-11,Fashion,3,421.8,0.0,3,COD,1265.4,East
501399,11410,2025-07-04,Sports,1,16.78,0.1,3,COD,15.1,East
501400,10305,2025-06-09,Electronics,1,299.09,0.05,3,UPI,284.14,West
501401,10490,2025-10-03,Electronics,2,14.92,0.15,3,UPI,25.36,East
501402,10033,2025-11-09,Grocery,4,195.6,0.0,4,COD,782.4,South
501403,10228,2025-11-26,Fashion,2,45.0,0.05,3,UPI,85.5,East
501404,11472,2025-06-11,Grocery,4,14.4,0.0,5,UPI,57.6,North
501405,11272,2025-05-05,Fashion,4,121.62,0.15,1,Net Banking,413.51,South
501406,10389,2025-01-31,Fashion,2,135.56,0.0,5,Net Banking,271.12,North
501407,11054,2025-06-11,Grocery,1,251.11,0.05,2,UPI,238.55,North
501408,10890,2025-12-29,Fashion,4,21.17,0.0,3,UPI,84.68,East
501409,11360,2025-04-05,Home,4,96.99,0.1,3,Card,349.16,North
501410,10451,2025-11-05,Fashion,3,83.46,0.0,6,UPI,250.38,North
501411,11492,2025-10-04,Home,4,62.24,0.1,6,UPI,224.06,West
501412,10556,2025-08-29,Beauty,1,271.81,0.0,4,UPI,271.81,North
501413,11076,2025-07-26,Sports,2,56.69,0.05,3,COD,107.71,South
501414,10597,2025-10-04,Electronics,3,33.85,0.0,6,UPI,101.55,East
501415,11008,2025-02-05,Sports,1,63.15,0.1,8,UPI,56.84,South
501416,10503,2025-02-16,Fashion,4,436.38,0.0,4,Card,1745.52,West
501417,11265,2025-03-13,Home,3,203.34,0.2,1,UPI,488.02,East
501418,10957,2025-10-07,Electronics,2,149.59,0.05,3,Net Banking,284.22,West
501419,10434,2025-06-07,Sports,1,11.03,0.1,6,UPI,9.93,West
501420,11442,2025-03-17,Sports,1,35.81,0.0,4,UPI,35.81,North
501421,11064,2025-01-17,Sports,3,10.2,0.0,3,Card,30.6,East
501422,10643,2025-06-28,Beauty,4,13.97,0.15,3,UPI,47.5,North
501423,10204,2025-05-26,Fashion,1,226.01,0.1,5,UPI,203.41,North
501424,11460,2025-03-06,Beauty,2,217.53,0.1,1,Net Banking,391.55,South
501425,11133,2025-01-09,Beauty,3,17.34,0.1,4,COD,46.82,North
501426,11002,2025-10-03,Home,2,53.05,0.0,5,Net Banking,106.1,South
501427,11250,2025-10-12,Home,3,28.77,0.15,4,Card,73.36,West
501428,10911,2025-03-31,Grocery,3,14.47,0.05,2,UPI,41.24,West
501429,10349,2025-06-30,Fashion,4,41.25,0.15,7,Net Banking,140.25,East
501430,10356,2025-04-03,Home,3,18.01,0.1,2,COD,48.63,South
501431,10119,2025-05-30,Grocery,3,176.29,0.0,5,Card,528.87,South
501432,10095,2025-02-09,Electronics,2,363.26,0.1,6,COD,653.87,South
501433,11094,2025-12-12,Fashion,1,54.36,0.2,5,Card,43.49,South
501434,11278,2025-09-21,Electronics,1,27.59,0.0,7,Card,27.59,North
501435,10246,2025-11-25,Beauty,1,48.99,0.05,2,COD,46.54,West
501436,10861,2025-04-18,Fashion,4,356.55,0.1,3,Net Banking,1283.58,West
501437,10186,2025-11-15,Grocery,1,20.01,0.0,4,COD,20.01,East
501438,10622,2025-07-09,Grocery,2,93.86,0.0,11,Net Banking,187.72,South
501439,11187,2025-03-14,Grocery,3,13.63,0.1,6,Card,36.8,South
501440,11218,2025-05-02,Home,3,33.58,0.15,6,UPI,85.63,East
501441,11424,2025-10-24,Electronics,1,53.17,0.05,6,Card,50.51,South
501442,10466,2025-10-10,Grocery,4,41.19,0.15,5,Card,140.05,East
501443,11424,2025-09-20,Grocery,2,14.59,0.0,7,UPI,29.18,South
501444,11176,2025-03-24,Home,1,136.22,0.0,1,Card,136.22,West
501445,10508,2025-08-25,Electronics,1,105.25,0.0,5,Card,105.25,West
501446,10492,2025-12-10,Fashion,4,42.39,0.05,5,UPI,161.08,East
501447,10162,2025-01-18,Electronics,4,44.63,0.1,7,COD,160.67,West
501448,11382,2025-04-28,Electronics,4,13.65,0.0,2,Net Banking,54.6,North
501449,10305,2025-01-30,Grocery,2,81.16,0.05,2,UPI,154.2,West
501450,10402,2025-02-07,Beauty,4,26.86,0.1,2,COD,96.7,West
501451,10620,2025-12-31,Electronics,2,28.54,0.1,6,UPI,51.37,North
501452,10207,2025-03-29,Fashion,1,187.48,0.1,6,Card,168.73,North
501453,11209,2025-03-07,Beauty,4,97.57,0.1,3,COD,351.25,South
501454,11048,2025-01-27,Fashion,2,123.41,0.2,8,Net Banking,197.46,West
501455,10235,2025-12-25,Grocery,3,26.14,0.1,5,UPI,70.58,West
501456,10245,2025-06-21,Home,3,65.84,0.15,5,COD,167.89,East
501457,10033,2025-10-16,Fashion,1,11.82,0.2,4,COD,9.46,South
501458,11425,2025-04-02,Sports,4,26.4,0.15,6,UPI,89.76,South
501459,10654,2025-08-22,Beauty,1,237.32,0.0,5,Card,237.32,North
501460,10984,2025-11-20,Grocery,4,46.03,0.05,8,COD,174.91,South
501461,10225,2025-09-02,Beauty,2,88.88,0.05,2,UPI,168.87,South
501462,10347,2025-07-08,Beauty,2,153.43,0.0,1,Card,306.86,West
501463,10813,2025-03-18,Grocery,2,381.56,0.1,3,Card,686.81,West
501464,10314,2025-03-27,Fashion,3,14.01,0.0,6,Card,42.03,South
501465,10920,2025-08-06,Grocery,1,74.67,0.1,4,Card,67.2,East
501466,11386,2025-06-14,Sports,1,389.06,0.15,7,UPI,330.7,North
501467,10458,2025-01-17,Sports,3,18.32,0.05,4,UPI,52.21,South
501468,10912,2025-03-13,Home,3,232.11,0.15,7,COD,591.88,West
501469,11374,2025-06-07,Beauty,4,76.02,0.1,3,Card,273.67,West
501470,11341,2025-03-07,Grocery,4,31.72,0.15,7,Card,107.85,North
501471,10012,2025-07-22,Fashion,4,183.05,0.0,7,COD,732.2,West
501472,10166,2025-04-20,Home,4,210.19,0.15,3,UPI,714.65,South
501473,11480,2025-04-17,Home,4,19.3,0.0,5,UPI,77.2,South
501474,11389,2025-02-09,Sports,2,105.24,0.15,5,Card,178.91,West
501475,10483,2025-07-03,Home,4,414.4,0.0,6,UPI,1657.6,East
501476,10781,2025-03-10,Electronics,4,85.11,0.0,7,UPI,340.44,South
501477,10860,2025-08-19,Sports,3,83.85,0.0,6,COD,251.55,South
501478,11003,2025-12-09,Home,1,15.51,0.1,6,Net Banking,13.96,North
501479,11126,2025-11-29,Sports,1,43.25,0.15,6,UPI,36.76,East
501480,10560,2025-09-01,Fashion,2,415.81,0.1,2,Card,748.46,South
501481,11335,2025-10-22,Grocery,3,137.35,0.1,4,COD,370.84,West
501482,10089,2025-12-03,Fashion,3,53.77,0.0,2,COD,161.31,North
501483,10049,2025-09-06,Grocery,4,35.3,0.2,4,UPI,112.96,East
501484,11437,2025-04-04,Grocery,3,268.49,0.05,7,COD,765.2,North
501485,10266,2025-07-02,Home,3,403.18,0.15,4,Net Banking,1028.11,North
501486,11492,2025-11-09,Grocery,4,23.77,0.1,1,UPI,85.57,West
501487,10429,2025-09-01,Sports,4,256.53,0.05,2,UPI,974.81,North
501488,10547,2025-05-13,Electronics,3,31.56,0.0,6,COD,94.68,South
501489,10042,2025-03-03,Electronics,3,236.94,0.1,3,UPI,639.74,West
501490,11416,2025-02-22,Home,1,398.37,0.15,6,UPI,338.61,West
501491,10539,2025-05-18,Electronics,3,111.64,0.1,2,COD,301.43,North
501492,10252,2025-10-21,Beauty,1,54.78,0.15,5,COD,46.56,West
501493,10726,2025-07-21,Grocery,2,41.07,0.2,5,Card,65.71,North
501494,10233,2025-01-22,Beauty,3,12.6,0.0,6,Card,37.8,West
501495,11185,2025-12-02,Electronics,1,14.61,0.05,3,Card,13.88,North
501496,10110,2025-05-28,Beauty,3,190.34,0.1,6,COD,513.92,West
501497,10749,2025-05-23,Home,2,96.01,0.0,8,COD,192.02,West
501498,10587,2025-10-27,Grocery,3,28.81,0.1,1,COD,77.79,North
501499,10056,2025-05-18,Electronics,2,65.7,0.0,5,Card,131.4,West
501500,10079,2025-08-14,Sports,2,219.85,0.1,1,COD,395.73,East
501501,10778,2025-12-03,Beauty,2,114.78,0.05,3,COD,218.08,North
501502,10592,2025-07-09,Electronics,1,364.82,0.15,3,Card,310.1,South
501503,10195,2025-08-13,Sports,1,15.92,0.05,4,UPI,15.12,North
501504,10208,2025-05-10,Beauty,4,10.54,0.1,5,Card,37.94,East
501505,11208,2025-11-22,Sports,1,93.56,0.0,6,Card,93.56,South
501506,11096,2025-01-28,Fashion,2,65.54,0.15,5,UPI,111.42,South
501507,10912,2025-04-11,Sports,1,86.15,0.05,6,UPI,81.84,West
501508,11251,2025-12-28,Beauty,3,411.46,0.1,2,UPI,1110.94,North
501509,10104,2025-06-26,Electronics,3,16.69,0.15,7,UPI,42.56,West
501510,11032,2025-03-05,Electronics,2,406.35,0.05,1,Card,772.06,East
501511,11129,2025-06-01,Beauty,4,14.86,0.0,8,COD,59.44,East
501512,10301,2025-04-04,Beauty,2,66.46,0.0,7,Card,132.92,West
501513,10805,2025-07-11,Sports,3,272.05,0.1,6,COD,734.54,North
501514,11151,2025-03-28,Beauty,2,88.6,0.0,9,Card,177.2,North
501515,10906,2025-05-26,Grocery,3,27.28,0.0,1,COD,81.84,East
501516,10375,2025-11-28,Home,1,124.6,0.0,6,COD,124.6,North
501517,10998,2025-01-31,Beauty,2,407.32,0.05,5,COD,773.91,North
501518,11140,2025-10-06,Sports,3,22.58,0.05,5,COD,64.35,East
501519,10015,2025-01-29,Electronics,4,320.53,0.05,2,UPI,1218.01,South
501520,10852,2025-06-16,Home,2,91.81,0.1,5,Card,165.26,North
501521,10757,2025-09-01,Sports,2,14.69,0.1,5,COD,26.44,South
501522,10551,2025-12-15,Fashion,2,31.87,0.05,3,UPI,60.55,South
501523,10067,2025-04-02,Sports,2,226.45,0.15,4,UPI,384.96,East
501524,10126,2025-01-20,Fashion,4,33.51,0.05,2,Card,127.34,South
501525,11126,2025-10-02,Grocery,3,336.9,0.15,4,Card,859.09,East
501526,11242,2025-11-23,Grocery,2,49.18,0.1,6,Net Banking,88.52,South
501527,10629,2025-07-26,Grocery,2,33.43,0.05,6,COD,63.52,East
501528,11410,2025-01-23,Electronics,3,235.39,0.1,6,UPI,635.55,East
501529,11392,2025-07-02,Fashion,3,148.72,0.0,6,Card,446.16,West
501530,10999,2025-05-23,Electronics,2,24.96,0.2,6,COD,39.94,West
501531,10872,2025-06-14,Home,4,154.15,0.1,3,Card,554.94,North
501532,11447,2025-01-20,Home,2,24.01,0.0,5,Card,48.02,West
501533,10915,2025-04-26,Fashion,2,250.7,0.05,7,UPI,476.33,West
501534,11402,2025-12-31,Beauty,1,12.32,0.1,2,Net Banking,11.09,North
501535,11469,2025-01-17,Grocery,2,102.91,0.0,2,Card,205.82,West
501536,10292,2025-11-30,Home,4,16.1,0.0,2,UPI,64.4,North
501537,10992,2025-07-08,Fashion,4,81.39,0.15,1,UPI,276.73,West
501538,11097,2025-08-02,Sports,2,407.46,0.05,2,COD,774.17,North
501539,11231,2025-12-07,Grocery,1,118.5,0.0,3,Card,118.5,North
501540,10524,2025-03-21,Home,3,45.43,0.0,8,UPI,136.29,East
501541,11293,2025-12-26,Sports,3,211.64,0.1,4,Card,571.43,East
501542,10732,2025-04-12,Electronics,4,17.3,0.1,1,Net Banking,62.28,North
501543,10581,2025-05-08,Fashion,3,77.55,0.1,5,Card,209.38,South
501544,10236,2025-06-14,Beauty,1,309.49,0.2,4,Card,247.59,West
501545,10482,2025-08-08,Grocery,4,43.41,0.0,3,UPI,173.64,North
501546,11463,2025-04-28,Sports,3,9.93,0.0,3,UPI,29.79,North
501547,11075,2025-10-17,Grocery,4,61.91,0.0,7,Net Banking,247.64,West
501548,11090,2025-01-08,Grocery,1,41.55,0.05,2,UPI,39.47,South
501549,11344,2025-09-01,Beauty,2,207.43,0.0,1,UPI,414.86,East
501550,10401,2025-08-28,Sports,2,200.82,0.05,5,UPI,381.56,South
501551,10993,2025-07-15,Electronics,2,32.09,0.15,3,UPI,54.55,West
501552,10558,2025-08-12,Fashion,4,187.14,0.0,8,Card,748.56,South
501553,11272,2025-09-30,Electronics,1,18.11,0.15,4,Net Banking,15.39,South
501554,10634,2025-11-27,Sports,1,15.37,0.15,4,UPI,13.06,South
501555,11283,2025-03-21,Grocery,1,124.2,0.05,6,UPI,117.99,South
501556,11122,2025-06-24,Sports,4,136.38,0.15,1,Card,463.69,North
501557,11158,2025-07-25,Grocery,1,183.18,0.1,5,Net Banking,164.86,North
501558,11389,2025-05-06,Home,3,81.09,0.05,4,Net Banking,231.11,West
501559,11186,2025-12-22,Grocery,1,18.15,0.1,7,Net Banking,16.34,West
501560,10483,2025-07-06,Fashion,2,121.32,0.0,3,UPI,242.64,East
501561,10783,2025-08-05,Sports,3,40.38,0.05,5,COD,115.08,South
501562,10709,2025-03-13,Sports,1,28.16,0.15,4,Card,23.94,South
501563,10097,2025-06-01,Fashion,1,32.1,0.1,5,UPI,28.89,South
501564,10890,2025-08-17,Home,3,197.69,0.05,4,Card,563.42,East
501565,10657,2025-06-06,Fashion,1,20.1,0.1,5,COD,18.09,West
501566,10591,2025-10-09,Fashion,2,79.56,0.2,8,Card,127.3,West
501567,10165,2025-02-19,Grocery,3,12.62,0.0,4,UPI,37.86,East
501568,10757,2025-02-26,Beauty,1,133.65,0.0,5,UPI,133.65,South
501569,10869,2025-05-04,Fashion,1,14.45,0.0,9,Card,14.45,North
501570,10159,2025-04-27,Fashion,2,396.12,0.2,5,UPI,633.79,West
501571,10953,2025-10-25,Electronics,3,235.36,0.05,1,UPI,670.78,South
501572,10252,2025-11-13,Electronics,1,217.83,0.0,3,COD,217.83,West
501573,10218,2025-06-22,Electronics,2,31.36,0.1,2,UPI,56.45,North
501574,10602,2025-07-04,Fashion,4,171.43,0.05,6,UPI,651.43,West
501575,10584,2025-04-18,Beauty,2,14.97,0.0,4,UPI,29.94,South
501576,11373,2025-07-14,Grocery,2,27.23,0.15,7,UPI,46.29,South
501577,10102,2025-09-15,Sports,3,19.98,0.1,6,UPI,53.95,East
501578,10525,2025-09-21,Electronics,2,10.81,0.0,6,COD,21.62,North
501579,11102,2025-12-20,Electronics,2,35.61,0.2,2,COD,56.98,South
501580,10375,2025-07-30,Beauty,4,72.39,0.0,6,UPI,289.56,North
501581,11473,2025-05-05,Grocery,1,234.54,0.0,7,Card,234.54,North
501582,11115,2025-01-26,Electronics,3,14.47,0.05,2,UPI,41.24,West
501583,11420,2025-09-09,Home,2,52.29,0.0,4,UPI,104.58,West
501584,11424,2025-10-21,Electronics,4,124.54,0.1,5,COD,448.34,South
501585,10164,2025-07-21,Beauty,3,23.88,0.0,5,Net Banking,71.64,North
501586,10689,2025-12-03,Grocery,4,162.41,0.0,7,UPI,649.64,West
501587,11117,2025-04-26,Sports,1,66.49,0.2,6,COD,53.19,North
501588,10013,2025-01-20,Beauty,1,80.19,0.0,5,UPI,80.19,East
501589,10679,2025-08-20,Electronics,4,15.94,0.05,6,COD,60.57,North
501590,11033,2025-02-14,Beauty,2,15.56,0.0,6,Card,31.12,South
501591,11190,2025-01-31,Fashion,4,198.87,0.15,5,Card,676.16,East
501592,10623,2025-09-14,Home,3,262.73,0.0,4,COD,788.19,West
501593,11295,2025-06-08,Sports,2,55.32,0.0,6,COD,110.64,South
501594,11011,2025-08-09,Grocery,1,72.38,0.15,3,Net Banking,61.52,East
501595,10069,2025-09-30,Home,1,65.46,0.0,4,UPI,65.46,North
501596,10417,2025-05-20,Home,3,84.94,0.15,2,Net Banking,216.6,North
501597,11407,2025-08-12,Electronics,1,179.99,0.1,6,COD,161.99,West
501598,10004,2025-07-16,Sports,1,68.58,0.15,7,Card,58.29,East
501599,10163,2025-07-31,Beauty,1,20.5,0.0,3,Card,20.5,North
501600,10517,2025-09-14,Home,4,14.53,0.2,4,Net Banking,46.5,South
501601,11491,2025-05-19,Home,3,207.02,0.0,4,Card,621.06,North
501602,11058,2025-07-04,Electronics,3,142.19,0.0,7,UPI,426.57,North
501603,10222,2025-08-04,Beauty,3,18.82,0.1,7,UPI,50.81,South
501604,10590,2025-02-21,Sports,3,11.81,0.0,4,UPI,35.43,North
501605,11410,2025-03-19,Home,2,28.57,0.05,1,UPI,54.28,East
501606,10329,2025-02-02,Electronics,2,72.91,0.1,7,UPI,131.24,East
501607,10864,2025-03-14,Beauty,3,62.67,0.0,5,Card,188.01,East
501608,10697,2025-06-10,Sports,4,17.29,0.0,5,Card,69.16,West
501609,11141,2025-12-09,Beauty,4,19.84,0.05,6,UPI,75.39,South
501610,11129,2025-12-03,Home,3,20.6,0.05,4,UPI,58.71,East
501611,11250,2025-10-06,Electronics,4,47.7,0.1,3,UPI,171.72,West
501612,10180,2025-07-23,Sports,4,20.18,0.1,4,Card,72.65,West
501613,10681,2025-03-15,Grocery,3,58.47,0.05,5,Card,166.64,North
501614,11038,2025-05-11,Sports,4,10.23,0.05,6,Net Banking,38.87,South
501615,10629,2025-10-07,Fashion,1,292.16,0.0,8,Card,292.16,East
501616,11002,2025-11-28,Sports,1,253.87,0.0,5,COD,253.87,South
501617,10954,2025-12-18,Beauty,2,29.41,0.0,4,UPI,58.82,North
501618,10557,2025-05-22,Electronics,1,243.74,0.1,6,COD,219.37,South
501619,10151,2025-06-27,Beauty,2,67.97,0.0,3,COD,135.94,West
501620,11456,2025-07-05,Sports,1,14.04,0.1,7,Net Banking,12.64,North
501621,11239,2025-01-21,Fashion,4,22.06,0.0,5,Card,88.24,North
501622,11343,2025-02-12,Grocery,3,10.06,0.0,4,Net Banking,30.18,South
501623,10450,2025-01-17,Grocery,1,135.42,0.0,3,COD,135.42,East
501624,10475,2025-09-27,Home,3,182.92,0.05,6,Net Banking,521.32,South
501625,10486,2025-03-23,Electronics,3,117.31,0.1,4,Card,316.74,South
501626,10047,2025-09-13,Home,2,11.14,0.1,4,UPI,20.05,South
501627,10255,2025-05-17,Grocery,4,22.32,0.2,1,Card,71.42,North
501628,10463,2025-10-17,Sports,4,43.53,0.05,4,Net Banking,165.41,West
501629,11482,2025-02-12,Electronics,4,16.19,0.0,3,Net Banking,64.76,North
501630,10308,2025-04-29,Electronics,1,16.06,0.15,5,Net Banking,13.65,East
501631,10762,2025-03-16,Fashion,2,41.99,0.1,4,Card,75.58,North
501632,10821,2025-06-09,Fashion,4,56.63,0.0,1,COD,226.52,North
501633,10540,2025-07-25,Grocery,2,14.35,0.0,4,Card,28.7,West
501634,11379,2025-03-03,Sports,2,286.52,0.05,2,COD,544.39,East
501635,10140,2025-09-01,Home,2,58.6,0.0,2,Card,117.2,North
501636,11306,2025-12-19,Electronics,2,17.85,0.1,7,UPI,32.13,West
501637,11116,2025-01-16,Fashion,3,10.02,0.0,1,Card,30.06,North
501638,10459,2025-02-01,Fashion,1,405.84,0.2,5,UPI,324.67,West
501639,11152,2025-12-14,Grocery,4,64.08,0.05,3,Card,243.5,West
501640,10643,2025-08-25,Fashion,3,262.92,0.1,3,Card,709.88,North
501641,11456,2025-12-02,Fashion,1,170.78,0.0,3,UPI,170.78,North
501642,10055,2025-09-15,Home,4,434.63,0.1,5,Card,1564.67,East
501643,10045,2025-09-19,Electronics,3,258.36,0.15,5,UPI,658.82,West
501644,10817,2025-02-27,Grocery,2,136.26,0.0,1,UPI,272.52,West
501645,11398,2025-07-06,Sports,2,216.51,0.05,7,UPI,411.37,West
501646,10096,2025-05-14,Electronics,3,244.97,0.0,2,UPI,734.91,East
501647,11167,2025-11-01,Sports,1,23.56,0.05,5,COD,22.38,West
501648,11408,2025-01-16,Beauty,3,73.21,0.15,2,COD,186.69,North
501649,10730,2025-01-07,Beauty,3,317.43,0.1,4,Card,857.06,South
501650,11301,2025-07-23,Grocery,2,241.63,0.1,2,COD,434.93,North
501651,11136,2025-12-21,Grocery,2,17.17,0.0,3,Card,34.34,South
501652,10322,2025-12-30,Home,3,14.85,0.15,4,COD,37.87,South
501653,11282,2025-08-05,Home,3,30.89,0.1,2,Card,83.4,South
501654,11050,2025-06-06,Sports,2,176.96,0.0,5,UPI,353.92,South
501655,10019,2025-04-10,Grocery,4,32.78,0.15,5,COD,111.45,West
501656,10853,2025-12-28,Electronics,4,85.83,0.0,10,Card,343.32,West
501657,10982,2025-03-08,Grocery,2,20.36,0.0,6,Net Banking,40.72,West
501658,11203,2025-02-16,Beauty,3,10.79,0.15,7,Net Banking,27.51,West
501659,11157,2025-07-05,Fashion,4,160.87,0.0,1,Card,643.48,North
501660,10714,2025-05-24,Electronics,1,28.76,0.0,1,Net Banking,28.76,West
501661,10449,2025-06-30,Sports,3,11.07,0.0,4,UPI,33.21,North
501662,10288,2025-11-26,Sports,4,23.2,0.15,8,Card,78.88,South
501663,10134,2025-04-09,Fashion,1,28.97,0.0,9,COD,28.97,South
501664,10960,2025-11-16,Sports,2,47.2,0.05,3,COD,89.68,South
501665,11440,2025-03-19,Grocery,4,235.15,0.0,3,Card,940.6,West
501666,10121,2025-04-29,Grocery,4,15.66,0.0,6,UPI,62.64,East
501667,11055,2025-01-02,Sports,4,122.89,0.0,4,UPI,491.56,South
501668,10877,2025-09-05,Grocery,3,28.13,0.15,4,Card,71.73,South
501669,10258,2025-11-10,Sports,1,44.59,0.1,6,Card,40.13,North
501670,10320,2025-11-20,Sports,1,25.97,0.15,10,UPI,22.07,West
501671,10427,2025-03-03,Fashion,4,34.17,0.1,7,Card,123.01,North
501672,11028,2025-10-07,Sports,3,68.04,0.0,8,Card,204.12,South
501673,10448,2025-02-21,Electronics,1,73.64,0.0,1,UPI,73.64,East
501674,11243,2025-08-18,Fashion,1,15.28,0.05,7,UPI,14.52,South
501675,10555,2025-09-14,Beauty,1,16.14,0.05,3,Net Banking,15.33,North
501676,10165,2025-02-25,Grocery,4,21.68,0.1,8,COD,78.05,East
501677,10144,2025-02-10,Electronics,4,193.22,0.0,7,Card,772.88,East
501678,10601,2025-01-27,Fashion,4,38.32,0.1,6,Card,137.95,South
501679,10612,2025-09-16,Home,1,87.38,0.0,3,UPI,87.38,East
501680,11101,2025-08-13,Grocery,3,54.65,0.05,4,UPI,155.75,North
501681,10718,2025-02-13,Grocery,4,43.51,0.2,4,COD,139.23,North
501682,10246,2025-07-02,Home,3,12.72,0.0,6,UPI,38.16,West
501683,10320,2025-10-18,Grocery,4,46.37,0.0,5,UPI,185.48,West
501684,10850,2025-03-28,Beauty,3,417.39,0.0,7,Card,1252.17,West
501685,10502,2025-08-10,Grocery,1,290.58,0.05,8,COD,276.05,West
501686,11008,2025-04-17,Sports,2,29.61,0.05,3,UPI,56.26,South
501687,11385,2025-04-06,Electronics,2,85.85,0.2,5,Card,137.36,West
501688,10533,2025-05-24,Home,1,27.31,0.15,5,Net Banking,23.21,South
501689,10828,2025-05-09,Beauty,3,426.31,0.1,4,Net Banking,1151.04,North
501690,11248,2025-06-30,Home,4,60.19,0.1,6,Card,216.68,North
501691,10316,2025-03-16,Electronics,1,401.0,0.0,5,UPI,401.0,South
501692,10766,2025-05-23,Grocery,2,199.25,0.15,3,Card,338.72,North
501693,10458,2025-08-16,Grocery,3,33.41,0.05,4,Net Banking,95.22,South
501694,10941,2025-05-22,Beauty,2,60.23,0.0,4,COD,120.46,South
501695,11115,2025-08-28,Home,1,68.95,0.2,3,Net Banking,55.16,West
501696,10212,2025-02-12,Home,1,27.54,0.05,4,Card,26.16,East
501697,10282,2025-02-20,Grocery,1,263.84,0.0,2,UPI,263.84,North
501698,10035,2025-11-12,Home,4,83.43,0.1,5,Card,300.35,South
501699,10019,2025-06-18,Electronics,2,20.1,0.0,7,Net Banking,40.2,West
501700,10077,2025-08-11,Beauty,4,43.56,0.0,5,UPI,174.24,South
501701,11061,2025-09-28,Beauty,3,266.94,0.0,6,Card,800.82,West
501702,11356,2025-02-23,Fashion,2,52.65,0.1,5,UPI,94.77,North
501703,10615,2025-12-21,Beauty,4,152.41,0.0,2,Card,609.64,South
501704,11324,2025-06-04,Grocery,2,290.28,0.0,9,Card,580.56,West
501705,11095,2025-11-21,Fashion,1,28.39,0.05,1,Card,26.97,East
501706,11212,2025-06-02,Grocery,4,430.16,0.0,5,Net Banking,1720.64,West
501707,11110,2025-05-29,Beauty,3,50.66,0.05,3,UPI,144.38,North
501708,10300,2025-08-08,Fashion,2,80.77,0.05,8,COD,153.46,East
501709,10786,2025-03-11,Beauty,3,134.85,0.0,5,UPI,404.55,South
501710,10789,2025-08-11,Sports,4,10.88,0.0,10,UPI,43.52,West
501711,10963,2025-12-25,Sports,2,157.82,0.0,5,UPI,315.64,North
501712,11195,2025-08-24,Home,4,83.59,0.05,3,UPI,317.64,West
501713,10169,2025-01-26,Grocery,4,92.99,0.15,1,Card,316.17,South
501714,11013,2025-09-12,Grocery,4,331.79,0.0,7,UPI,1327.16,South
501715,11250,2025-01-13,Grocery,1,52.39,0.0,3,UPI,52.39,West
501716,10174,2025-02-07,Home,1,286.3,0.0,4,COD,286.3,West
501717,10623,2025-04-14,Sports,1,67.93,0.1,7,Card,61.14,West
501718,11344,2025-04-22,Electronics,3,26.26,0.0,7,Net Banking,78.78,East
501719,10037,2025-01-02,Electronics,2,80.22,0.1,3,COD,144.4,North
501720,10242,2025-01-07,Grocery,4,19.57,0.1,4,Card,70.45,West
501721,11206,2025-10-16,Electronics,1,181.05,0.0,1,Card,181.05,North
501722,10258,2025-06-15,Grocery,2,20.23,0.05,1,Net Banking,38.44,North
501723,11053,2025-03-14,Beauty,2,58.04,0.2,6,Card,92.86,South
501724,11352,2025-06-06,Home,4,259.04,0.0,6,Card,1036.16,West
501725,10748,2025-09-10,Electronics,1,13.24,0.05,5,UPI,12.58,South
501726,10727,2025-09-26,Sports,2,52.64,0.05,5,UPI,100.02,South
501727,10644,2025-04-16,Sports,4,65.69,0.0,3,COD,262.76,North
501728,10560,2025-03-02,Beauty,4,34.69,0.1,7,UPI,124.88,South
501729,10571,2025-12-17,Sports,4,83.92,0.0,1,UPI,335.68,South
501730,10831,2025-08-19,Home,3,39.14,0.0,4,COD,117.42,East
501731,11344,2025-12-25,Fashion,1,28.39,0.1,5,COD,25.55,East
501732,11473,2025-04-22,Home,1,24.65,0.15,4,Net Banking,20.95,North
501733,11299,2025-02-10,Fashion,2,102.78,0.0,4,Card,205.56,West
501734,10180,2025-05-20,Electronics,2,240.36,0.1,3,UPI,432.65,West
501735,10461,2025-04-30,Beauty,3,17.18,0.0,6,Card,51.54,East
501736,11136,2025-09-20,Fashion,1,49.96,0.1,2,UPI,44.96,South
501737,10819,2025-09-19,Fashion,3,26.61,0.05,4,UPI,75.84,East
501738,10502,2025-01-27,Beauty,2,30.39,0.05,5,Net Banking,57.74,West
501739,10467,2025-08-03,Fashion,1,385.84,0.2,4,COD,308.67,East
501740,10176,2025-05-06,Fashion,4,137.17,0.1,5,UPI,493.81,North
501741,10499,2025-08-13,Home,2,413.44,0.0,5,Card,826.88,South
501742,10633,2025-05-23,Home,1,82.48,0.2,1,Net Banking,65.98,North
501743,10624,2025-07-16,Fashion,2,92.25,0.0,1,Card,184.5,South
501744,10824,2025-09-19,Grocery,4,127.3,0.1,5,UPI,458.28,East
501745,10410,2025-04-18,Sports,4,100.12,0.1,3,UPI,360.43,West
501746,10309,2025-03-14,Fashion,1,239.06,0.15,3,Card,203.2,South
501747,11332,2025-09-15,Grocery,3,36.36,0.05,6,UPI,103.63,South
501748,10608,2025-12-12,Grocery,3,20.97,0.1,3,COD,56.62,North
501749,10383,2025-06-12,Fashion,4,52.77,0.1,1,UPI,189.97,West
501750,10954,2025-12-31,Electronics,4,10.86,0.05,8,Card,41.27,North
501751,10814,2025-03-09,Fashion,3,12.5,0.15,7,UPI,31.88,East
501752,10865,2025-10-26,Fashion,3,13.57,0.0,7,UPI,40.71,North
501753,10333,2025-12-27,Home,2,12.32,0.0,2,UPI,24.64,East
501754,11085,2025-04-20,Grocery,4,149.83,0.1,4,Card,539.39,West
501755,10289,2025-02-23,Grocery,4,72.67,0.0,2,Card,290.68,South
501756,11255,2025-08-31,Home,4,366.32,0.15,4,UPI,1245.49,North
501757,10637,2025-11-14,Beauty,4,23.49,0.0,4,Net Banking,93.96,East
501758,10614,2025-01-31,Home,3,41.45,0.05,2,UPI,118.13,West
501759,10583,2025-08-22,Home,4,44.67,0.1,6,COD,160.81,North
501760,10635,2025-11-15,Home,4,122.22,0.15,4,Net Banking,415.55,North
501761,10998,2025-01-12,Beauty,1,396.79,0.1,8,UPI,357.11,North
501762,10746,2025-07-08,Home,1,176.86,0.0,5,UPI,176.86,South
501763,10191,2025-01-29,Electronics,4,76.25,0.0,1,UPI,305.0,West
501764,10850,2025-03-06,Beauty,2,353.86,0.1,1,Net Banking,636.95,West
501765,10401,2025-06-27,Fashion,4,22.3,0.15,9,Card,75.82,South
501766,10163,2025-04-30,Home,2,48.34,0.1,4,UPI,87.01,North
501767,11260,2025-02-01,Fashion,2,24.57,0.1,5,UPI,44.23,West
501768,10469,2025-10-20,Home,4,19.19,0.05,5,UPI,72.92,North
501769,10893,2025-03-16,Sports,3,34.78,0.05,7,Card,99.12,South
501770,10258,2025-11-14,Fashion,3,157.48,0.05,1,COD,448.82,North
501771,10509,2025-03-06,Grocery,2,43.22,0.0,7,Card,86.44,South
501772,10579,2025-07-09,Electronics,3,199.51,0.0,7,UPI,598.53,West
501773,10201,2025-09-23,Grocery,2,86.69,0.1,5,COD,156.04,West
501774,11461,2025-06-25,Beauty,4,148.59,0.05,5,COD,564.64,West
501775,10468,2025-06-02,Electronics,2,25.67,0.0,4,Card,51.34,West
501776,10875,2025-10-02,Sports,1,246.61,0.15,1,COD,209.62,East
501777,10849,2025-01-05,Home,3,30.75,0.0,6,COD,92.25,North
501778,10645,2025-10-29,Home,4,38.85,0.1,5,Card,139.86,East
501779,10879,2025-09-09,Grocery,4,186.63,0.1,5,UPI,671.87,East
501780,10849,2025-10-07,Home,1,91.09,0.15,5,UPI,77.43,North
501781,10121,2025-06-03,Fashion,4,22.35,0.15,3,UPI,75.99,East
501782,11004,2025-05-21,Home,2,23.45,0.1,7,UPI,42.21,North
501783,10172,2025-07-28,Electronics,4,57.71,0.05,5,COD,219.3,South
501784,10653,2025-08-23,Electronics,3,44.2,0.1,6,COD,119.34,East
501785,10548,2025-12-04,Electronics,4,10.66,0.15,4,Card,36.24,North
501786,10672,2025-11-09,Beauty,2,24.63,0.05,7,COD,46.8,East
501787,10108,2025-01-20,Beauty,3,16.97,0.1,5,Net Banking,45.82,South
501788,11053,2025-02-25,Electronics,3,19.64,0.0,4,COD,58.92,South
501789,10628,2025-12-12,Beauty,1,42.02,0.1,7,Net Banking,37.82,North
501790,10092,2025-05-22,Home,4,10.35,0.0,1,Net Banking,41.4,East
501791,10006,2025-07-31,Fashion,1,104.6,0.1,4,UPI,94.14,West
501792,10811,2025-01-21,Grocery,4,83.98,0.05,3,Net Banking,319.12,North
501793,11000,2025-02-08,Sports,1,22.49,0.0,5,Net Banking,22.49,South
501794,10821,2025-05-30,Grocery,1,206.6,0.05,5,UPI,196.27,North
501795,11081,2025-09-19,Home,2,74.24,0.1,4,Card,133.63,South
501796,11136,2025-10-09,Home,1,36.74,0.15,3,UPI,31.23,South
501797,11308,2025-11-23,Sports,1,19.61,0.0,4,Card,19.61,East
501798,11474,2025-03-13,Home,1,58.43,0.0,5,Card,58.43,South
501799,11328,2025-03-15,Grocery,2,309.49,0.1,4,UPI,557.08,East
501800,11194,2025-07-17,Beauty,2,13.61,0.1,7,Card,24.5,West
501801,10647,2025-07-19,Home,1,13.2,0.0,6,Card,13.2,North
501802,10756,2025-01-14,Grocery,1,41.79,0.1,5,UPI,37.61,North
501803,10925,2025-06-13,Fashion,3,334.29,0.15,1,COD,852.44,North
501804,10255,2025-11-24,Sports,2,20.31,0.0,4,Net Banking,40.62,North
501805,11017,2025-03-01,Beauty,4,126.09,0.05,6,UPI,479.14,East
501806,10883,2025-10-27,Electronics,4,64.94,0.0,4,Card,259.76,West
501807,10781,2025-06-13,Sports,1,16.37,0.15,5,UPI,13.91,South
501808,11252,2025-07-11,Electronics,4,421.78,0.15,4,UPI,1434.05,North
501809,11031,2025-08-23,Fashion,3,21.64,0.05,5,Card,61.67,East
501810,11399,2025-09-15,Beauty,4,74.2,0.2,7,UPI,237.44,East
501811,11465,2025-08-21,Sports,2,113.08,0.0,6,Card,226.16,East
501812,11238,2025-02-07,Grocery,1,124.98,0.1,2,UPI,112.48,South
501813,10447,2025-04-18,Beauty,4,216.61,0.1,1,COD,779.8,West
501814,10284,2025-11-05,Grocery,3,155.26,0.15,5,UPI,395.91,South
501815,10449,2025-01-15,Electronics,1,109.3,0.1,7,Net Banking,98.37,North
501816,11069,2025-09-19,Electronics,1,21.86,0.0,1,Card,21.86,North
501817,11297,2025-07-09,Grocery,1,40.55,0.0,4,UPI,40.55,North
501818,11321,2025-02-13,Fashion,2,29.01,0.0,9,UPI,58.02,South
501819,11026,2025-02-14,Beauty,2,39.23,0.15,4,Card,66.69,South
501820,11022,2025-12-24,Electronics,2,16.44,0.05,10,Net Banking,31.24,West
501821,11428,2025-01-12,Home,4,10.98,0.05,3,Card,41.72,North
501822,11029,2025-01-09,Sports,4,52.31,0.0,3,Card,209.24,West
501823,10212,2025-01-07,Sports,3,167.0,0.05,3,COD,475.95,East
501824,10751,2025-08-18,Grocery,3,191.76,0.05,2,UPI,546.52,South
501825,10539,2025-12-05,Beauty,4,329.54,0.05,1,Card,1252.25,North
501826,10956,2025-03-04,Beauty,2,56.11,0.05,4,UPI,106.61,West
501827,10954,2025-10-18,Electronics,3,191.05,0.0,5,COD,573.15,North
501828,10442,2025-09-20,Electronics,3,59.12,0.0,3,Net Banking,177.36,North
501829,10450,2025-03-25,Beauty,2,50.26,0.15,4,UPI,85.44,East
501830,10134,2025-01-26,Fashion,4,26.59,0.1,7,UPI,95.72,South
501831,10440,2025-06-28,Electronics,1,83.62,0.1,6,COD,75.26,East
501832,11242,2025-01-30,Beauty,1,43.03,0.15,4,Card,36.58,South
501833,10983,2025-02-11,Fashion,2,60.42,0.1,5,Card,108.76,West
501834,11415,2025-06-20,Sports,4,309.94,0.1,1,Card,1115.78,North
501835,11390,2025-10-25,Grocery,2,76.89,0.05,5,UPI,146.09,North
501836,11286,2025-12-29,Beauty,1,40.49,0.0,4,COD,40.49,West
501837,10270,2025-08-18,Beauty,4,85.49,0.0,4,UPI,341.96,North
501838,10501,2025-04-11,Grocery,1,158.98,0.15,5,Card,135.13,West
501839,10087,2025-04-30,Sports,1,118.27,0.05,4,UPI,112.36,West
501840,10141,2025-08-12,Home,4,12.34,0.0,2,UPI,49.36,South
501841,10347,2025-03-05,Sports,2,30.39,0.15,8,COD,51.66,West
501842,10421,2025-07-09,Electronics,1,14.79,0.0,6,Card,14.79,East
501843,10024,2025-10-08,Beauty,2,424.78,0.1,4,Card,764.6,West
501844,11265,2025-11-04,Home,3,43.39,0.1,1,Net Banking,117.15,East
501845,10791,2025-01-22,Grocery,4,43.51,0.0,1,Card,174.04,North
501846,10984,2025-04-16,Electronics,1,347.87,0.0,9,COD,347.87,South
501847,10981,2025-04-04,Grocery,2,377.77,0.05,4,COD,717.76,West
501848,11451,2025-07-22,Home,3,30.05,0.1,6,COD,81.14,West
501849,10221,2025-03-09,Electronics,3,191.79,0.15,3,UPI,489.06,South
501850,10515,2025-12-13,Fashion,3,142.55,0.15,4,UPI,363.5,South
501851,10463,2025-12-01,Sports,2,115.91,0.0,4,Card,231.82,West
501852,10828,2025-05-02,Electronics,4,17.72,0.0,5,UPI,70.88,North
501853,10790,2025-05-29,Electronics,1,107.22,0.1,5,UPI,96.5,East
501854,11186,2025-06-10,Electronics,4,105.2,0.1,3,UPI,378.72,West
501855,10841,2025-01-16,Beauty,4,61.9,0.0,3,UPI,247.6,North
501856,10351,2025-11-21,Electronics,3,60.46,0.0,4,Card,181.38,East
501857,10848,2025-10-12,Sports,2,30.67,0.0,1,UPI,61.34,East
501858,11447,2025-05-02,Electronics,2,105.39,0.0,3,UPI,210.78,West
501859,10869,2025-07-19,Sports,2,21.72,0.1,4,COD,39.1,North
501860,10889,2025-05-19,Grocery,1,21.33,0.15,5,Net Banking,18.13,North
501861,10264,2025-03-25,Sports,1,54.43,0.0,8,Card,54.43,North
501862,10012,2025-04-22,Grocery,3,21.2,0.05,4,Net Banking,60.42,West
501863,10315,2025-02-09,Grocery,3,403.93,0.05,5,UPI,1151.2,South
501864,10038,2025-10-23,Electronics,2,176.98,0.05,1,COD,336.26,South
501865,10679,2025-08-27,Beauty,2,50.17,0.0,5,Card,100.34,North
501866,11324,2025-12-06,Sports,1,59.63,0.0,3,Card,59.63,West
501867,10671,2025-01-03,Beauty,4,21.72,0.0,4,Card,86.88,North
501868,10968,2025-08-19,Sports,4,27.95,0.1,5,COD,100.62,North
501869,11284,2025-07-24,Sports,1,430.66,0.1,6,UPI,387.59,East
501870,11145,2025-08-16,Grocery,2,54.27,0.1,2,Card,97.69,South
501871,10976,2025-12-28,Home,3,296.12,0.05,6,COD,843.94,East
501872,11177,2025-05-23,Beauty,1,10.92,0.0,4,Card,10.92,South
501873,10421,2025-02-21,Electronics,1,17.47,0.0,7,UPI,17.47,East
501874,10631,2025-01-05,Home,4,42.82,0.0,7,UPI,171.28,West
501875,10599,2025-06-29,Home,1,177.24,0.0,8,UPI,177.24,West
501876,11198,2025-03-05,Beauty,3,44.38,0.0,2,Card,133.14,East
501877,10614,2025-02-21,Beauty,4,188.83,0.2,5,Card,604.26,West
501878,11407,2025-02-23,Grocery,3,20.28,0.2,1,UPI,48.67,West
501879,10280,2025-04-12,Sports,2,188.56,0.1,7,COD,339.41,West
501880,10259,2025-02-12,Sports,1,49.23,0.1,7,COD,44.31,North
501881,11075,2025-06-27,Electronics,3,25.8,0.1,6,UPI,69.66,West
501882,11147,2025-08-27,Beauty,2,83.61,0.1,4,UPI,150.5,West
501883,11019,2025-04-16,Sports,4,157.52,0.1,6,COD,567.07,North
501884,10462,2025-02-19,Home,3,355.63,0.0,3,Net Banking,1066.89,North
501885,10014,2025-07-28,Beauty,1,13.21,0.2,5,Net Banking,10.57,West
501886,10483,2025-02-01,Sports,2,134.79,0.1,4,COD,242.62,East
501887,10700,2025-09-27,Sports,3,33.62,0.0,1,Net Banking,100.86,South
501888,10620,2025-05-20,Grocery,3,76.78,0.05,3,UPI,218.82,North
501889,11384,2025-05-30,Beauty,3,40.8,0.1,9,UPI,110.16,West
501890,11296,2025-04-01,Beauty,1,127.82,0.15,4,UPI,108.65,South
501891,11163,2025-04-14,Beauty,1,32.47,0.05,5,Card,30.85,West
501892,10034,2025-02-23,Sports,1,21.2,0.05,4,UPI,20.14,South
501893,10192,2025-07-23,Beauty,3,40.89,0.0,4,Card,122.67,South
501894,10651,2025-02-23,Beauty,1,124.43,0.05,5,UPI,118.21,South
501895,10933,2025-09-06,Home,4,221.12,0.0,4,Card,884.48,South
501896,11021,2025-04-04,Beauty,2,12.48,0.0,1,Net Banking,24.96,West
501897,10445,2025-07-26,Home,2,64.03,0.05,6,COD,121.66,South
501898,10166,2025-07-15,Fashion,1,9.64,0.05,8,UPI,9.16,South
501899,10493,2025-08-20,Grocery,2,113.78,0.1,2,UPI,204.8,East
501900,11189,2025-10-04,Sports,4,112.57,0.05,4,UPI,427.77,North
501901,11480,2025-07-24,Beauty,1,272.28,0.0,7,Card,272.28,South
501902,11413,2025-11-08,Grocery,3,14.57,0.05,3,UPI,41.52,West
501903,10890,2025-04-05,Grocery,1,129.25,0.1,5,COD,116.32,East
501904,10137,2025-10-02,Beauty,1,112.05,0.05,12,Net Banking,106.45,West
501905,11452,2025-05-06,Sports,3,94.85,0.1,6,UPI,256.09,East
501906,10230,2025-08-18,Beauty,3,82.87,0.0,5,UPI,248.61,North
501907,10403,2025-06-29,Grocery,3,65.48,0.0,6,UPI,196.44,West
501908,11462,2025-11-28,Beauty,1,10.07,0.15,6,COD,8.56,East
501909,10756,2025-04-09,Home,1,258.92,0.0,3,UPI,258.92,North
501910,10297,2025-07-09,Electronics,2,41.81,0.0,1,COD,83.62,West
501911,10754,2025-03-02,Grocery,1,19.56,0.0,6,Card,19.56,South
501912,10119,2025-08-20,Home,4,97.35,0.05,6,Card,369.93,South
501913,10474,2025-01-14,Sports,2,401.08,0.1,4,COD,721.94,North
501914,11429,2025-05-31,Electronics,3,162.63,0.1,8,UPI,439.1,West
501915,10448,2025-01-04,Fashion,1,28.91,0.15,7,COD,24.57,East
501916,11339,2025-04-30,Beauty,3,226.58,0.0,6,UPI,679.74,West
501917,10815,2025-06-26,Beauty,1,270.88,0.0,4,COD,270.88,North
501918,10984,2025-05-02,Home,2,32.57,0.2,1,Net Banking,52.11,South
501919,11055,2025-05-21,Electronics,2,75.03,0.05,4,UPI,142.56,South
501920,10828,2025-02-24,Beauty,1,256.0,0.15,1,Card,217.6,North
501921,10052,2025-09-18,Beauty,1,21.64,0.1,1,Card,19.48,North
501922,11379,2025-10-18,Sports,4,42.91,0.0,6,UPI,171.64,East
501923,10713,2025-06-15,Beauty,2,48.89,0.2,7,Card,78.22,West
501924,10984,2025-01-21,Home,3,13.38,0.0,1,UPI,40.14,South
501925,10831,2025-01-23,Home,3,16.75,0.1,4,COD,45.22,East
501926,10988,2025-09-04,Fashion,3,109.22,0.0,4,Card,327.66,North
501927,10533,2025-12-06,Beauty,3,22.07,0.1,4,Card,59.59,South
501928,11266,2025-11-12,Grocery,4,24.74,0.05,2,COD,94.01,West
501929,10337,2025-05-29,Beauty,3,30.35,0.0,7,COD,91.05,North
501930,10980,2025-07-01,Fashion,2,20.97,0.2,2,UPI,33.55,North
501931,10867,2025-03-01,Electronics,2,102.34,0.0,1,UPI,204.68,West
501932,10756,2025-01-26,Home,4,21.65,0.05,2,UPI,82.27,North
501933,10033,2025-10-07,Grocery,2,97.94,0.0,5,Net Banking,195.88,South
501934,10585,2025-06-06,Beauty,3,189.73,0.1,4,Card,512.27,West
501935,10072,2025-07-01,Beauty,4,41.54,0.05,3,UPI,157.85,South
501936,10755,2025-05-06,Fashion,1,422.78,0.1,6,UPI,380.5,East
501937,11032,2025-04-25,Electronics,1,18.38,0.1,5,Card,16.54,East
501938,10784,2025-12-26,Fashion,1,294.08,0.1,1,Card,264.67,East
501939,11136,2025-10-25,Beauty,1,39.29,0.2,6,Card,31.43,South
501940,10542,2025-09-10,Electronics,3,29.17,0.15,7,UPI,74.38,East
501941,10460,2025-05-23,Beauty,3,342.4,0.0,4,UPI,1027.2,East
501942,10673,2025-09-21,Beauty,2,45.18,0.1,4,COD,81.32,West
501943,10344,2025-05-04,Home,1,131.11,0.0,8,Card,131.11,East
501944,11203,2025-07-08,Fashion,3,228.82,0.0,3,Card,686.46,West
501945,11215,2025-02-22,Sports,1,56.19,0.05,4,UPI,53.38,South
501946,10625,2025-09-16,Home,3,35.67,0.05,5,Net Banking,101.66,West
501947,11189,2025-01-23,Grocery,4,58.47,0.05,5,UPI,222.19,North
501948,10039,2025-09-21,Fashion,2,42.45,0.05,4,COD,80.66,North
501949,10233,2025-08-09,Sports,2,58.16,0.1,5,COD,104.69,West
501950,10425,2025-01-25,Electronics,3,30.76,0.2,8,UPI,73.82,East
501951,10582,2025-07-04,Sports,1,426.32,0.0,6,UPI,426.32,South
501952,10348,2025-03-23,Beauty,3,82.22,0.05,4,COD,234.33,South
501953,10769,2025-06-23,Sports,2,139.75,0.0,3,Card,279.5,North
501954,11191,2025-01-05,Sports,2,87.84,0.0,3,Net Banking,175.68,South
501955,10685,2025-09-21,Home,1,39.45,0.2,6,COD,31.56,East
501956,10674,2025-07-06,Home,4,41.32,0.0,1,Net Banking,165.28,East
501957,10090,2025-05-13,Electronics,2,409.64,0.0,9,Card,819.28,South
501958,10421,2025-11-16,Fashion,1,13.08,0.05,4,Card,12.43,East
501959,11211,2025-08-24,Sports,4,29.34,0.0,2,Net Banking,117.36,West
501960,11217,2025-08-11,Beauty,4,167.73,0.05,5,COD,637.37,South
501961,10157,2025-02-23,Electronics,3,76.96,0.2,3,UPI,184.7,South
501962,10029,2025-07-02,Home,1,82.1,0.1,4,Card,73.89,North
501963,11247,2025-09-13,Beauty,4,12.09,0.05,1,UPI,45.94,East
501964,10262,2025-12-04,Grocery,1,20.38,0.1,4,Net Banking,18.34,West
501965,10862,2025-08-09,Electronics,1,58.91,0.15,1,Card,50.07,West
501966,11241,2025-03-04,Beauty,3,36.52,0.0,3,Card,109.56,West
501967,11181,2025-09-05,Fashion,2,41.07,0.1,3,Net Banking,73.93,West
501968,10826,2025-01-28,Home,1,423.83,0.1,3,UPI,381.45,North
501969,10565,2025-04-25,Grocery,3,100.27,0.1,3,Card,270.73,East
501970,11161,2025-12-01,Grocery,2,111.5,0.0,5,Card,223.0,North
501971,11043,2025-10-20,Beauty,4,15.6,0.1,6,UPI,56.16,East
501972,11258,2025-11-26,Sports,1,82.7,0.1,5,UPI,74.43,West
501973,10771,2025-05-09,Sports,4,355.3,0.1,7,Card,1279.08,South
501974,11413,2025-09-07,Sports,3,105.14,0.0,4,UPI,315.42,West
501975,11155,2025-09-13,Home,1,163.77,0.0,5,Net Banking,163.77,South
501976,10096,2025-03-31,Electronics,3,365.03,0.1,5,UPI,985.58,East
501977,10441,2025-12-11,Beauty,4,368.7,0.1,7,UPI,1327.32,West
501978,11199,2025-12-20,Electronics,1,39.73,0.2,3,UPI,31.78,South
501979,10175,2025-02-10,Home,4,29.07,0.05,6,UPI,110.47,North
501980,11064,2025-10-07,Fashion,2,23.44,0.0,3,COD,46.88,East
501981,10511,2025-06-13,Fashion,4,182.24,0.1,3,Net Banking,656.06,North
501982,10311,2025-09-03,Home,1,33.57,0.1,4,UPI,30.21,South
501983,10810,2025-07-22,Electronics,3,202.96,0.05,5,UPI,578.44,West
501984,11398,2025-03-23,Home,4,206.83,0.1,2,UPI,744.59,West
501985,11347,2025-02-05,Beauty,2,96.13,0.0,3,Card,192.26,South
501986,10607,2025-07-07,Sports,1,16.97,0.0,3,UPI,16.97,West
501987,10006,2025-11-02,Beauty,2,176.95,0.0,5,UPI,353.9,West
501988,11332,2025-10-28,Home,3,26.31,0.0,3,COD,78.93,South
501989,11346,2025-04-11,Fashion,3,86.48,0.1,5,COD,233.5,East
501990,10908,2025-11-10,Electronics,2,20.94,0.0,4,UPI,41.88,North
501991,10943,2025-05-10,Home,4,12.92,0.15,6,Card,43.93,North
501992,10791,2025-07-24,Electronics,3,84.32,0.0,5,COD,252.96,North
501993,10019,2025-04-29,Fashion,3,50.32,0.1,8,UPI,135.86,West
501994,10240,2025-07-10,Beauty,4,97.22,0.05,5,Card,369.44,North
501995,10216,2025-07-13,Fashion,4,55.32,0.0,2,UPI,221.28,West
501996,11372,2025-09-12,Fashion,2,39.74,0.1,4,Card,71.53,West
501997,10075,2025-06-22,Beauty,2,10.89,0.2,5,UPI,17.42,North
501998,10835,2025-07-12,Grocery,3,22.18,0.15,3,COD,56.56,West
501999,10545,2025-08-26,Grocery,3,217.53,0.0,8,Card,652.59,North
502000,10010,2025-06-02,Electronics,2,136.33,0.05,4,COD,259.03,South
502001,11379,2025-07-11,Grocery,3,55.22,0.0,3,UPI,165.66,East
502002,10028,2025-02-01,Home,3,12.4,0.05,5,Card,35.34,North
502003,11284,2025-11-14,Home,4,410.25,0.0,3,Net Banking,1641.0,East
502004,11167,2025-02-16,Fashion,2,186.24,0.15,6,Card,316.61,West
502005,11191,2025-11-15,Electronics,4,11.64,0.1,6,Card,41.9,South
502006,10243,2025-10-05,Beauty,1,30.26,0.0,5,Card,30.26,North
502007,11322,2025-12-12,Home,4,20.7,0.2,6,Net Banking,66.24,South
502008,10899,2025-01-10,Beauty,1,303.49,0.1,4,Card,273.14,North
502009,10603,2025-03-21,Sports,4,411.66,0.0,1,Card,1646.64,West
502010,11022,2025-01-20,Grocery,1,50.83,0.1,4,COD,45.75,West
502011,10513,2025-06-02,Home,4,20.14,0.1,3,Net Banking,72.5,North
502012,10420,2025-11-27,Fashion,4,111.62,0.05,1,Net Banking,424.16,West
502013,10433,2025-10-07,Beauty,4,29.97,0.0,2,UPI,119.88,East
502014,10854,2025-09-14,Beauty,4,20.57,0.0,2,Card,82.28,West
502015,10902,2025-11-06,Fashion,2,29.28,0.0,2,UPI,58.56,South
502016,10361,2025-01-02,Grocery,1,23.61,0.15,7,Card,20.07,West
502017,10369,2025-10-15,Beauty,4,14.85,0.0,6,Card,59.4,South
502018,11420,2025-04-24,Electronics,3,164.66,0.05,6,UPI,469.28,West
502019,10773,2025-09-10,Grocery,4,40.19,0.2,6,COD,128.61,East
502020,11291,2025-10-06,Grocery,3,83.05,0.2,7,UPI,199.32,South
502021,10496,2025-09-08,Home,3,59.9,0.1,5,COD,161.73,East
502022,10433,2025-06-02,Fashion,2,142.71,0.1,8,UPI,256.88,East
502023,10424,2025-08-12,Grocery,2,176.43,0.15,2,UPI,299.93,North
502024,10794,2025-06-21,Fashion,2,85.04,0.1,4,Card,153.07,North
502025,11169,2025-08-18,Beauty,3,250.85,0.05,2,COD,714.92,West
502026,10751,2025-06-17,Grocery,3,71.19,0.0,7,Card,213.57,South
502027,10443,2025-05-24,Sports,1,10.96,0.0,5,COD,10.96,West
502028,11441,2025-03-15,Fashion,1,227.98,0.05,7,COD,216.58,North
502029,10859,2025-05-22,Electronics,1,146.82,0.0,2,UPI,146.82,South
502030,10592,2025-09-21,Beauty,3,59.93,0.0,3,UPI,179.79,South
502031,10015,2025-11-14,Sports,3,36.93,0.0,1,UPI,110.79,South
502032,10844,2025-02-07,Home,1,214.81,0.1,5,UPI,193.33,South
502033,10932,2025-03-08,Fashion,3,51.22,0.05,4,Card,145.98,South
502034,11394,2025-07-05,Fashion,1,42.7,0.0,6,UPI,42.7,North
502035,10347,2025-09-14,Electronics,4,161.39,0.1,5,UPI,581.0,West
502036,10245,2025-03-04,Fashion,3,31.61,0.0,1,Card,94.83,East
502037,11499,2025-04-29,Sports,3,51.25,0.05,1,Card,146.06,South
502038,10826,2025-01-17,Home,3,151.43,0.0,5,Net Banking,454.29,North
502039,10041,2025-01-20,Fashion,2,23.49,0.1,5,COD,42.28,South
502040,10159,2025-02-22,Sports,4,13.58,0.15,1,UPI,46.17,West
502041,10714,2025-09-24,Electronics,3,32.23,0.0,4,UPI,96.69,West
502042,10927,2025-11-14,Fashion,1,18.39,0.15,2,UPI,15.63,North
502043,10366,2025-07-02,Home,4,34.95,0.15,2,Card,118.83,South
502044,10549,2025-03-06,Beauty,3,12.12,0.2,3,Card,29.09,West
502045,11105,2025-12-03,Fashion,2,73.85,0.15,5,Net Banking,125.54,North
502046,11452,2025-04-12,Electronics,4,77.52,0.1,3,UPI,279.07,East
502047,10737,2025-02-26,Electronics,1,21.61,0.0,1,UPI,21.61,North
502048,10624,2025-02-20,Beauty,3,92.97,0.0,5,UPI,278.91,South
502049,10542,2025-05-09,Grocery,3,20.66,0.0,4,Card,61.98,East
502050,10205,2025-09-26,Electronics,4,14.5,0.05,3,Net Banking,55.1,North
502051,10080,2025-05-25,Sports,3,41.0,0.2,4,UPI,98.4,West
502052,11251,2025-06-12,Electronics,4,14.99,0.0,4,Card,59.96,North
502053,10056,2025-05-05,Beauty,2,268.45,0.05,5,UPI,510.05,West
502054,11232,2025-12-11,Beauty,4,30.33,0.2,4,Card,97.06,East
502055,10371,2025-09-07,Beauty,1,62.03,0.0,5,UPI,62.03,West
502056,11043,2025-08-31,Electronics,4,29.32,0.0,4,UPI,117.28,East
502057,11428,2025-06-09,Sports,4,42.72,0.0,6,COD,170.88,North
502058,11124,2025-07-13,Home,3,10.15,0.0,8,UPI,30.45,North
502059,11095,2025-11-20,Sports,1,433.92,0.05,4,UPI,412.22,East
502060,10398,2025-08-28,Fashion,2,16.46,0.05,3,UPI,31.27,South
502061,10898,2025-10-25,Fashion,1,36.48,0.1,2,UPI,32.83,North
502062,10964,2025-01-15,Home,4,199.39,0.0,6,Card,797.56,North
502063,10638,2025-11-10,Fashion,2,53.52,0.1,3,UPI,96.34,East
502064,10058,2025-12-13,Grocery,4,176.7,0.0,9,Card,706.8,East
502065,11369,2025-09-01,Grocery,4,13.15,0.05,10,Card,49.97,North
502066,10296,2025-12-16,Grocery,1,20.52,0.0,4,UPI,20.52,West
502067,11461,2025-07-27,Home,4,160.18,0.1,1,UPI,576.65,West
502068,11399,2025-04-11,Fashion,2,27.44,0.1,6,Card,49.39,East
502069,10029,2025-08-10,Beauty,1,44.52,0.0,9,Card,44.52,North
502070,11109,2025-08-18,Grocery,2,13.72,0.1,2,COD,24.7,West
502071,10952,2025-02-22,Grocery,3,75.75,0.05,8,Card,215.89,South
502072,10347,2025-03-15,Grocery,4,28.15,0.15,1,COD,95.71,West
502073,11220,2025-04-17,Electronics,3,270.1,0.2,2,Card,648.24,North
502074,10168,2025-07-19,Home,1,35.02,0.0,5,COD,35.02,West
502075,10374,2025-02-24,Sports,2,199.01,0.05,7,Card,378.12,South
502076,11424,2025-10-09,Sports,2,293.58,0.0,4,Net Banking,587.16,South
502077,11115,2025-02-09,Beauty,3,213.07,0.1,5,COD,575.29,West
502078,10169,2025-12-10,Electronics,3,140.77,0.0,7,UPI,422.31,South
502079,10217,2025-09-04,Electronics,1,65.39,0.05,7,COD,62.12,North
502080,10386,2025-05-04,Sports,1,57.85,0.15,3,UPI,49.17,West
502081,10106,2025-05-16,Beauty,1,13.09,0.05,3,Net Banking,12.44,East
502082,10274,2025-09-11,Beauty,4,15.48,0.15,7,UPI,52.63,East
502083,10858,2025-02-02,Sports,3,39.15,0.0,5,Card,117.45,West
502084,10012,2025-09-19,Electronics,2,112.56,0.15,6,UPI,191.35,West
502085,10432,2025-07-21,Sports,4,12.38,0.1,3,COD,44.57,West
502086,10472,2025-03-22,Home,1,436.83,0.05,6,Net Banking,414.99,South
502087,11457,2025-11-24,Grocery,1,324.65,0.0,2,Card,324.65,North
502088,11462,2025-08-18,Grocery,2,9.92,0.05,5,UPI,18.85,East
502089,11269,2025-03-01,Fashion,1,9.76,0.1,5,COD,8.78,South
502090,10513,2025-08-28,Home,4,207.73,0.0,5,UPI,830.92,North
502091,10791,2025-05-31,Home,4,18.43,0.15,6,Net Banking,62.66,North
502092,10757,2025-10-06,Home,3,15.03,0.1,2,UPI,40.58,South
502093,11291,2025-06-29,Grocery,4,18.98,0.2,6,Card,60.74,South
502094,11119,2025-12-31,Home,2,180.81,0.0,5,UPI,361.62,South
502095,11360,2025-12-05,Beauty,1,20.85,0.05,3,Net Banking,19.81,North
502096,10827,2025-01-15,Beauty,2,19.85,0.0,2,Card,39.7,East
502097,11379,2025-05-31,Sports,1,38.42,0.0,8,Net Banking,38.42,East
502098,11116,2025-03-15,Grocery,4,112.86,0.0,4,UPI,451.44,North
502099,11109,2025-06-14,Fashion,3,357.84,0.0,4,Card,1073.52,West
502100,10993,2025-02-22,Sports,4,24.52,0.1,2,UPI,88.27,West
502101,10504,2025-07-15,Fashion,2,23.45,0.0,7,COD,46.9,South
502102,10913,2025-02-26,Beauty,3,59.14,0.0,7,UPI,177.42,West
502103,10535,2025-08-16,Electronics,2,52.65,0.05,6,Card,100.04,North
502104,10975,2025-06-15,Home,2,101.26,0.1,4,Card,182.27,South
502105,10383,2025-12-29,Beauty,3,21.34,0.1,6,UPI,57.62,West
502106,11199,2025-11-17,Electronics,4,92.07,0.1,3,COD,331.45,South
502107,10858,2025-08-08,Home,3,403.98,0.0,5,COD,1211.94,West
502108,11066,2025-06-13,Beauty,3,91.5,0.1,4,Card,247.05,West
502109,10333,2025-09-19,Beauty,3,148.74,0.1,5,Card,401.6,East
502110,11188,2025-09-01,Sports,2,10.47,0.0,1,UPI,20.94,West
502111,11204,2025-02-20,Grocery,4,306.75,0.0,8,Card,1227.0,East
502112,10219,2025-05-18,Sports,4,171.05,0.15,8,COD,581.57,West
502113,10526,2025-12-29,Electronics,2,83.0,0.0,2,UPI,166.0,South
502114,11017,2025-04-27,Beauty,4,16.71,0.0,6,Net Banking,66.84,East
502115,11311,2025-01-05,Sports,2,86.9,0.0,2,Card,173.8,South
502116,11106,2025-11-01,Fashion,3,101.42,0.15,5,UPI,258.62,West
502117,10708,2025-12-07,Beauty,3,107.28,0.05,1,UPI,305.75,West
502118,10450,2025-08-28,Beauty,4,19.59,0.2,4,Card,62.69,East
502119,11365,2025-08-20,Beauty,4,10.66,0.15,4,Net Banking,36.24,South
502120,11312,2025-05-09,Fashion,2,48.31,0.1,7,COD,86.96,West
502121,11346,2025-05-12,Home,3,147.05,0.0,8,Card,441.15,East
502122,10458,2025-11-30,Fashion,3,31.63,0.0,8,Net Banking,94.89,South
502123,10655,2025-11-10,Home,4,90.53,0.15,7,UPI,307.8,West
502124,10366,2025-07-01,Sports,1,375.74,0.2,5,UPI,300.59,South
502125,11432,2025-04-25,Grocery,3,186.74,0.15,5,COD,476.19,East
502126,11301,2025-03-10,Fashion,3,85.81,0.15,5,Card,218.82,North
502127,10260,2025-01-04,Beauty,2,158.7,0.1,2,UPI,285.66,East
502128,10371,2025-06-26,Grocery,2,12.03,0.05,7,COD,22.86,West
502129,10829,2025-07-22,Fashion,3,12.9,0.05,6,UPI,36.76,West
502130,10624,2025-09-04,Beauty,2,121.82,0.05,6,Card,231.46,South
502131,10690,2025-10-21,Electronics,1,245.79,0.0,1,COD,245.79,East
502132,10552,2025-05-14,Electronics,4,21.28,0.0,5,UPI,85.12,North
502133,11011,2025-03-02,Home,2,72.51,0.0,7,COD,145.02,East
502134,11348,2025-11-04,Home,1,29.46,0.0,4,COD,29.46,South
502135,11376,2025-10-06,Sports,1,17.64,0.0,3,UPI,17.64,North
502136,10683,2025-07-14,Fashion,4,29.24,0.1,2,UPI,105.26,North
502137,11242,2025-01-15,Grocery,2,48.49,0.1,2,COD,87.28,South
502138,11042,2025-06-20,Fashion,2,150.13,0.1,5,Card,270.23,East
502139,10296,2025-08-15,Grocery,2,261.69,0.1,4,UPI,471.04,West
502140,11192,2025-11-10,Fashion,1,332.72,0.05,4,UPI,316.08,South
502141,10526,2025-07-05,Beauty,3,16.95,0.05,8,UPI,48.31,South
502142,10942,2025-06-18,Sports,1,419.86,0.05,2,Card,398.87,West
502143,11081,2025-05-19,Beauty,4,63.91,0.0,4,COD,255.64,South
502144,11416,2025-06-01,Home,2,19.6,0.1,8,Card,35.28,West
502145,11423,2025-01-06,Beauty,1,94.7,0.1,4,UPI,85.23,South
502146,11204,2025-02-07,Fashion,2,14.74,0.0,5,Net Banking,29.48,East
502147,10759,2025-10-04,Beauty,1,44.27,0.15,4,UPI,37.63,North
502148,10601,2025-05-13,Sports,2,247.67,0.0,6,UPI,495.34,South
502149,10662,2025-11-07,Grocery,1,366.64,0.05,1,Net Banking,348.31,West
502150,11427,2025-05-25,Beauty,3,31.01,0.15,4,Card,79.08,North
502151,10308,2025-12-30,Home,4,22.45,0.1,5,Card,80.82,East
502152,10787,2025-03-07,Beauty,2,81.0,0.1,3,COD,145.8,West
502153,11020,2025-03-10,Grocery,1,15.24,0.1,5,UPI,13.72,South
502154,10034,2025-08-03,Home,1,353.87,0.0,6,Card,353.87,South
502155,10953,2025-10-20,Grocery,4,41.46,0.1,5,COD,149.26,South
502156,10391,2025-02-22,Beauty,2,19.57,0.1,8,UPI,35.23,East
502157,10421,2025-07-03,Grocery,2,29.89,0.0,4,Net Banking,59.78,East
502158,10933,2025-03-23,Sports,1,40.59,0.0,5,UPI,40.59,South
502159,10014,2025-09-27,Sports,3,141.12,0.2,5,COD,338.69,West
502160,10236,2025-07-24,Grocery,1,195.31,0.0,4,Card,195.31,West
502161,10683,2025-08-27,Home,4,141.77,0.15,7,Card,482.02,North
502162,10877,2025-04-09,Fashion,1,111.32,0.0,5,Card,111.32,South
502163,10164,2025-04-16,Electronics,1,25.41,0.05,2,UPI,24.14,North
502164,10543,2025-08-22,Home,3,286.91,0.1,6,UPI,774.66,West
502165,10462,2025-05-09,Electronics,2,396.94,0.1,4,COD,714.49,North
502166,10802,2025-09-10,Sports,3,82.01,0.05,4,COD,233.73,South
502167,10451,2025-02-26,Fashion,1,147.63,0.0,4,UPI,147.63,North
502168,10003,2025-04-20,Sports,4,35.28,0.05,6,COD,134.06,West
502169,10796,2025-02-07,Home,2,51.32,0.1,7,UPI,92.38,South
502170,11273,2025-02-01,Home,4,189.77,0.05,4,Card,721.13,South
502171,10878,2025-04-06,Sports,4,56.83,0.05,4,Card,215.95,South
502172,10543,2025-06-28,Sports,3,177.33,0.05,1,COD,505.39,West
502173,10724,2025-02-22,Grocery,2,245.09,0.0,3,Card,490.18,West
502174,10211,2025-02-03,Electronics,2,429.79,0.0,3,UPI,859.58,East
502175,10355,2025-11-17,Beauty,3,22.9,0.0,5,UPI,68.7,South
502176,10657,2025-07-08,Electronics,1,43.62,0.1,4,Card,39.26,West
502177,10889,2025-09-19,Sports,1,29.06,0.2,3,Card,23.25,North
502178,10730,2025-09-23,Electronics,3,78.73,0.0,5,UPI,236.19,South
502179,11445,2025-02-07,Sports,1,130.94,0.0,4,UPI,130.94,North
502180,10957,2025-08-15,Electronics,2,42.78,0.2,1,UPI,68.45,West
502181,10035,2025-11-11,Electronics,3,26.73,0.0,7,UPI,80.19,South
502182,10787,2025-06-13,Grocery,2,29.05,0.05,7,Card,55.2,West
502183,10875,2025-11-11,Beauty,4,149.34,0.1,4,Net Banking,537.62,East
502184,10066,2025-12-12,Beauty,4,395.74,0.05,5,UPI,1503.81,East
502185,10578,2025-07-19,Fashion,1,17.99,0.05,4,UPI,17.09,East
502186,11308,2025-02-07,Home,1,364.86,0.15,1,UPI,310.13,East
502187,10536,2025-08-14,Sports,4,13.78,0.1,9,Card,49.61,North
502188,10685,2025-11-18,Beauty,1,63.5,0.1,6,Card,57.15,East
502189,10332,2025-07-31,Home,2,21.56,0.0,6,UPI,43.12,North
502190,10116,2025-10-20,Beauty,4,392.82,0.0,4,UPI,1571.28,West
502191,10478,2025-07-15,Electronics,3,170.39,0.15,7,Net Banking,434.49,East
502192,11160,2025-06-03,Home,2,31.75,0.15,2,Card,53.98,West
502193,11475,2025-12-12,Fashion,1,84.06,0.15,4,COD,71.45,South
502194,10991,2025-02-25,Electronics,2,183.21,0.0,6,Card,366.42,East
502195,11247,2025-06-13,Electronics,3,27.28,0.15,3,COD,69.56,East
502196,10975,2025-02-26,Fashion,1,86.75,0.0,6,COD,86.75,South
502197,10989,2025-08-27,Beauty,3,31.24,0.1,5,UPI,84.35,South
502198,10641,2025-12-03,Electronics,2,184.87,0.1,5,UPI,332.77,West
502199,10092,2025-12-31,Sports,2,56.92,0.05,3,UPI,108.15,East
502200,10616,2025-03-27,Sports,4,168.94,0.05,5,COD,641.97,West
502201,11298,2025-09-23,Electronics,4,91.73,0.1,8,UPI,330.23,North
502202,10805,2025-11-16,Home,3,95.34,0.15,5,Card,243.12,North
502203,11143,2025-11-01,Beauty,3,10.9,0.0,6,Card,32.7,West
502204,10076,2025-07-03,Sports,2,258.22,0.0,6,Card,516.44,South
502205,10302,2025-03-05,Electronics,1,21.64,0.1,2,Card,19.48,North
502206,10449,2025-06-18,Sports,2,28.64,0.0,4,Card,57.28,North
502207,10540,2025-10-11,Home,1,64.51,0.0,4,UPI,64.51,West
502208,11482,2025-08-15,Electronics,2,220.42,0.0,1,UPI,440.84,North
502209,10693,2025-05-22,Grocery,2,103.48,0.0,6,UPI,206.96,North
502210,10994,2025-03-20,Electronics,3,15.11,0.05,3,Net Banking,43.06,North
502211,10967,2025-08-26,Electronics,2,29.34,0.2,6,Net Banking,46.94,West
502212,10629,2025-06-06,Grocery,2,21.97,0.15,3,COD,37.35,East
502213,11450,2025-06-22,Fashion,3,68.69,0.05,9,UPI,195.77,North
502214,10334,2025-12-09,Beauty,1,177.86,0.0,4,UPI,177.86,West
502215,10052,2025-01-04,Sports,1,165.65,0.1,8,Card,149.08,North
502216,11118,2025-03-28,Fashion,3,159.94,0.05,4,UPI,455.83,West
502217,10981,2025-12-02,Fashion,3,175.29,0.1,4,Net Banking,473.28,West
502218,10391,2025-12-03,Electronics,4,354.5,0.05,8,COD,1347.1,East
502219,11302,2025-04-21,Fashion,3,366.27,0.1,3,Net Banking,988.93,East
502220,10244,2025-12-29,Home,4,23.09,0.0,5,COD,92.36,South
502221,10377,2025-03-19,Sports,3,39.22,0.15,6,Card,100.01,West
502222,10232,2025-01-19,Fashion,4,10.46,0.1,5,UPI,37.66,South
502223,10280,2025-04-23,Electronics,1,22.74,0.05,5,COD,21.6,West
502224,11094,2025-07-13,Grocery,3,71.12,0.2,4,Card,170.69,South
502225,11056,2025-01-03,Home,4,97.34,0.0,6,COD,389.36,East
502226,10965,2025-03-04,Home,4,199.72,0.0,5,UPI,798.88,West
502227,11292,2025-10-16,Grocery,2,62.04,0.1,6,Card,111.67,East
502228,10105,2025-08-15,Sports,4,415.59,0.1,5,Card,1496.12,West
502229,10931,2025-08-09,Grocery,2,74.61,0.0,6,UPI,149.22,South
502230,10173,2025-12-28,Fashion,1,213.36,0.0,7,Card,213.36,South
502231,11434,2025-03-25,Grocery,4,259.73,0.0,4,UPI,1038.92,North
502232,10951,2025-11-24,Electronics,2,58.57,0.0,7,UPI,117.14,South
502233,11140,2025-05-10,Fashion,1,186.98,0.05,4,Card,177.63,East
502234,10857,2025-12-04,Home,1,232.16,0.0,2,UPI,232.16,West
502235,10576,2025-10-13,Beauty,1,32.81,0.05,4,COD,31.17,South
502236,11029,2025-03-19,Home,4,26.08,0.1,3,UPI,93.89,West
502237,11254,2025-03-18,Home,4,20.22,0.1,5,COD,72.79,East
502238,10268,2025-07-17,Beauty,4,281.34,0.15,4,UPI,956.56,North
502239,11308,2025-07-03,Grocery,1,51.56,0.0,5,COD,51.56,East
502240,11090,2025-03-27,Fashion,4,65.19,0.0,7,Card,260.76,South
502241,10129,2025-04-06,Beauty,3,26.01,0.0,7,COD,78.03,North
502242,11405,2025-11-25,Beauty,2,29.73,0.0,5,Card,59.46,North
502243,10271,2025-10-03,Fashion,3,58.4,0.05,7,Card,166.44,North
502244,10902,2025-03-11,Home,4,73.13,0.0,4,Card,292.52,South
502245,10195,2025-09-22,Fashion,2,16.11,0.1,1,Card,29.0,North
502246,10295,2025-02-26,Sports,1,171.95,0.2,2,UPI,137.56,West
502247,10965,2025-06-12,Home,4,28.6,0.0,4,Card,114.4,West
502248,11020,2025-01-05,Fashion,1,26.67,0.0,6,COD,26.67,South
502249,11031,2025-08-25,Sports,1,12.31,0.1,4,Card,11.08,East
502250,10515,2025-03-08,Fashion,3,14.72,0.1,7,Net Banking,39.74,South
502251,11231,2025-03-28,Home,4,22.81,0.0,8,UPI,91.24,North
502252,10074,2025-03-11,Fashion,4,125.21,0.1,3,UPI,450.76,North
502253,11282,2025-03-08,Sports,4,248.51,0.0,9,Card,994.04,South
502254,10454,2025-01-29,Home,4,391.16,0.1,1,Card,1408.18,North
502255,10931,2025-07-22,Fashion,1,21.0,0.1,8,UPI,18.9,South
502256,11359,2025-11-13,Sports,2,84.91,0.0,4,UPI,169.82,East
502257,10384,2025-04-21,Home,3,29.9,0.0,4,Net Banking,89.7,South
502258,10617,2025-10-12,Beauty,2,16.03,0.1,4,UPI,28.85,West
502259,11243,2025-07-18,Grocery,3,65.57,0.1,3,Card,177.04,South
502260,11297,2025-04-03,Beauty,2,110.79,0.15,8,UPI,188.34,North
502261,10353,2025-01-23,Fashion,2,124.1,0.05,3,UPI,235.79,East
502262,10763,2025-10-13,Electronics,1,22.08,0.1,3,UPI,19.87,North
502263,10500,2025-01-09,Grocery,3,121.55,0.1,2,UPI,328.18,South
502264,10776,2025-06-04,Fashion,4,41.37,0.1,3,Card,148.93,West
502265,10569,2025-01-13,Sports,4,24.06,0.0,3,UPI,96.24,South
502266,10008,2025-10-11,Fashion,2,10.41,0.0,3,Card,20.82,West
502267,11387,2025-12-28,Beauty,3,24.25,0.1,4,UPI,65.48,East
502268,10956,2025-04-28,Beauty,1,61.89,0.0,2,Net Banking,61.89,West
502269,10693,2025-04-25,Sports,3,18.68,0.0,8,UPI,56.04,North
502270,10162,2025-07-26,Grocery,2,28.93,0.0,4,UPI,57.86,West
502271,10107,2025-07-03,Electronics,4,85.66,0.15,5,COD,291.24,South
502272,10719,2025-05-20,Grocery,3,10.38,0.1,6,COD,28.03,East
502273,10974,2025-05-14,Sports,1,181.41,0.15,9,Card,154.2,West
502274,10391,2025-03-10,Electronics,4,28.72,0.2,6,UPI,91.9,East
502275,11117,2025-04-02,Electronics,3,175.78,0.1,4,COD,474.61,North
502276,10589,2025-08-02,Sports,1,86.89,0.05,2,Card,82.55,North
502277,10017,2025-09-26,Grocery,2,132.08,0.05,5,Card,250.95,East
502278,10806,2025-10-02,Beauty,1,30.62,0.1,7,Card,27.56,North
502279,10272,2025-07-08,Fashion,2,19.35,0.15,5,UPI,32.9,North
502280,10022,2025-10-02,Grocery,4,16.71,0.15,5,UPI,56.81,South
502281,10196,2025-08-05,Home,4,26.6,0.05,5,UPI,101.08,North
502282,10427,2025-05-11,Home,3,63.66,0.1,1,UPI,171.88,North
502283,10773,2025-05-09,Grocery,2,102.24,0.05,5,Net Banking,194.26,East
502284,11485,2025-07-09,Home,2,142.59,0.05,6,COD,270.92,East
502285,10328,2025-04-23,Beauty,4,378.06,0.0,4,UPI,1512.24,South
502286,10087,2025-10-06,Beauty,1,251.12,0.0,7,UPI,251.12,West
502287,10287,2025-03-09,Fashion,4,33.49,0.0,7,Card,133.96,North
502288,10480,2025-01-20,Home,4,43.24,0.1,3,UPI,155.66,South
502289,10308,2025-06-29,Sports,4,336.03,0.0,5,COD,1344.12,East
502290,10483,2025-01-27,Sports,3,171.18,0.15,5,Net Banking,436.51,East
502291,11454,2025-03-11,Home,4,57.71,0.0,1,Card,230.84,West
502292,10570,2025-05-18,Beauty,1,253.77,0.0,4,UPI,253.77,South
502293,10953,2025-01-02,Electronics,4,22.29,0.05,2,Net Banking,84.7,South
502294,11028,2025-03-23,Home,1,117.12,0.0,5,Card,117.12,South
502295,10196,2025-07-18,Grocery,1,432.55,0.0,6,Card,432.55,North
502296,10372,2025-05-17,Fashion,1,75.74,0.0,4,COD,75.74,South
502297,10624,2025-11-24,Fashion,3,90.32,0.05,3,UPI,257.41,South
502298,10691,2025-02-04,Grocery,1,12.88,0.0,5,UPI,12.88,South
502299,10020,2025-09-20,Sports,3,88.9,0.1,9,COD,240.03,East
502300,10968,2025-08-05,Sports,1,20.96,0.0,1,UPI,20.96,North
502301,10452,2025-08-24,Sports,3,327.46,0.0,5,UPI,982.38,West
502302,10484,2025-09-03,Beauty,1,33.71,0.0,3,Card,33.71,South
502303,10905,2025-01-20,Fashion,3,39.16,0.0,4,UPI,117.48,West
502304,11424,2025-10-17,Home,1,33.72,0.1,4,COD,30.35,South
502305,11298,2025-05-01,Grocery,4,80.14,0.05,4,Net Banking,304.53,North
502306,11470,2025-08-26,Home,2,424.42,0.1,6,Net Banking,763.96,North
502307,10621,2025-04-18,Grocery,3,37.28,0.15,4,UPI,95.06,West
502308,10180,2025-05-25,Grocery,2,22.37,0.0,1,Net Banking,44.74,West
502309,10324,2025-09-13,Electronics,3,137.03,0.15,7,UPI,349.43,South
502310,10516,2025-12-08,Sports,2,59.91,0.1,7,UPI,107.84,North
502311,10451,2025-11-17,Grocery,1,60.4,0.1,3,UPI,54.36,North
502312,10312,2025-09-23,Fashion,4,316.26,0.15,5,COD,1075.28,South
502313,10227,2025-07-16,Beauty,3,61.16,0.0,7,UPI,183.48,North
502314,10281,2025-07-12,Grocery,2,91.89,0.05,7,Card,174.59,North
502315,10988,2025-12-19,Fashion,1,405.88,0.05,7,COD,385.59,North
502316,10737,2025-03-17,Electronics,4,20.12,0.1,5,Card,72.43,North
502317,10057,2025-12-15,Home,2,356.12,0.0,6,COD,712.24,South
502318,10846,2025-08-25,Sports,4,338.15,0.0,7,UPI,1352.6,West
502319,11264,2025-08-13,Beauty,4,47.53,0.2,4,UPI,152.1,West
502320,10639,2025-08-04,Home,4,43.63,0.05,5,Card,165.79,West
502321,10478,2025-10-24,Sports,3,20.24,0.0,1,COD,60.72,East
502322,10409,2025-09-07,Electronics,1,10.98,0.0,1,UPI,10.98,North
502323,10570,2025-02-04,Home,1,398.51,0.1,5,COD,358.66,South
502324,10418,2025-10-13,Beauty,1,42.92,0.0,6,UPI,42.92,West
502325,11387,2025-09-23,Electronics,2,121.67,0.0,4,COD,243.34,East
502326,11489,2025-11-30,Beauty,3,24.8,0.2,3,UPI,59.52,West
502327,10515,2025-12-08,Grocery,4,31.0,0.0,4,Card,124.0,South
502328,11386,2025-12-13,Grocery,1,203.01,0.0,5,Card,203.01,North
502329,11281,2025-01-16,Grocery,3,86.98,0.1,1,Card,234.85,South
502330,10114,2025-08-19,Home,1,30.47,0.0,5,UPI,30.47,East
502331,10737,2025-12-08,Electronics,2,11.25,0.0,5,Card,22.5,North
502332,10985,2025-12-19,Sports,1,190.14,0.1,5,UPI,171.13,North
502333,10634,2025-07-20,Beauty,2,13.99,0.1,4,UPI,25.18,South
502334,10686,2025-11-29,Sports,3,10.75,0.05,2,UPI,30.64,South
502335,10742,2025-11-18,Electronics,3,29.48,0.1,2,Net Banking,79.6,North
502336,11034,2025-01-01,Sports,4,385.27,0.15,8,UPI,1309.92,West
502337,10441,2025-11-20,Fashion,3,80.33,0.1,3,Card,216.89,West
502338,10896,2025-08-21,Grocery,2,14.1,0.1,6,UPI,25.38,West
502339,10366,2025-07-29,Electronics,4,368.63,0.15,2,Card,1253.34,South
502340,11334,2025-03-07,Beauty,4,318.87,0.0,4,UPI,1275.48,West
502341,10128,2025-12-02,Grocery,4,101.31,0.05,4,UPI,384.98,North
502342,10101,2025-04-18,Beauty,4,11.02,0.0,4,Net Banking,44.08,West
502343,10057,2025-06-02,Fashion,4,12.48,0.0,4,Net Banking,49.92,South
502344,10525,2025-04-19,Electronics,1,232.59,0.15,7,UPI,197.7,North
502345,10910,2025-12-20,Sports,3,252.4,0.0,8,COD,757.2,South
502346,11479,2025-06-26,Home,2,222.14,0.0,5,Net Banking,444.28,South
502347,10682,2025-02-11,Fashion,2,57.7,0.0,4,Net Banking,115.4,North
502348,10274,2025-01-04,Grocery,1,58.18,0.1,2,UPI,52.36,East
502349,10553,2025-12-24,Fashion,1,21.86,0.15,2,COD,18.58,North
502350,10192,2025-03-28,Beauty,4,10.6,0.05,7,UPI,40.28,South
502351,10708,2025-10-09,Home,4,29.41,0.15,2,Card,99.99,West
502352,11094,2025-01-11,Beauty,3,102.26,0.05,4,Card,291.44,South
502353,10054,2025-11-24,Grocery,1,42.36,0.15,5,COD,36.01,East
502354,11167,2025-08-26,Home,3,96.19,0.15,1,Net Banking,245.28,West
502355,10343,2025-03-24,Fashion,1,60.66,0.0,2,UPI,60.66,West
502356,11009,2025-11-21,Beauty,3,82.29,0.15,2,UPI,209.84,West
502357,11224,2025-04-19,Home,1,393.76,0.0,3,Card,393.76,East
502358,11165,2025-12-31,Sports,2,97.09,0.05,5,UPI,184.47,North
502359,11005,2025-08-07,Beauty,1,372.73,0.0,7,Card,372.73,East
502360,11041,2025-06-13,Home,4,316.56,0.05,3,COD,1202.93,North
502361,10282,2025-01-22,Fashion,3,109.15,0.2,4,COD,261.96,North
502362,10204,2025-04-05,Sports,4,321.1,0.1,4,COD,1155.96,North
502363,10572,2025-01-22,Grocery,1,29.33,0.1,3,UPI,26.4,West
502364,10913,2025-11-08,Fashion,3,78.19,0.15,5,UPI,199.38,West
502365,10928,2025-02-06,Fashion,2,11.68,0.05,5,COD,22.19,West
502366,11166,2025-02-11,Sports,2,13.16,0.0,1,Card,26.32,West
502367,10463,2025-02-15,Home,4,17.03,0.15,6,Card,57.9,West
502368,11299,2025-12-22,Home,1,15.66,0.0,5,UPI,15.66,West
502369,10674,2025-12-21,Beauty,4,45.29,0.15,5,COD,153.99,East
502370,10370,2025-09-18,Fashion,1,138.34,0.0,7,UPI,138.34,West
502371,11104,2025-01-27,Fashion,2,315.69,0.0,1,COD,631.38,West
502372,10192,2025-07-03,Electronics,1,386.84,0.05,2,UPI,367.5,South
502373,10608,2025-12-13,Sports,3,20.39,0.0,4,UPI,61.17,North
502374,11172,2025-02-05,Beauty,3,50.29,0.0,1,UPI,150.87,West
502375,11157,2025-10-17,Grocery,3,62.23,0.0,4,UPI,186.69,North
502376,10385,2025-01-07,Sports,4,14.41,0.0,6,Net Banking,57.64,South
502377,10250,2025-10-21,Grocery,4,10.07,0.1,5,Card,36.25,South
502378,10048,2025-07-18,Fashion,4,35.25,0.05,5,Card,133.95,South
502379,10135,2025-11-21,Fashion,2,265.94,0.0,4,UPI,531.88,East
502380,11238,2025-06-01,Home,1,31.47,0.0,4,Card,31.47,South
502381,11176,2025-10-14,Beauty,1,33.96,0.0,4,UPI,33.96,West
502382,10759,2025-11-04,Grocery,2,429.14,0.05,5,Card,815.37,North
502383,10856,2025-04-29,Beauty,3,40.22,0.05,1,Net Banking,114.63,South
502384,10490,2025-08-23,Electronics,1,117.45,0.0,7,UPI,117.45,East
502385,10289,2025-06-18,Home,4,418.52,0.2,3,COD,1339.26,South
502386,10018,2025-06-07,Fashion,4,15.79,0.0,6,Net Banking,63.16,North
502387,11008,2025-10-19,Fashion,1,78.03,0.05,5,Net Banking,74.13,South
502388,10053,2025-03-24,Grocery,4,40.64,0.1,2,COD,146.3,West
502389,10158,2025-02-13,Grocery,3,16.23,0.0,7,COD,48.69,East
502390,11189,2025-06-25,Fashion,2,9.83,0.0,7,UPI,19.66,North
502391,10875,2025-10-27,Fashion,3,88.03,0.05,1,Card,250.89,East
502392,10735,2025-03-01,Sports,3,113.36,0.1,4,Card,306.07,North
502393,10328,2025-05-05,Electronics,2,77.87,0.15,5,UPI,132.38,South
502394,10225,2025-09-01,Fashion,3,120.13,0.05,1,UPI,342.37,South
502395,10700,2025-06-24,Beauty,1,141.39,0.15,1,UPI,120.18,South
502396,10538,2025-08-10,Sports,2,12.96,0.05,3,UPI,24.62,North
502397,10802,2025-07-12,Sports,4,9.74,0.1,2,Card,35.06,South
502398,10248,2025-10-23,Fashion,1,42.73,0.0,2,COD,42.73,South
502399,10348,2025-11-16,Fashion,3,73.47,0.15,2,Card,187.35,South
502400,10170,2025-06-14,Sports,2,397.87,0.0,4,Card,795.74,West
502401,10637,2025-06-07,Fashion,2,324.7,0.0,3,Card,649.4,East
502402,10415,2025-04-12,Home,1,184.11,0.05,7,UPI,174.9,North
502403,10336,2025-06-11,Home,3,20.71,0.2,5,UPI,49.7,East
502404,10825,2025-11-02,Sports,3,81.66,0.0,6,UPI,244.98,West
502405,10747,2025-07-03,Fashion,3,15.63,0.0,1,Net Banking,46.89,South
502406,10316,2025-09-10,Home,2,58.54,0.2,3,COD,93.66,South
502407,11049,2025-06-02,Grocery,3,11.03,0.15,5,Card,28.13,West
502408,10516,2025-09-15,Grocery,3,365.25,0.1,5,Card,986.18,North
502409,10513,2025-09-18,Fashion,3,45.89,0.05,3,Net Banking,130.79,North
502410,10717,2025-07-12,Home,3,123.38,0.05,3,UPI,351.63,East
502411,10209,2025-12-08,Grocery,2,18.79,0.2,4,UPI,30.06,North
502412,10631,2025-11-16,Home,3,337.82,0.0,4,Card,1013.46,West
502413,10874,2025-02-27,Beauty,3,69.71,0.1,9,Card,188.22,South
502414,10193,2025-03-25,Grocery,4,12.85,0.1,5,Net Banking,46.26,North
502415,10848,2025-12-15,Fashion,2,32.94,0.2,5,COD,52.7,East
502416,10059,2025-05-27,Home,2,26.34,0.1,2,Net Banking,47.41,North
502417,10906,2025-04-24,Electronics,3,13.15,0.0,2,COD,39.45,East
502418,10054,2025-10-18,Beauty,3,10.08,0.1,4,Net Banking,27.22,East
502419,10263,2025-08-08,Sports,2,143.63,0.2,7,COD,229.81,South
502420,10526,2025-02-18,Sports,1,184.9,0.15,4,Card,157.16,South
502421,10922,2025-02-03,Home,3,80.31,0.0,4,Card,240.93,West
502422,11079,2025-10-22,Electronics,3,82.31,0.0,3,Net Banking,246.93,East
502423,10704,2025-10-07,Sports,4,12.8,0.1,1,UPI,46.08,West
502424,10197,2025-05-09,Electronics,3,15.08,0.1,5,Card,40.72,East
502425,10582,2025-11-11,Electronics,3,14.29,0.0,4,Card,42.87,South
502426,11181,2025-02-15,Beauty,1,399.61,0.0,5,Card,399.61,West
502427,10136,2025-11-14,Fashion,2,120.6,0.0,5,Card,241.2,North
502428,11074,2025-01-29,Home,1,370.29,0.0,3,Card,370.29,West
502429,10579,2025-08-21,Home,3,281.61,0.0,5,COD,844.83,West
502430,10006,2025-11-04,Home,3,21.23,0.2,2,Card,50.95,West
502431,11042,2025-08-15,Beauty,4,87.13,0.1,5,UPI,313.67,East
502432,10041,2025-10-12,Electronics,3,100.57,0.0,4,Card,301.71,South
502433,10555,2025-05-06,Electronics,4,121.84,0.1,8,UPI,438.62,North
502434,10293,2025-04-16,Beauty,3,118.26,0.05,3,COD,337.04,West
502435,10876,2025-04-08,Electronics,4,60.64,0.1,2,Net Banking,218.3,West
502436,10085,2025-02-12,Home,2,12.56,0.15,4,UPI,21.35,North
502437,10137,2025-04-12,Fashion,3,391.19,0.0,6,UPI,1173.57,West
502438,10798,2025-04-01,Electronics,3,115.11,0.2,1,UPI,276.26,North
502439,11491,2025-10-04,Fashion,3,248.73,0.0,6,COD,746.19,North
502440,10060,2025-03-19,Fashion,3,25.56,0.1,4,UPI,69.01,North
502441,10692,2025-03-02,Fashion,4,21.14,0.15,2,Card,71.88,West
502442,11204,2025-09-25,Fashion,1,363.05,0.1,4,Card,326.74,East
502443,10437,2025-07-16,Sports,2,201.69,0.0,3,COD,403.38,North
502444,10740,2025-03-20,Electronics,3,176.4,0.0,2,Card,529.2,South
502445,11259,2025-09-15,Home,3,48.07,0.0,1,Card,144.21,South
502446,11092,2025-03-20,Home,3,293.01,0.0,6,Card,879.03,East
502447,10440,2025-10-14,Sports,1,20.71,0.0,3,COD,20.71,East
502448,11127,2025-01-12,Grocery,4,151.67,0.0,4,Card,606.68,South
502449,11014,2025-08-04,Grocery,3,61.23,0.1,6,Card,165.32,West
502450,10761,2025-08-06,Fashion,2,15.25,0.0,5,UPI,30.5,East
502451,10662,2025-05-17,Beauty,4,138.48,0.05,1,UPI,526.22,West
502452,11389,2025-09-09,Beauty,2,41.07,0.1,6,UPI,73.93,West
502453,11312,2025-05-19,Electronics,1,17.65,0.0,7,Card,17.65,West
502454,11486,2025-08-27,Beauty,4,171.22,0.1,6,Card,616.39,North
502455,11014,2025-03-23,Fashion,2,156.61,0.1,3,Net Banking,281.9,West
502456,10539,2025-07-27,Home,4,37.51,0.05,2,UPI,142.54,North
502457,10165,2025-10-04,Sports,3,305.38,0.05,3,Card,870.33,East
502458,10189,2025-12-19,Sports,1,143.78,0.1,5,COD,129.4,West
502459,11427,2025-05-12,Home,2,12.96,0.05,7,UPI,24.62,North
502460,10545,2025-06-22,Grocery,4,28.42,0.05,3,Card,108.0,North
502461,10166,2025-06-23,Electronics,4,309.66,0.15,3,Card,1052.84,South
502462,10336,2025-11-10,Grocery,1,17.53,0.15,7,Card,14.9,East
502463,10032,2025-12-18,Sports,4,386.25,0.05,4,UPI,1467.75,West
502464,10797,2025-08-24,Home,4,72.05,0.05,8,UPI,273.79,North
502465,10887,2025-10-28,Fashion,3,112.34,0.15,4,UPI,286.47,South
502466,10568,2025-01-31,Home,1,112.71,0.05,7,Net Banking,107.07,North
502467,11117,2025-10-05,Sports,3,56.98,0.1,5,UPI,153.85,North
502468,10721,2025-10-23,Electronics,2,84.4,0.0,6,UPI,168.8,South
502469,11440,2025-09-18,Home,1,81.96,0.0,4,Card,81.96,West
502470,11145,2025-08-02,Home,4,92.2,0.05,4,Net Banking,350.36,South
502471,10113,2025-11-25,Home,3,152.71,0.15,5,UPI,389.41,South
502472,10412,2025-08-27,Home,1,46.93,0.0,6,COD,46.93,East
502473,11132,2025-11-05,Fashion,2,60.4,0.2,6,UPI,96.64,South
502474,10807,2025-03-07,Fashion,4,145.84,0.1,1,UPI,525.02,East
502475,11130,2025-08-31,Fashion,2,146.73,0.1,5,Net Banking,264.11,West
502476,10503,2025-06-09,Home,2,121.04,0.15,3,COD,205.77,West
502477,10058,2025-11-13,Home,1,53.52,0.0,3,Card,53.52,East
502478,11178,2025-11-18,Grocery,1,60.34,0.0,5,UPI,60.34,South
502479,11178,2025-11-05,Home,4,75.72,0.0,8,Card,302.88,South
502480,10960,2025-03-20,Electronics,4,57.88,0.05,4,UPI,219.94,South
502481,10607,2025-06-29,Beauty,1,17.14,0.0,8,Card,17.14,West
502482,10013,2025-01-01,Electronics,3,72.6,0.1,2,COD,196.02,East
502483,11092,2025-12-24,Beauty,3,54.1,0.15,7,Card,137.96,East
502484,10991,2025-04-04,Grocery,4,12.36,0.0,5,Card,49.44,East
502485,11002,2025-08-16,Home,3,437.36,0.05,5,UPI,1246.48,South
502486,10256,2025-06-27,Sports,4,102.81,0.1,7,COD,370.12,West
502487,11097,2025-11-27,Beauty,1,19.61,0.1,3,Net Banking,17.65,North
502488,11087,2025-10-27,Beauty,1,28.93,0.2,7,Net Banking,23.14,West
502489,11287,2025-10-11,Fashion,2,60.3,0.0,4,UPI,120.6,South
502490,10852,2025-08-23,Fashion,2,180.35,0.0,3,UPI,360.7,North
502491,11098,2025-02-13,Home,4,61.89,0.15,2,Card,210.43,West
502492,10603,2025-12-02,Home,2,248.49,0.0,8,Card,496.98,West
502493,11046,2025-01-23,Grocery,2,17.59,0.1,7,COD,31.66,South
502494,11042,2025-06-16,Home,3,56.56,0.0,4,UPI,169.68,East
502495,11170,2025-05-19,Grocery,4,192.47,0.05,6,Card,731.39,North
502496,11285,2025-05-23,Beauty,1,176.97,0.1,5,UPI,159.27,West
502497,10005,2025-12-23,Grocery,3,24.46,0.1,4,Net Banking,66.04,North
502498,11169,2025-03-26,Beauty,2,104.97,0.0,6,UPI,209.94,West
502499,11189,2025-07-31,Fashion,1,10.47,0.15,3,Net Banking,8.9,North
502500,10819,2025-03-21,Fashion,4,19.58,0.15,1,Net Banking,66.57,East
502501,10780,2025-11-29,Beauty,4,430.29,0.1,5,UPI,1549.04,West
502502,11085,2025-09-26,Home,1,186.86,0.15,5,COD,158.83,West
502503,10683,2025-06-01,Fashion,4,29.37,0.15,3,UPI,99.86,North
502504,10621,2025-01-30,Fashion,3,349.91,0.1,3,UPI,944.76,West
502505,11206,2025-02-25,Home,3,366.22,0.1,1,Card,988.79,North
502506,11184,2025-03-30,Sports,2,12.32,0.15,4,Net Banking,20.94,North
502507,10311,2025-05-29,Fashion,2,10.44,0.2,3,Card,16.7,South
502508,11244,2025-11-20,Electronics,1,29.61,0.1,6,UPI,26.65,North
502509,10490,2025-02-13,Grocery,1,165.62,0.0,6,Card,165.62,East
502510,10206,2025-07-30,Electronics,1,76.09,0.0,4,Card,76.09,North
502511,11318,2025-05-07,Fashion,3,62.94,0.1,6,UPI,169.94,North
502512,10358,2025-01-18,Beauty,1,43.45,0.2,4,UPI,34.76,West
502513,10305,2025-08-15,Fashion,3,59.64,0.0,4,UPI,178.92,West
502514,10405,2025-09-15,Sports,3,88.07,0.2,4,Card,211.37,West
502515,10738,2025-12-17,Sports,2,10.0,0.0,8,Card,20.0,South
502516,10250,2025-07-04,Fashion,1,75.71,0.05,6,COD,71.92,South
502517,10240,2025-04-29,Grocery,3,27.92,0.15,4,UPI,71.2,North
502518,10589,2025-11-08,Sports,4,128.07,0.2,6,COD,409.82,North
502519,10327,2025-04-01,Sports,2,16.08,0.1,6,Card,28.94,West
502520,10290,2025-09-07,Beauty,4,13.86,0.2,5,UPI,44.35,North
502521,11369,2025-12-11,Home,2,60.92,0.15,4,Net Banking,103.56,North
502522,10894,2025-01-02,Home,1,50.72,0.15,4,COD,43.11,North
502523,10021,2025-12-04,Fashion,3,80.95,0.15,2,Card,206.42,West
502524,10153,2025-03-17,Fashion,4,207.62,0.05,5,UPI,788.96,North
502525,11221,2025-06-25,Electronics,4,111.65,0.0,3,UPI,446.6,North
502526,10405,2025-04-05,Home,4,36.78,0.0,4,Card,147.12,West
502527,10229,2025-02-22,Grocery,1,176.92,0.0,6,COD,176.92,East
502528,10999,2025-09-14,Sports,1,80.44,0.0,8,Card,80.44,West
502529,11258,2025-06-25,Sports,3,23.2,0.0,5,UPI,69.6,West
502530,10598,2025-07-05,Home,4,10.41,0.0,4,Card,41.64,East
502531,11115,2025-06-26,Electronics,4,13.96,0.1,4,UPI,50.26,West
502532,10633,2025-09-30,Home,2,20.37,0.0,7,UPI,40.74,North
502533,10164,2025-12-19,Grocery,2,243.22,0.0,5,COD,486.44,North
502534,11197,2025-07-07,Fashion,3,50.71,0.0,5,Card,152.13,North
502535,11379,2025-02-26,Sports,4,41.69,0.0,5,COD,166.76,East
502536,11477,2025-04-30,Beauty,1,38.84,0.1,2,UPI,34.96,South
502537,10151,2025-07-01,Beauty,4,25.43,0.15,5,UPI,86.46,West
502538,10848,2025-02-07,Fashion,4,178.06,0.1,3,Card,641.02,East
502539,10936,2025-03-25,Grocery,1,10.73,0.1,5,Card,9.66,North
502540,10119,2025-03-15,Beauty,4,80.1,0.2,3,Card,256.32,South
502541,11428,2025-12-22,Fashion,3,300.55,0.1,6,COD,811.49,North
502542,10155,2025-05-27,Grocery,4,202.69,0.0,4,Card,810.76,North
502543,10404,2025-11-17,Beauty,1,38.27,0.0,2,Card,38.27,North
502544,11453,2025-07-21,Grocery,4,211.9,0.1,4,UPI,762.84,West
502545,10835,2025-07-04,Fashion,1,21.33,0.1,9,Card,19.2,West
502546,11019,2025-12-09,Grocery,1,31.04,0.15,1,Card,26.38,North
502547,10741,2025-09-10,Beauty,2,29.7,0.0,5,Card,59.4,North
502548,11129,2025-03-29,Fashion,3,11.52,0.2,2,UPI,27.65,East
502549,10123,2025-04-13,Home,1,29.86,0.05,7,Net Banking,28.37,North
502550,11014,2025-09-01,Fashion,2,240.61,0.15,6,UPI,409.04,West
502551,10100,2025-01-01,Home,2,141.59,0.05,5,Net Banking,269.02,West
502552,10270,2025-02-25,Fashion,1,43.28,0.0,6,COD,43.28,North
502553,10760,2025-01-28,Sports,1,35.89,0.05,5,Card,34.1,South
502554,10673,2025-09-18,Beauty,1,28.13,0.0,5,UPI,28.13,West
502555,10229,2025-06-11,Beauty,4,14.45,0.0,3,Card,57.8,East
502556,11198,2025-01-05,Home,4,22.02,0.15,4,UPI,74.87,East
502557,10453,2025-09-28,Sports,3,324.29,0.05,4,Net Banking,924.23,East
502558,11300,2025-08-28,Fashion,3,116.54,0.0,5,UPI,349.62,South
502559,10023,2025-09-20,Fashion,1,81.96,0.05,1,Card,77.86,West
502560,10357,2025-03-01,Electronics,1,21.65,0.1,7,Card,19.48,West
502561,10446,2025-11-16,Electronics,2,260.82,0.0,8,UPI,521.64,East
502562,10894,2025-03-07,Electronics,4,22.45,0.0,4,Card,89.8,North
502563,10602,2025-07-28,Grocery,2,288.18,0.15,7,COD,489.91,West
502564,10236,2025-07-24,Grocery,4,61.28,0.0,4,UPI,245.12,West
502565,10857,2025-03-21,Electronics,2,39.39,0.15,3,UPI,66.96,West
502566,11438,2025-05-18,Electronics,2,155.74,0.0,4,Card,311.48,South
502567,10201,2025-01-20,Sports,4,49.13,0.1,5,Card,176.87,West
502568,10379,2025-06-22,Fashion,2,22.19,0.1,3,Card,39.94,South
502569,10718,2025-09-05,Home,3,122.54,0.0,6,UPI,367.62,North
502570,11090,2025-04-23,Fashion,3,131.63,0.1,3,Card,355.4,South
502571,10205,2025-07-16,Home,3,91.94,0.05,2,UPI,262.03,North
502572,10347,2025-12-15,Home,3,47.3,0.05,4,UPI,134.8,West
502573,10353,2025-03-27,Beauty,4,30.18,0.15,3,Card,102.61,East
502574,10925,2025-04-17,Grocery,2,52.07,0.2,4,Card,83.31,North
502575,10124,2025-02-13,Sports,2,209.79,0.0,4,Card,419.58,South
502576,10989,2025-07-17,Home,3,37.57,0.1,2,UPI,101.44,South
502577,10639,2025-03-16,Fashion,2,337.94,0.0,7,COD,675.88,West
502578,10493,2025-11-08,Grocery,1,15.34,0.0,6,UPI,15.34,East
502579,11294,2025-04-17,Grocery,2,21.47,0.0,3,UPI,42.94,South
502580,11229,2025-08-31,Sports,3,36.03,0.1,4,COD,97.28,West
502581,11205,2025-03-11,Electronics,3,11.34,0.1,6,Net Banking,30.62,North
502582,11329,2025-04-28,Home,2,177.62,0.05,5,Net Banking,337.48,South
502583,10351,2025-03-04,Home,3,37.42,0.2,8,Card,89.81,East
502584,11283,2025-07-21,Electronics,2,20.74,0.1,4,UPI,37.33,South
502585,10264,2025-01-11,Home,3,109.25,0.0,7,COD,327.75,North
502586,10497,2025-01-31,Home,2,404.07,0.0,2,Card,808.14,South
502587,10834,2025-07-03,Fashion,4,304.41,0.1,2,Net Banking,1095.88,East
502588,11117,2025-07-19,Beauty,3,22.27,0.0,8,Card,66.81,North
502589,10867,2025-05-01,Beauty,3,134.26,0.0,4,Card,402.78,West
502590,10840,2025-06-07,Home,2,32.2,0.0,2,UPI,64.4,South
502591,10565,2025-06-02,Electronics,4,226.72,0.05,4,UPI,861.54,East
502592,10889,2025-10-04,Grocery,2,80.23,0.05,7,Card,152.44,North
502593,10713,2025-06-12,Fashion,4,149.87,0.1,3,Net Banking,539.53,West
502594,10717,2025-11-06,Home,1,195.38,0.1,4,Card,175.84,East
502595,10879,2025-03-21,Sports,4,250.15,0.2,1,UPI,800.48,East
502596,10901,2025-03-14,Sports,4,20.54,0.15,4,Card,69.84,South
502597,10495,2025-05-28,Grocery,1,161.56,0.05,6,UPI,153.48,West
502598,10204,2025-01-30,Electronics,1,17.82,0.05,3,Net Banking,16.93,North
502599,10450,2025-09-02,Fashion,4,328.86,0.0,2,UPI,1315.44,East
502600,10614,2025-05-23,Grocery,2,117.24,0.2,3,UPI,187.58,West
502601,10242,2025-05-14,Sports,3,18.51,0.05,3,Card,52.75,West
502602,10267,2025-07-14,Home,1,25.59,0.0,6,Card,25.59,South
502603,11427,2025-01-30,Grocery,2,187.23,0.1,5,COD,337.01,North
502604,10421,2025-05-18,Beauty,3,89.83,0.05,6,UPI,256.02,East
502605,11109,2025-12-21,Beauty,4,24.06,0.2,5,Net Banking,76.99,West
502606,10192,2025-08-18,Fashion,2,245.19,0.0,3,Card,490.38,South
502607,11459,2025-07-29,Sports,1,177.06,0.0,3,UPI,177.06,West
502608,10319,2025-07-04,Electronics,2,14.96,0.15,5,UPI,25.43,South
502609,10591,2025-06-21,Fashion,3,24.81,0.05,8,Card,70.71,West
502610,11173,2025-12-08,Sports,4,220.87,0.0,3,Card,883.48,South
502611,10303,2025-12-06,Fashion,4,40.07,0.1,2,Card,144.25,South
502612,10825,2025-05-30,Home,4,11.33,0.1,2,UPI,40.79,West
502613,11179,2025-12-04,Electronics,1,104.32,0.0,6,UPI,104.32,North
502614,10036,2025-01-31,Fashion,3,243.02,0.0,4,UPI,729.06,North
502615,10039,2025-04-27,Sports,3,63.44,0.0,6,COD,190.32,North
502616,11183,2025-04-21,Fashion,2,324.04,0.0,3,Card,648.08,North
502617,10395,2025-09-12,Grocery,4,17.29,0.05,6,UPI,65.7,North
502618,11365,2025-08-10,Fashion,4,106.0,0.0,4,Card,424.0,South
502619,11392,2025-06-22,Fashion,1,92.17,0.1,1,Net Banking,82.95,West
502620,11321,2025-04-04,Electronics,4,312.79,0.1,6,UPI,1126.04,South
502621,11496,2025-07-05,Fashion,4,60.71,0.05,4,UPI,230.7,East
502622,11235,2025-04-09,Home,3,256.12,0.0,4,Card,768.36,North
502623,10576,2025-07-01,Sports,2,21.58,0.05,5,UPI,41.0,South
502624,11489,2025-05-04,Electronics,4,14.49,0.0,2,UPI,57.96,West
502625,10519,2025-11-21,Grocery,3,175.46,0.2,5,Net Banking,421.1,North
502626,10880,2025-09-30,Home,4,10.34,0.0,3,COD,41.36,East
502627,10009,2025-03-05,Beauty,3,185.68,0.15,4,COD,473.48,North
502628,11444,2025-12-10,Electronics,4,12.3,0.1,7,Net Banking,44.28,North
502629,10888,2025-08-29,Home,2,103.46,0.15,6,UPI,175.88,North
502630,11424,2025-05-08,Grocery,1,56.49,0.15,4,Net Banking,48.02,South
502631,10530,2025-07-13,Home,2,90.03,0.15,4,Net Banking,153.05,South
502632,10470,2025-03-13,Fashion,4,121.89,0.1,1,Card,438.8,South
502633,10784,2025-01-18,Grocery,3,46.97,0.0,3,Net Banking,140.91,East
502634,11296,2025-06-03,Fashion,3,53.0,0.1,5,COD,143.1,South
502635,10824,2025-10-13,Electronics,3,83.22,0.0,3,UPI,249.66,East
502636,11189,2025-05-09,Beauty,3,103.56,0.05,2,UPI,295.15,North
502637,10322,2025-05-21,Beauty,1,170.87,0.15,5,Card,145.24,South
502638,11164,2025-12-28,Home,2,56.85,0.1,7,Card,102.33,North
502639,11099,2025-12-27,Home,1,40.44,0.0,3,Card,40.44,West
502640,11345,2025-06-19,Fashion,2,13.98,0.15,6,UPI,23.77,West
502641,10087,2025-01-17,Beauty,3,146.49,0.0,6,UPI,439.47,West
502642,10577,2025-09-05,Home,4,24.09,0.15,3,UPI,81.91,West
502643,10134,2025-09-18,Beauty,1,58.08,0.1,3,Card,52.27,South
502644,10601,2025-11-30,Beauty,3,371.3,0.0,8,UPI,1113.9,South
502645,11139,2025-12-13,Home,1,161.02,0.0,2,UPI,161.02,North
502646,10961,2025-08-18,Beauty,1,34.49,0.2,3,Net Banking,27.59,South
502647,11130,2025-02-09,Grocery,4,44.54,0.0,8,Card,178.16,West
502648,11107,2025-04-02,Fashion,3,35.2,0.2,3,Net Banking,84.48,North
502649,11489,2025-09-19,Fashion,1,123.63,0.05,7,UPI,117.45,West
502650,11320,2025-08-10,Grocery,1,16.76,0.05,2,UPI,15.92,West
502651,10880,2025-06-09,Fashion,1,322.84,0.1,5,Card,290.56,East
502652,11314,2025-05-27,Home,2,300.6,0.05,7,Net Banking,571.14,North
502653,10072,2025-09-16,Beauty,1,25.41,0.05,4,COD,24.14,South
502654,11083,2025-06-04,Beauty,3,23.25,0.1,5,Net Banking,62.78,West
502655,10784,2025-02-26,Beauty,2,77.64,0.05,6,UPI,147.52,East
502656,11436,2025-12-24,Electronics,3,86.08,0.0,3,UPI,258.24,West
502657,10756,2025-05-08,Electronics,1,91.13,0.15,9,Net Banking,77.46,North
502658,10268,2025-04-12,Beauty,1,9.93,0.05,7,Card,9.43,North
502659,11087,2025-01-26,Grocery,1,122.8,0.1,4,UPI,110.52,West
502660,11426,2025-06-21,Sports,1,14.0,0.1,4,UPI,12.6,South
502661,10025,2025-12-26,Grocery,1,42.27,0.1,8,COD,38.04,West
502662,10097,2025-02-28,Home,2,171.56,0.0,4,UPI,343.12,South
502663,10992,2025-03-31,Beauty,4,261.65,0.15,4,Card,889.61,West
502664,10834,2025-03-07,Fashion,3,83.9,0.05,7,UPI,239.12,East
502665,10823,2025-02-04,Beauty,2,21.67,0.15,2,UPI,36.84,South
502666,10136,2025-08-09,Beauty,4,100.97,0.15,4,Card,343.3,North
502667,10859,2025-04-19,Beauty,4,13.75,0.1,5,UPI,49.5,South
502668,10853,2025-10-02,Electronics,4,26.93,0.05,3,Card,102.33,West
502669,11274,2025-05-27,Grocery,4,17.23,0.0,1,UPI,68.92,East
502670,10586,2025-08-21,Grocery,3,321.71,0.0,5,COD,965.13,East
502671,10522,2025-02-02,Electronics,4,29.86,0.1,6,Card,107.5,South
502672,10123,2025-05-01,Beauty,2,69.0,0.0,3,UPI,138.0,North
502673,10851,2025-06-01,Fashion,4,153.35,0.0,2,Card,613.4,North
502674,10973,2025-01-22,Sports,1,434.84,0.05,7,Card,413.1,North
502675,10422,2025-06-03,Grocery,2,285.87,0.0,6,UPI,571.74,North
502676,11097,2025-06-21,Beauty,4,19.18,0.0,4,UPI,76.72,North
502677,11408,2025-05-28,Sports,1,36.27,0.05,6,Card,34.46,North
502678,10262,2025-07-04,Grocery,3,40.52,0.0,5,UPI,121.56,West
502679,10860,2025-10-18,Sports,2,142.26,0.0,8,COD,284.52,South
502680,11042,2025-10-09,Home,1,34.66,0.0,6,UPI,34.66,East
502681,10028,2025-01-06,Sports,1,25.56,0.1,2,UPI,23.0,North
502682,10269,2025-08-22,Beauty,3,135.76,0.15,3,UPI,346.19,North
502683,10594,2025-11-26,Electronics,3,40.77,0.0,3,UPI,122.31,East
502684,10207,2025-11-15,Sports,3,139.83,0.1,5,UPI,377.54,North
502685,10534,2025-04-29,Grocery,1,41.17,0.0,4,UPI,41.17,East
502686,10222,2025-10-13,Beauty,2,58.18,0.1,2,UPI,104.72,South
502687,11345,2025-10-20,Beauty,1,10.58,0.0,6,Card,10.58,West
502688,10899,2025-05-14,Beauty,1,13.09,0.15,7,UPI,11.13,North
502689,10494,2025-11-14,Electronics,2,14.59,0.1,4,Net Banking,26.26,South
502690,11169,2025-08-19,Grocery,3,15.79,0.1,5,Card,42.63,West
502691,10028,2025-10-02,Electronics,2,30.03,0.0,3,COD,60.06,North
502692,10896,2025-09-30,Fashion,1,9.72,0.15,3,Card,8.26,West
502693,11026,2025-10-13,Electronics,1,15.8,0.0,4,UPI,15.8,South
502694,11215,2025-12-16,Sports,2,256.58,0.05,6,Card,487.5,South
502695,10334,2025-11-09,Grocery,2,256.58,0.1,5,Card,461.84,West
502696,10888,2025-06-04,Fashion,4,26.08,0.1,4,Card,93.89,North
502697,11152,2025-07-25,Fashion,3,332.54,0.15,4,Net Banking,847.98,West
502698,11196,2025-08-25,Sports,4,20.93,0.1,1,UPI,75.35,North
502699,10264,2025-11-09,Grocery,1,10.65,0.1,8,UPI,9.59,North
502700,11465,2025-05-24,Grocery,2,30.2,0.0,1,COD,60.4,East
502701,10411,2025-04-25,Home,1,21.0,0.05,5,UPI,19.95,East
502702,10587,2025-09-27,Fashion,1,14.2,0.05,5,COD,13.49,North
502703,10289,2025-12-15,Sports,4,246.77,0.1,4,COD,888.37,South
502704,10225,2025-11-29,Home,2,378.37,0.1,4,COD,681.07,South
502705,10384,2025-02-24,Sports,3,28.18,0.1,3,UPI,76.09,South
502706,10204,2025-12-02,Electronics,2,30.26,0.1,6,UPI,54.47,North
502707,11100,2025-10-16,Grocery,1,145.97,0.0,2,Card,145.97,North
502708,10897,2025-02-27,Fashion,4,408.22,0.05,5,UPI,1551.24,South
502709,10586,2025-01-03,Sports,3,30.31,0.15,3,COD,77.29,East
502710,10821,2025-03-16,Sports,3,103.09,0.0,4,Card,309.27,North
502711,10907,2025-12-06,Home,3,10.26,0.0,4,Card,30.78,South
502712,10277,2025-10-03,Beauty,2,86.82,0.1,4,UPI,156.28,South
502713,10446,2025-07-29,Grocery,2,342.22,0.0,6,Card,684.44,East
502714,11324,2025-08-19,Electronics,4,47.18,0.05,4,UPI,179.28,West
502715,10019,2025-05-31,Sports,1,85.4,0.1,6,Card,76.86,West
502716,11436,2025-11-27,Home,2,80.57,0.05,7,UPI,153.08,West
502717,11447,2025-02-27,Fashion,2,107.17,0.15,5,Card,182.19,West
502718,10380,2025-04-25,Fashion,3,107.56,0.15,6,COD,274.28,West
502719,10482,2025-03-15,Sports,4,199.19,0.05,9,UPI,756.92,North
502720,10311,2025-11-06,Grocery,4,10.47,0.2,2,UPI,33.5,South
502721,10841,2025-07-17,Beauty,3,228.27,0.0,7,Card,684.81,North
502722,10321,2025-09-07,Home,1,348.58,0.0,8,COD,348.58,West
502723,11187,2025-12-02,Beauty,4,327.83,0.1,5,UPI,1180.19,South
502724,10582,2025-03-13,Fashion,2,31.44,0.1,8,UPI,56.59,South
502725,11452,2025-12-19,Sports,2,83.07,0.0,8,COD,166.14,East
502726,11280,2025-02-16,Sports,4,43.5,0.05,4,Card,165.3,East
502727,10602,2025-10-03,Beauty,2,211.2,0.0,4,Card,422.4,West
502728,10894,2025-09-14,Grocery,2,55.71,0.0,6,UPI,111.42,North
502729,10037,2025-10-29,Electronics,4,41.63,0.05,3,Card,158.19,North
502730,10102,2025-02-27,Electronics,2,81.21,0.15,10,UPI,138.06,East
502731,10760,2025-12-17,Electronics,3,14.5,0.15,6,Card,36.98,South
502732,10710,2025-10-17,Grocery,1,35.86,0.05,5,COD,34.07,South
502733,10598,2025-02-10,Home,4,26.26,0.05,2,Card,99.79,East
502734,10136,2025-07-23,Fashion,2,36.5,0.0,5,UPI,73.0,North
502735,11260,2025-10-26,Sports,3,45.47,0.05,2,UPI,129.59,West
502736,10610,2025-06-24,Sports,3,13.82,0.1,6,COD,37.31,South
502737,10706,2025-05-20,Grocery,2,248.5,0.1,1,Net Banking,447.3,East
502738,10606,2025-04-11,Electronics,2,42.16,0.05,7,Net Banking,80.1,West
502739,10747,2025-07-08,Beauty,1,36.86,0.15,4,COD,31.33,South
502740,10973,2025-12-26,Fashion,2,22.15,0.15,1,Card,37.65,North
502741,11146,2025-08-10,Sports,2,417.21,0.0,4,COD,834.42,South
502742,10825,2025-09-21,Fashion,2,237.96,0.15,5,Card,404.53,West
502743,10249,2025-10-12,Fashion,2,44.47,0.0,4,Net Banking,88.94,South
502744,11313,2025-10-11,Home,3,33.47,0.15,7,Card,85.35,East
502745,10427,2025-05-27,Electronics,4,43.38,0.1,5,Card,156.17,North
502746,10025,2025-10-08,Beauty,4,409.45,0.05,6,UPI,1555.91,West
502747,10059,2025-04-30,Home,4,28.76,0.05,4,Card,109.29,North
502748,11161,2025-08-02,Fashion,3,120.97,0.1,5,UPI,326.62,North
502749,10581,2025-04-21,Sports,2,289.98,0.15,2,UPI,492.97,South
502750,10034,2025-12-09,Fashion,3,185.12,0.15,5,Card,472.06,South
502751,11218,2025-09-24,Fashion,1,271.68,0.05,3,Net Banking,258.1,East
502752,10457,2025-08-02,Electronics,4,386.22,0.15,7,COD,1313.15,West
502753,11467,2025-06-14,Fashion,3,14.36,0.05,5,UPI,40.93,South
502754,11320,2025-07-09,Beauty,1,24.93,0.05,6,COD,23.68,West
502755,10073,2025-10-12,Electronics,2,16.94,0.0,5,Card,33.88,West
502756,11036,2025-04-10,Home,2,60.86,0.15,8,UPI,103.46,East
502757,10905,2025-10-30,Sports,2,40.71,0.1,1,Net Banking,73.28,West
502758,10258,2025-04-13,Grocery,1,9.83,0.05,4,UPI,9.34,North
502759,10515,2025-02-21,Fashion,1,77.78,0.1,3,COD,70.0,South
502760,10737,2025-09-26,Grocery,2,17.13,0.15,1,UPI,29.12,North
502761,10220,2025-09-16,Home,2,41.22,0.0,2,Net Banking,82.44,South
502762,11083,2025-05-03,Home,4,29.77,0.05,7,COD,113.13,West
502763,10416,2025-08-25,Grocery,2,241.86,0.05,4,Card,459.53,South
502764,11407,2025-09-23,Home,2,122.24,0.0,4,UPI,244.48,West
502765,11203,2025-10-15,Fashion,4,98.36,0.0,6,UPI,393.44,West
502766,10952,2025-12-14,Home,4,252.99,0.1,5,UPI,910.76,South
502767,10180,2025-11-08,Home,1,22.29,0.0,6,COD,22.29,West
502768,10038,2025-06-10,Beauty,1,27.97,0.15,5,Card,23.77,South
502769,10219,2025-03-26,Beauty,1,168.8,0.2,6,UPI,135.04,West
502770,10750,2025-02-05,Grocery,2,161.57,0.0,4,UPI,323.14,West
502771,11172,2025-07-29,Grocery,3,14.88,0.05,7,UPI,42.41,West
502772,10230,2025-09-01,Fashion,2,23.37,0.0,2,Card,46.74,North
502773,11062,2025-09-10,Fashion,1,28.81,0.1,4,UPI,25.93,East
502774,10072,2025-01-04,Electronics,1,11.84,0.05,7,COD,11.25,South
502775,10399,2025-09-13,Home,3,86.99,0.1,4,COD,234.87,South
502776,10898,2025-10-15,Electronics,2,13.59,0.1,4,UPI,24.46,North
502777,11243,2025-09-21,Grocery,1,258.11,0.1,9,UPI,232.3,South
502778,11166,2025-07-11,Home,3,83.2,0.05,7,Card,237.12,West
502779,10799,2025-01-06,Beauty,3,182.23,0.15,5,Net Banking,464.69,West
502780,10055,2025-06-28,Grocery,2,56.76,0.15,3,UPI,96.49,East
502781,10441,2025-08-24,Sports,4,363.1,0.1,1,UPI,1307.16,West
502782,11176,2025-07-27,Fashion,4,30.56,0.0,6,Card,122.24,West
502783,10122,2025-07-29,Electronics,1,62.6,0.1,7,UPI,56.34,East
502784,11060,2025-07-08,Fashion,4,10.02,0.15,5,UPI,34.07,East
502785,11056,2025-07-21,Fashion,1,218.73,0.1,1,Card,196.86,East
502786,11128,2025-04-29,Home,2,74.34,0.1,5,UPI,133.81,East
502787,10326,2025-08-09,Sports,4,19.91,0.05,4,Card,75.66,East
502788,10368,2025-04-13,Grocery,4,256.73,0.05,5,COD,975.57,East
502789,10298,2025-06-29,Home,1,284.21,0.1,8,Net Banking,255.79,West
502790,10591,2025-06-01,Home,1,13.93,0.15,6,Card,11.84,West
502791,10786,2025-09-18,Home,1,235.41,0.0,6,UPI,235.41,South
502792,10180,2025-11-23,Grocery,2,184.32,0.0,4,Card,368.64,West
502793,10852,2025-08-20,Electronics,2,33.48,0.05,5,UPI,63.61,North
502794,10359,2025-02-19,Grocery,2,107.76,0.05,3,Card,204.74,South
502795,10844,2025-09-01,Sports,2,171.74,0.1,6,UPI,309.13,South
502796,10455,2025-04-29,Beauty,3,51.62,0.0,4,UPI,154.86,North
502797,11432,2025-01-19,Fashion,4,87.02,0.1,3,UPI,313.27,East
502798,10480,2025-03-12,Grocery,3,9.87,0.05,6,UPI,28.13,South
502799,11307,2025-12-31,Sports,2,297.55,0.1,1,Card,535.59,East
502800,10263,2025-06-05,Home,3,357.95,0.05,3,Net Banking,1020.16,South
502801,10128,2025-03-15,Electronics,3,27.2,0.1,6,Card,73.44,North
502802,10284,2025-02-18,Fashion,4,52.84,0.05,7,UPI,200.79,South
502803,10630,2025-08-26,Electronics,4,28.02,0.0,5,Card,112.08,West
502804,11353,2025-10-05,Electronics,2,28.61,0.1,3,Card,51.5,South
502805,10265,2025-05-09,Grocery,4,21.53,0.05,4,COD,81.81,West
502806,11176,2025-02-07,Beauty,4,251.35,0.0,5,COD,1005.4,West
502807,11046,2025-05-10,Fashion,1,115.15,0.15,8,UPI,97.88,South
502808,10517,2025-08-31,Home,3,245.53,0.1,6,Card,662.93,South
502809,10505,2025-02-11,Electronics,1,170.32,0.0,6,UPI,170.32,South
502810,11422,2025-04-08,Electronics,2,185.03,0.1,5,UPI,333.05,South
502811,11072,2025-01-01,Beauty,1,22.05,0.0,2,Net Banking,22.05,East
502812,10359,2025-06-22,Electronics,2,239.8,0.05,2,Net Banking,455.62,South
502813,11368,2025-03-04,Beauty,3,141.56,0.0,4,UPI,424.68,North
502814,10611,2025-03-14,Home,2,14.51,0.0,6,COD,29.02,East
502815,10120,2025-02-11,Fashion,1,13.01,0.05,3,UPI,12.36,East
502816,11221,2025-09-24,Fashion,2,149.11,0.1,6,UPI,268.4,North
502817,11304,2025-06-28,Home,3,30.32,0.0,3,COD,90.96,South
502818,10665,2025-12-13,Beauty,4,31.39,0.0,3,COD,125.56,South
502819,11056,2025-05-25,Electronics,1,42.75,0.0,7,UPI,42.75,East
502820,10352,2025-03-22,Home,2,182.56,0.0,6,COD,365.12,North
502821,11276,2025-03-16,Grocery,1,40.4,0.1,4,UPI,36.36,South
502822,10553,2025-12-14,Grocery,1,42.21,0.0,3,Card,42.21,North
502823,10401,2025-08-04,Beauty,1,38.84,0.05,6,Net Banking,36.9,South
502824,10752,2025-04-29,Grocery,4,9.93,0.05,6,COD,37.73,South
502825,10401,2025-08-27,Fashion,4,14.17,0.0,6,Card,56.68,South
502826,10931,2025-07-23,Electronics,3,54.7,0.1,4,UPI,147.69,South
502827,11122,2025-02-11,Grocery,2,11.1,0.1,2,COD,19.98,North
502828,10609,2025-09-14,Beauty,4,162.5,0.1,4,Net Banking,585.0,West
502829,11176,2025-02-13,Fashion,2,43.07,0.05,7,UPI,81.83,West
502830,10647,2025-03-14,Fashion,3,78.29,0.0,3,UPI,234.87,North
502831,11456,2025-09-18,Home,3,42.22,0.1,5,UPI,113.99,North
502832,10396,2025-06-12,Sports,3,155.21,0.2,8,Card,372.5,South
502833,11058,2025-03-23,Fashion,2,61.42,0.05,4,UPI,116.7,North
502834,10804,2025-01-25,Beauty,2,11.97,0.1,4,Card,21.55,East
502835,11416,2025-08-05,Home,2,59.3,0.05,2,UPI,112.67,West
502836,10330,2025-09-12,Sports,3,20.67,0.15,6,Net Banking,52.71,South
502837,10296,2025-03-16,Home,3,58.79,0.0,3,UPI,176.37,West
502838,11302,2025-06-02,Electronics,2,84.75,0.05,1,COD,161.02,East
502839,11352,2025-05-06,Grocery,3,60.48,0.05,3,Net Banking,172.37,West
502840,11122,2025-11-22,Home,1,33.53,0.1,5,Card,30.18,North
502841,10713,2025-10-16,Fashion,2,80.99,0.1,1,UPI,145.78,West
502842,10616,2025-04-11,Sports,4,90.11,0.1,2,Net Banking,324.4,West
502843,11000,2025-07-07,Grocery,3,179.01,0.1,6,Card,483.33,South
502844,11121,2025-12-04,Fashion,3,312.75,0.05,4,Card,891.34,East
502845,10414,2025-05-07,Sports,4,12.21,0.0,3,UPI,48.84,West
502846,10011,2025-02-21,Grocery,3,82.6,0.15,4,UPI,210.63,South
502847,10111,2025-04-19,Grocery,3,10.46,0.0,8,Card,31.38,South
502848,10517,2025-08-10,Electronics,2,61.38,0.0,7,COD,122.76,South
502849,11023,2025-12-29,Sports,4,153.33,0.0,4,Net Banking,613.32,West
502850,10661,2025-04-23,Home,3,81.93,0.05,6,Card,233.5,South
502851,10928,2025-01-22,Grocery,3,196.46,0.05,5,UPI,559.91,West
502852,10705,2025-03-08,Electronics,1,293.94,0.1,1,Card,264.55,South
502853,10378,2025-05-31,Home,4,402.94,0.1,1,UPI,1450.58,South
502854,11124,2025-02-04,Home,2,95.7,0.0,3,UPI,191.4,North
502855,11086,2025-01-13,Fashion,2,100.69,0.0,1,UPI,201.38,West
502856,11445,2025-08-28,Electronics,1,274.22,0.15,5,UPI,233.09,North
502857,11239,2025-10-28,Electronics,1,23.56,0.1,3,UPI,21.2,North
502858,10570,2025-03-27,Fashion,1,35.45,0.15,5,UPI,30.13,South
502859,11058,2025-07-10,Grocery,1,38.0,0.0,5,UPI,38.0,North
502860,10526,2025-07-29,Fashion,1,126.01,0.15,6,COD,107.11,South
502861,11310,2025-09-01,Beauty,2,39.28,0.15,3,UPI,66.78,West
502862,10916,2025-12-24,Fashion,4,18.06,0.05,6,Net Banking,68.63,West
502863,11252,2025-11-20,Fashion,4,131.81,0.1,3,Net Banking,474.52,North
502864,10422,2025-04-26,Beauty,1,149.06,0.0,6,COD,149.06,North
502865,10023,2025-12-23,Fashion,2,70.51,0.1,7,UPI,126.92,West
502866,10213,2025-01-13,Electronics,4,239.43,0.1,6,UPI,861.95,North
502867,10798,2025-12-18,Home,3,183.26,0.05,4,Card,522.29,North
502868,11443,2025-02-22,Sports,4,400.5,0.0,6,Card,1602.0,North
502869,10941,2025-02-11,Beauty,2,24.3,0.05,1,UPI,46.17,South
502870,11215,2025-02-13,Electronics,1,22.25,0.1,1,UPI,20.03,South
502871,10704,2025-02-14,Electronics,1,40.46,0.1,5,Card,36.41,West
502872,11438,2025-06-19,Grocery,3,178.77,0.05,7,Card,509.49,South
502873,11412,2025-08-22,Home,1,298.36,0.2,2,UPI,238.69,West
502874,10327,2025-09-29,Electronics,2,16.17,0.0,5,UPI,32.34,West
502875,11294,2025-01-06,Sports,2,184.27,0.0,5,Card,368.54,South
502876,10027,2025-04-19,Fashion,4,50.92,0.0,3,Card,203.68,South
502877,10889,2025-02-18,Beauty,4,209.73,0.15,4,COD,713.08,North
502878,10656,2025-02-23,Grocery,2,123.78,0.1,6,COD,222.8,South
502879,10452,2025-09-30,Home,3,12.15,0.1,5,Card,32.81,West
502880,11401,2025-08-22,Fashion,2,44.77,0.15,5,UPI,76.11,South
502881,10994,2025-03-18,Sports,4,14.84,0.05,3,UPI,56.39,North
502882,10208,2025-04-20,Fashion,2,36.09,0.0,4,UPI,72.18,East
502883,10209,2025-12-04,Home,3,124.93,0.1,4,Card,337.31,North
502884,10176,2025-07-29,Sports,4,83.64,0.05,4,COD,317.83,North
502885,10457,2025-03-29,Sports,1,165.58,0.05,3,Card,157.3,West
502886,10104,2025-12-07,Electronics,1,102.27,0.0,4,Card,102.27,West
502887,10397,2025-03-14,Electronics,2,12.97,0.05,3,UPI,24.64,West
502888,11148,2025-04-17,Sports,4,82.76,0.05,5,Card,314.49,West
502889,11311,2025-09-10,Electronics,3,55.33,0.0,4,UPI,165.99,South
502890,11179,2025-07-07,Grocery,1,83.15,0.2,3,UPI,66.52,North
502891,10745,2025-01-26,Electronics,2,28.36,0.0,1,Card,56.72,South
502892,11044,2025-10-22,Grocery,3,165.52,0.15,6,UPI,422.08,East
502893,11416,2025-03-25,Sports,4,86.06,0.0,6,UPI,344.24,West
502894,10080,2025-09-10,Beauty,2,50.86,0.15,3,UPI,86.46,West
502895,11357,2025-05-03,Home,1,11.94,0.05,6,UPI,11.34,South
502896,11085,2025-10-02,Beauty,1,12.52,0.0,2,UPI,12.52,West
502897,10580,2025-11-24,Sports,1,34.16,0.0,4,COD,34.16,South
502898,10673,2025-10-09,Sports,1,75.54,0.05,3,UPI,71.76,West
502899,10658,2025-12-03,Home,2,341.81,0.1,4,UPI,615.26,South
502900,10237,2025-07-17,Fashion,2,157.64,0.0,6,Card,315.28,South
502901,10346,2025-01-24,Grocery,2,48.88,0.0,4,UPI,97.76,West
502902,10443,2025-07-15,Home,4,30.14,0.1,4,COD,108.5,West
502903,10009,2025-06-18,Sports,2,17.42,0.1,6,COD,31.36,North
502904,10752,2025-09-20,Home,3,20.32,0.05,5,Card,57.91,South
502905,10715,2025-04-01,Grocery,3,12.91,0.0,3,Card,38.73,West
502906,10495,2025-09-12,Home,1,340.72,0.1,5,COD,306.65,West
502907,10265,2025-06-11,Home,4,13.96,0.0,6,UPI,55.84,West
502908,11455,2025-09-02,Beauty,2,267.83,0.1,7,Card,482.09,South
502909,11018,2025-06-03,Beauty,4,79.96,0.0,2,Card,319.84,West
502910,10713,2025-05-20,Home,1,122.69,0.2,2,Card,98.15,West
502911,11085,2025-03-20,Fashion,4,348.72,0.1,6,COD,1255.39,West
502912,10559,2025-10-30,Electronics,3,181.68,0.1,4,COD,490.54,East
502913,10324,2025-01-26,Grocery,1,21.5,0.15,1,Card,18.27,South
502914,11010,2025-03-28,Electronics,4,400.08,0.2,3,Net Banking,1280.26,South
502915,11156,2025-06-05,Beauty,3,21.17,0.1,4,Card,57.16,North
502916,10976,2025-02-26,Grocery,4,79.0,0.1,4,Card,284.4,East
502917,10850,2025-12-01,Electronics,1,103.05,0.15,6,Card,87.59,West
502918,10004,2025-05-06,Electronics,4,26.21,0.0,3,COD,104.84,East
502919,10957,2025-03-30,Sports,4,98.8,0.1,6,Net Banking,355.68,West
502920,10928,2025-04-03,Electronics,2,109.89,0.1,5,COD,197.8,West
502921,10619,2025-03-11,Grocery,2,331.15,0.1,2,UPI,596.07,North
502922,10366,2025-08-31,Beauty,2,396.5,0.15,4,Card,674.05,South
502923,11469,2025-06-25,Grocery,2,35.96,0.1,5,UPI,64.73,West
502924,10563,2025-03-26,Home,4,95.89,0.1,5,Card,345.2,West
502925,10409,2025-11-15,Electronics,4,190.58,0.15,5,Net Banking,647.97,North
502926,11060,2025-08-28,Grocery,1,10.98,0.1,3,COD,9.88,East
502927,10723,2025-05-28,Sports,1,108.81,0.0,6,Card,108.81,North
502928,10837,2025-07-07,Grocery,1,338.25,0.0,4,UPI,338.25,West
502929,10973,2025-08-28,Home,3,14.67,0.05,10,Card,41.81,North
502930,10553,2025-02-25,Beauty,2,142.26,0.0,2,UPI,284.52,North
502931,10229,2025-10-23,Fashion,4,11.58,0.1,10,Net Banking,41.69,East
502932,10252,2025-04-05,Beauty,4,45.27,0.15,3,UPI,153.92,West
502933,11410,2025-01-11,Home,1,204.35,0.0,7,COD,204.35,East
502934,10759,2025-07-10,Beauty,3,391.03,0.15,6,Card,997.13,North
502935,10626,2025-11-16,Fashion,4,170.37,0.1,3,Card,613.33,South
502936,10480,2025-09-25,Electronics,4,184.73,0.2,6,Net Banking,591.14,South
502937,11083,2025-04-23,Beauty,3,21.33,0.0,4,Card,63.99,West
502938,11370,2025-05-26,Home,2,206.86,0.05,5,Card,393.03,South
502939,11154,2025-08-06,Electronics,4,83.47,0.1,5,UPI,300.49,North
502940,10802,2025-03-26,Electronics,2,376.6,0.1,4,UPI,677.88,South
502941,10714,2025-10-27,Beauty,4,80.74,0.15,4,Card,274.52,West
502942,11299,2025-04-18,Electronics,2,10.71,0.15,5,UPI,18.21,West
502943,11285,2025-03-21,Beauty,4,74.49,0.0,3,Card,297.96,West
502944,10586,2025-02-04,Fashion,4,144.21,0.05,3,Card,548.0,East
502945,11447,2025-09-11,Grocery,3,156.75,0.1,6,UPI,423.22,West
502946,11242,2025-01-10,Electronics,1,38.08,0.0,5,COD,38.08,South
502947,11270,2025-10-21,Beauty,1,21.2,0.2,2,COD,16.96,South
502948,10085,2025-12-22,Electronics,4,214.89,0.1,2,Net Banking,773.6,North
502949,10196,2025-02-10,Beauty,4,203.61,0.15,1,UPI,692.27,North
502950,10448,2025-02-05,Beauty,3,229.34,0.15,6,UPI,584.82,East
502951,11142,2025-12-08,Sports,4,83.14,0.0,6,UPI,332.56,West
502952,10118,2025-02-15,Beauty,4,180.15,0.05,2,Net Banking,684.57,East
502953,10125,2025-05-29,Grocery,2,50.18,0.1,6,Card,90.32,North
502954,10048,2025-11-14,Electronics,4,134.72,0.15,8,Net Banking,458.05,South
502955,10288,2025-02-20,Electronics,4,40.16,0.1,1,Net Banking,144.58,South
502956,11379,2025-08-31,Electronics,2,165.86,0.0,3,UPI,331.72,East
502957,11082,2025-05-20,Beauty,1,21.01,0.1,1,Card,18.91,West
502958,11076,2025-06-09,Home,3,21.66,0.0,6,Card,64.98,South
502959,10439,2025-12-06,Electronics,2,26.34,0.05,4,Card,50.05,West
502960,10938,2025-08-25,Home,2,62.14,0.2,4,Net Banking,99.42,North
502961,11169,2025-04-27,Grocery,3,202.61,0.0,5,UPI,607.83,West
502962,10799,2025-12-08,Sports,4,20.32,0.0,3,COD,81.28,West
502963,11285,2025-07-31,Electronics,1,130.94,0.05,4,UPI,124.39,West
502964,10855,2025-02-06,Grocery,4,268.28,0.15,5,COD,912.15,North
502965,10487,2025-05-24,Home,2,80.02,0.0,3,UPI,160.04,South
502966,10959,2025-03-30,Beauty,3,93.26,0.0,4,Card,279.78,South
502967,11415,2025-08-23,Home,4,22.31,0.05,4,Card,84.78,North
502968,11240,2025-11-11,Beauty,1,110.18,0.1,5,Card,99.16,North
502969,10748,2025-01-15,Sports,1,22.38,0.0,6,Net Banking,22.38,South
502970,10896,2025-10-12,Sports,4,28.9,0.15,6,COD,98.26,West
502971,11464,2025-12-01,Fashion,2,264.91,0.15,2,UPI,450.35,South
502972,11123,2025-12-29,Fashion,4,101.93,0.05,7,UPI,387.33,West
502973,10754,2025-08-30,Sports,2,304.57,0.0,5,UPI,609.14,South
502974,10422,2025-04-25,Home,3,45.82,0.05,4,UPI,130.59,North
502975,11359,2025-02-23,Beauty,3,42.85,0.0,3,UPI,128.55,East
502976,11466,2025-12-11,Electronics,4,305.37,0.05,8,UPI,1160.41,East
502977,10107,2025-05-31,Sports,3,94.04,0.1,9,COD,253.91,South
502978,10048,2025-05-06,Beauty,3,190.41,0.0,8,Net Banking,571.23,South
502979,10173,2025-09-25,Fashion,2,10.17,0.0,5,UPI,20.34,South
502980,10580,2025-09-19,Fashion,2,72.44,0.0,5,COD,144.88,South
502981,10240,2025-10-23,Home,2,215.27,0.0,7,UPI,430.54,North
502982,11324,2025-11-19,Electronics,2,180.57,0.0,4,Card,361.14,West
502983,11372,2025-11-17,Grocery,4,129.8,0.05,6,UPI,493.24,West
502984,10271,2025-03-04,Home,1,14.71,0.1,5,UPI,13.24,North
502985,11244,2025-03-03,Electronics,3,56.77,0.0,8,Card,170.31,North
502986,10213,2025-03-17,Home,3,15.85,0.05,7,COD,45.17,North
502987,11181,2025-08-17,Grocery,4,249.62,0.15,4,Card,848.71,West
502988,10549,2025-08-01,Home,3,80.66,0.1,8,COD,217.78,West
502989,10061,2025-11-09,Grocery,2,16.87,0.15,4,UPI,28.68,East
502990,10643,2025-11-04,Beauty,1,158.12,0.05,3,Card,150.21,North
502991,11235,2025-10-24,Grocery,2,170.2,0.0,4,UPI,340.4,North
502992,11401,2025-01-29,Fashion,2,13.26,0.0,5,UPI,26.52,South
502993,10182,2025-09-11,Electronics,1,14.94,0.1,3,UPI,13.45,West
502994,11255,2025-11-07,Fashion,3,23.1,0.15,3,UPI,58.91,North
502995,10440,2025-12-25,Beauty,2,9.6,0.05,2,COD,18.24,East
502996,10697,2025-05-06,Home,4,57.2,0.05,3,Card,217.36,West
502997,10164,2025-10-11,Fashion,1,185.65,0.05,5,Card,176.37,North
502998,11460,2025-05-29,Electronics,4,14.87,0.0,7,UPI,59.48,South
502999,11186,2025-02-28,Sports,2,105.65,0.0,6,UPI,211.3,West
503000,10964,2025-05-05,Sports,2,57.99,0.2,5,Card,92.78,North
503001,11091,2025-04-02,Electronics,2,273.52,0.0,1,UPI,547.04,South
503002,11311,2025-11-29,Beauty,4,59.0,0.0,3,UPI,236.0,South
503003,10216,2025-03-06,Fashion,3,98.34,0.1,4,UPI,265.52,West
503004,10370,2025-02-17,Electronics,1,417.95,0.05,6,Net Banking,397.05,West
503005,10057,2025-07-31,Beauty,4,17.91,0.2,3,Card,57.31,South
503006,10734,2025-07-29,Home,1,29.79,0.0,2,UPI,29.79,South
503007,10742,2025-07-24,Electronics,2,26.17,0.15,7,Card,44.49,North
503008,10045,2025-02-24,Sports,3,21.82,0.0,3,Net Banking,65.46,West
503009,10993,2025-07-01,Beauty,3,115.3,0.0,2,UPI,345.9,West
503010,10014,2025-12-05,Sports,2,11.77,0.05,5,UPI,22.36,West
503011,11190,2025-02-02,Fashion,4,41.46,0.15,4,Net Banking,140.96,East
503012,11059,2025-10-19,Grocery,4,18.16,0.05,3,COD,69.01,East
503013,11223,2025-02-15,Grocery,4,110.81,0.0,5,Card,443.24,West
503014,10178,2025-03-27,Fashion,2,142.49,0.05,3,UPI,270.73,West
503015,11306,2025-11-24,Beauty,4,44.38,0.0,3,UPI,177.52,West
503016,10822,2025-04-19,Beauty,1,47.05,0.15,4,COD,39.99,East
503017,11296,2025-07-10,Sports,4,59.69,0.15,1,Card,202.95,South
503018,11045,2025-05-20,Beauty,3,22.42,0.1,6,UPI,60.53,North
503019,10985,2025-08-13,Fashion,3,32.16,0.05,2,UPI,91.66,North
503020,10049,2025-05-28,Home,1,306.04,0.1,3,UPI,275.44,East
503021,11038,2025-06-11,Grocery,4,9.98,0.1,7,COD,35.93,South
503022,10674,2025-10-26,Fashion,2,170.88,0.0,6,Card,341.76,East
503023,11274,2025-07-22,Home,3,18.68,0.05,5,UPI,53.24,East
503024,11027,2025-07-26,Fashion,1,18.9,0.1,1,Card,17.01,West
503025,10112,2025-10-22,Beauty,4,20.51,0.15,3,COD,69.73,North
503026,11335,2025-06-06,Electronics,2,20.91,0.05,4,Card,39.73,West
503027,10095,2025-10-28,Grocery,4,42.41,0.15,4,UPI,144.19,South
503028,10449,2025-09-20,Grocery,4,233.1,0.1,7,Net Banking,839.16,North
503029,10326,2025-11-19,Grocery,3,314.53,0.15,8,UPI,802.05,East
503030,11462,2025-06-17,Beauty,1,89.34,0.2,6,Card,71.47,East
503031,10230,2025-07-23,Home,2,16.35,0.0,3,UPI,32.7,North
503032,11267,2025-02-16,Electronics,3,290.04,0.05,7,COD,826.61,North
503033,10334,2025-02-10,Sports,3,180.93,0.1,3,Card,488.51,West
503034,10976,2025-02-09,Home,3,13.49,0.15,1,UPI,34.4,East
503035,10136,2025-08-20,Grocery,1,32.15,0.0,2,Card,32.15,North
503036,10588,2025-04-29,Grocery,3,145.95,0.1,1,Card,394.06,South
503037,10935,2025-04-16,Electronics,1,12.5,0.15,4,Card,10.62,West
503038,11067,2025-08-09,Grocery,2,11.33,0.0,4,UPI,22.66,South
503039,11309,2025-05-26,Electronics,1,101.55,0.0,1,UPI,101.55,North
503040,11225,2025-02-19,Beauty,3,41.62,0.05,3,Net Banking,118.62,North
503041,10778,2025-07-23,Beauty,3,45.49,0.05,2,UPI,129.65,North
503042,10455,2025-07-20,Grocery,4,173.41,0.1,4,Card,624.28,North
503043,10392,2025-02-20,Fashion,2,64.31,0.0,3,UPI,128.62,North
503044,11490,2025-04-09,Grocery,1,132.62,0.1,7,COD,119.36,South
503045,10913,2025-03-28,Fashion,1,14.99,0.0,5,Card,14.99,West
503046,11363,2025-09-11,Sports,4,13.29,0.15,8,COD,45.19,East
503047,10651,2025-04-01,Grocery,4,24.63,0.0,4,Card,98.52,South
503048,10729,2025-01-11,Grocery,1,28.67,0.1,9,Card,25.8,South
503049,11239,2025-04-08,Beauty,3,30.09,0.05,5,Net Banking,85.76,North
503050,11085,2025-06-21,Beauty,2,160.73,0.1,3,COD,289.31,West
503051,10302,2025-10-08,Grocery,2,14.51,0.0,9,COD,29.02,North
503052,10787,2025-01-20,Sports,3,16.29,0.05,1,COD,46.43,West
503053,10321,2025-11-18,Grocery,4,26.86,0.0,3,Card,107.44,West
503054,11142,2025-05-01,Fashion,1,28.88,0.0,1,Card,28.88,West
503055,10045,2025-05-06,Grocery,4,17.46,0.1,1,Card,62.86,West
503056,11241,2025-01-06,Sports,1,18.95,0.0,1,Net Banking,18.95,West
503057,11394,2025-04-11,Sports,3,78.92,0.15,6,Net Banking,201.25,North
503058,10035,2025-06-21,Home,1,20.12,0.05,2,Card,19.11,South
503059,10946,2025-08-17,Fashion,1,15.6,0.0,4,Card,15.6,South
503060,10119,2025-10-07,Sports,1,183.44,0.15,6,UPI,155.92,South
503061,10541,2025-07-10,Sports,4,11.63,0.0,5,COD,46.52,West
503062,10505,2025-02-06,Grocery,3,10.9,0.15,5,COD,27.8,South
503063,10780,2025-05-23,Home,3,11.25,0.0,7,Net Banking,33.75,West
503064,11377,2025-09-26,Home,1,66.79,0.1,8,Card,60.11,East
503065,10693,2025-08-22,Grocery,4,97.87,0.15,2,COD,332.76,North
503066,10598,2025-08-02,Grocery,4,103.34,0.0,5,UPI,413.36,East
503067,10140,2025-07-05,Home,2,80.42,0.1,4,Card,144.76,North
503068,11332,2025-07-04,Beauty,4,11.21,0.0,4,UPI,44.84,South
503069,10473,2025-12-29,Grocery,1,32.16,0.1,1,Card,28.94,North
503070,10694,2025-08-07,Home,2,90.63,0.0,3,UPI,181.26,South
503071,10139,2025-08-06,Sports,1,115.49,0.0,4,UPI,115.49,West
503072,10434,2025-05-03,Electronics,1,31.96,0.0,7,COD,31.96,West
503073,10831,2025-06-28,Home,4,190.95,0.1,2,Card,687.42,East
503074,11351,2025-09-17,Sports,2,260.33,0.2,1,UPI,416.53,West
503075,10494,2025-11-10,Fashion,3,145.85,0.2,4,COD,350.04,South
503076,10842,2025-10-12,Fashion,4,132.42,0.1,2,UPI,476.71,West
503077,11314,2025-08-30,Grocery,4,398.32,0.15,4,UPI,1354.29,North
503078,10541,2025-10-12,Home,2,164.36,0.15,6,UPI,279.41,West
503079,10443,2025-01-13,Fashion,2,85.78,0.05,4,UPI,162.98,West
503080,10067,2025-04-09,Fashion,1,41.83,0.0,4,COD,41.83,East
503081,11362,2025-03-30,Sports,4,38.94,0.1,4,Card,140.18,South
503082,10167,2025-08-27,Home,4,191.94,0.0,6,Card,767.76,West
503083,10324,2025-10-02,Fashion,3,25.44,0.15,2,Card,64.87,South
503084,10209,2025-02-24,Beauty,2,85.35,0.05,6,UPI,162.16,North
503085,11062,2025-03-12,Fashion,4,73.31,0.0,2,Card,293.24,East
503086,10548,2025-06-30,Grocery,2,42.44,0.15,6,COD,72.15,North
503087,11058,2025-12-20,Beauty,2,40.09,0.0,1,Card,80.18,North
503088,10911,2025-01-01,Sports,4,14.33,0.2,6,Card,45.86,West
503089,10023,2025-11-18,Grocery,2,156.4,0.2,4,UPI,250.24,West
503090,10462,2025-03-12,Sports,4,10.42,0.1,5,UPI,37.51,North
503091,10007,2025-04-09,Grocery,1,14.22,0.1,6,UPI,12.8,West
503092,10099,2025-08-19,Fashion,2,26.04,0.0,3,COD,52.08,North
503093,10710,2025-09-24,Home,2,70.12,0.05,4,UPI,133.23,South
503094,10398,2025-11-16,Grocery,2,25.62,0.15,5,COD,43.55,South
503095,10134,2025-01-03,Fashion,4,190.59,0.0,4,Card,762.36,South
503096,10614,2025-01-18,Home,2,297.76,0.0,6,Card,595.52,West
503097,10678,2025-06-24,Home,4,38.42,0.05,5,Card,146.0,South
503098,11489,2025-07-23,Home,1,418.66,0.1,3,UPI,376.79,West
503099,10993,2025-04-06,Grocery,2,13.35,0.1,7,Net Banking,24.03,West
503100,10590,2025-08-21,Electronics,2,21.21,0.0,6,UPI,42.42,North
503101,10710,2025-04-07,Sports,3,41.31,0.0,3,COD,123.93,South
503102,10134,2025-12-07,Fashion,1,285.05,0.15,3,UPI,242.29,South
503103,10580,2025-03-06,Electronics,2,80.29,0.0,4,Card,160.58,South
503104,10872,2025-08-28,Fashion,3,172.12,0.0,5,Card,516.36,North
503105,10032,2025-07-13,Sports,2,95.75,0.0,1,UPI,191.5,West
503106,11380,2025-02-07,Sports,4,49.22,0.1,3,UPI,177.19,South
503107,10773,2025-08-09,Fashion,2,397.41,0.0,3,Card,794.82,East
503108,11181,2025-02-23,Beauty,4,435.38,0.0,2,COD,1741.52,West
503109,10414,2025-07-16,Electronics,1,62.23,0.05,2,Card,59.12,West
503110,11255,2025-08-21,Electronics,4,151.98,0.0,5,UPI,607.92,North
503111,10551,2025-01-27,Beauty,2,115.53,0.2,4,UPI,184.85,South
503112,11393,2025-03-20,Fashion,1,70.68,0.15,4,Net Banking,60.08,North
503113,10784,2025-04-18,Electronics,3,21.41,0.1,2,UPI,57.81,East
503114,10955,2025-12-05,Grocery,1,27.31,0.05,4,Card,25.94,West
503115,10306,2025-03-22,Fashion,1,427.52,0.0,1,UPI,427.52,South
503116,11493,2025-12-03,Home,3,31.22,0.1,7,Card,84.29,East
503117,10289,2025-07-14,Grocery,4,94.86,0.0,8,UPI,379.44,South
503118,10050,2025-12-13,Home,2,434.24,0.1,4,Net Banking,781.63,North
503119,10660,2025-10-31,Grocery,3,111.16,0.0,2,Card,333.48,South
503120,11253,2025-04-17,Home,1,22.68,0.1,6,UPI,20.41,North
503121,11382,2025-07-24,Beauty,1,176.31,0.0,6,Card,176.31,North
503122,11286,2025-09-19,Beauty,4,13.29,0.05,8,UPI,50.5,West
503123,10830,2025-01-29,Grocery,1,135.01,0.0,9,Net Banking,135.01,South
503124,11376,2025-08-31,Home,2,22.6,0.0,1,UPI,45.2,North
503125,10739,2025-06-17,Grocery,3,104.85,0.05,7,Net Banking,298.82,South
503126,10718,2025-01-13,Beauty,1,40.7,0.05,4,COD,38.66,North
503127,10272,2025-11-13,Home,4,69.12,0.2,6,UPI,221.18,North
503128,11182,2025-04-07,Fashion,3,40.59,0.0,6,Net Banking,121.77,North
503129,10475,2025-11-16,Sports,2,56.86,0.0,6,Net Banking,113.72,South
503130,10293,2025-03-17,Beauty,4,378.27,0.05,7,COD,1437.43,West
503131,10555,2025-07-17,Electronics,3,191.68,0.0,3,Card,575.04,North
503132,10905,2025-05-16,Beauty,3,59.41,0.15,3,Card,151.5,West
503133,10406,2025-11-22,Fashion,1,341.53,0.0,7,UPI,341.53,West
503134,10538,2025-12-14,Electronics,1,256.4,0.15,3,Net Banking,217.94,North
503135,10496,2025-10-09,Electronics,1,112.57,0.1,8,UPI,101.31,East
503136,10895,2025-11-05,Grocery,3,83.65,0.0,3,COD,250.95,West
503137,11072,2025-10-08,Electronics,4,12.39,0.05,4,COD,47.08,East
503138,11014,2025-04-18,Beauty,4,71.31,0.05,4,Net Banking,270.98,West
503139,10212,2025-12-02,Sports,3,20.42,0.05,1,COD,58.2,East
503140,10521,2025-07-13,Home,1,18.72,0.05,1,COD,17.78,West
503141,10973,2025-05-06,Beauty,3,227.68,0.1,6,COD,614.74,North
503142,10325,2025-03-12,Electronics,3,26.82,0.1,1,Card,72.41,West
503143,10105,2025-09-17,Sports,3,85.9,0.05,10,UPI,244.82,West
503144,10483,2025-04-12,Fashion,3,229.46,0.1,4,Net Banking,619.54,East
503145,11019,2025-08-27,Grocery,3,70.3,0.15,2,Card,179.26,North
503146,10996,2025-01-24,Grocery,3,160.23,0.05,5,COD,456.66,South
503147,10195,2025-08-20,Beauty,2,164.59,0.05,1,UPI,312.72,North
503148,11016,2025-08-23,Electronics,1,48.13,0.0,4,Card,48.13,North
503149,10292,2025-07-11,Beauty,1,359.39,0.0,4,Card,359.39,North
503150,11112,2025-08-28,Electronics,4,342.23,0.0,2,Net Banking,1368.92,South
503151,10850,2025-12-29,Fashion,2,40.06,0.05,3,UPI,76.11,West
503152,10190,2025-11-03,Electronics,2,254.85,0.1,8,Card,458.73,South
503153,10526,2025-06-10,Grocery,2,16.77,0.0,5,UPI,33.54,South
503154,11228,2025-11-15,Fashion,1,16.5,0.1,5,Card,14.85,South
503155,10650,2025-12-15,Home,4,77.37,0.0,3,Card,309.48,North
503156,11033,2025-02-28,Grocery,1,114.83,0.0,2,UPI,114.83,South
503157,11123,2025-05-12,Sports,1,56.34,0.0,4,COD,56.34,West
503158,10046,2025-09-29,Beauty,2,148.85,0.05,1,COD,282.82,West
503159,11398,2025-07-07,Electronics,2,32.85,0.0,2,COD,65.7,West
503160,10504,2025-02-19,Beauty,1,251.89,0.0,2,COD,251.89,South
503161,11191,2025-06-22,Fashion,2,302.61,0.1,1,UPI,544.7,South
503162,10701,2025-05-17,Sports,4,13.8,0.05,6,Card,52.44,South
503163,10866,2025-09-27,Home,2,54.88,0.05,4,COD,104.27,West
503164,10541,2025-07-08,Sports,4,29.48,0.0,3,COD,117.92,West
503165,11280,2025-02-21,Home,2,124.56,0.05,6,COD,236.66,East
503166,10177,2025-01-19,Home,1,50.72,0.0,1,Card,50.72,South
503167,11345,2025-04-15,Beauty,1,27.87,0.0,2,COD,27.87,West
503168,10312,2025-02-27,Electronics,4,27.99,0.05,7,COD,106.36,South
503169,11325,2025-11-16,Beauty,2,41.3,0.05,9,Card,78.47,South
503170,10037,2025-04-09,Beauty,4,18.6,0.15,6,UPI,63.24,North
503171,10021,2025-08-20,Home,4,15.27,0.15,5,COD,51.92,West
503172,10140,2025-02-16,Sports,1,124.07,0.0,3,Card,124.07,North
503173,10822,2025-06-11,Home,2,288.95,0.0,3,COD,577.9,East
503174,10400,2025-12-07,Sports,3,86.31,0.15,5,UPI,220.09,South
503175,10897,2025-08-23,Sports,1,320.22,0.0,7,UPI,320.22,South
503176,11230,2025-04-16,Fashion,4,18.39,0.05,5,COD,69.88,North
503177,10041,2025-09-30,Home,1,429.73,0.1,6,UPI,386.76,South
503178,10790,2025-07-02,Sports,4,77.31,0.05,3,Card,293.78,East
503179,11109,2025-03-27,Home,4,159.53,0.0,6,Card,638.12,West
503180,10637,2025-12-30,Home,3,11.36,0.0,3,UPI,34.08,East
503181,11388,2025-12-09,Grocery,4,93.16,0.0,5,Card,372.64,South
503182,10994,2025-07-26,Beauty,4,28.52,0.0,6,UPI,114.08,North
503183,10052,2025-01-13,Sports,3,234.05,0.0,3,UPI,702.15,North
503184,10813,2025-05-31,Electronics,3,149.03,0.1,2,Net Banking,402.38,West
503185,10576,2025-07-07,Fashion,2,198.21,0.05,5,Card,376.6,South
503186,10198,2025-12-06,Grocery,2,214.04,0.0,4,Net Banking,428.08,West
503187,11426,2025-09-25,Sports,4,183.51,0.0,5,Card,734.04,South
503188,10334,2025-03-23,Fashion,1,29.54,0.2,6,COD,23.63,West
503189,10126,2025-07-06,Grocery,2,24.84,0.0,7,UPI,49.68,South
503190,10334,2025-03-07,Home,3,273.02,0.0,6,UPI,819.06,West
503191,11235,2025-06-22,Beauty,2,100.8,0.1,6,UPI,181.44,North
503192,10900,2025-07-15,Electronics,2,210.57,0.0,3,UPI,421.14,South
503193,11230,2025-07-06,Sports,3,146.18,0.0,4,Net Banking,438.54,North
503194,10693,2025-06-05,Sports,2,119.36,0.0,5,Card,238.72,North
503195,10176,2025-06-09,Sports,4,16.57,0.2,4,Card,53.02,North
503196,10582,2025-10-18,Sports,1,314.98,0.1,5,Card,283.48,South
503197,10300,2025-07-04,Electronics,2,30.81,0.05,3,UPI,58.54,East
503198,10835,2025-01-16,Fashion,4,28.26,0.15,8,Net Banking,96.08,West
503199,10405,2025-09-28,Sports,2,20.59,0.1,5,Card,37.06,West
503200,11456,2025-08-14,Home,3,13.6,0.0,5,UPI,40.8,North
503201,10566,2025-09-11,Beauty,3,38.76,0.05,4,Card,110.47,East
503202,10472,2025-09-17,Grocery,2,185.03,0.05,8,UPI,351.56,South
503203,11477,2025-03-05,Beauty,3,250.61,0.05,2,Card,714.24,South
503204,10781,2025-12-21,Sports,1,45.6,0.1,3,Card,41.04,South
503205,10256,2025-12-28,Fashion,3,30.09,0.0,6,Net Banking,90.27,West
503206,10721,2025-02-23,Fashion,1,43.48,0.0,5,Net Banking,43.48,South
503207,10383,2025-03-21,Fashion,3,284.39,0.05,3,UPI,810.51,West
503208,11075,2025-03-31,Fashion,1,9.77,0.0,3,UPI,9.77,West
503209,10861,2025-12-19,Sports,4,11.27,0.2,4,Net Banking,36.06,West
503210,11096,2025-12-07,Grocery,3,14.16,0.05,5,Card,40.36,South
503211,11411,2025-04-07,Home,1,272.82,0.0,8,Card,272.82,West
503212,11094,2025-08-19,Grocery,1,10.24,0.1,6,Card,9.22,South
503213,10511,2025-03-30,Fashion,1,342.28,0.1,7,Card,308.05,North
503214,10303,2025-01-14,Fashion,4,20.35,0.05,4,Card,77.33,South
503215,10795,2025-03-26,Home,3,76.33,0.05,6,Net Banking,217.54,North
503216,10674,2025-01-29,Beauty,2,316.76,0.1,1,Card,570.17,East
503217,10470,2025-11-06,Fashion,2,17.07,0.0,5,UPI,34.14,South
503218,11217,2025-10-14,Beauty,1,26.69,0.1,5,UPI,24.02,South
503219,11365,2025-03-09,Home,1,122.39,0.1,8,Net Banking,110.15,South
503220,10573,2025-07-27,Sports,4,251.06,0.15,8,Card,853.6,South
503221,11022,2025-03-16,Beauty,3,323.38,0.15,4,Card,824.62,West
503222,11477,2025-07-26,Fashion,2,14.07,0.15,3,UPI,23.92,South
503223,10018,2025-11-24,Electronics,1,166.15,0.0,3,Net Banking,166.15,North
503224,10548,2025-11-18,Electronics,2,38.17,0.15,4,Card,64.89,North
503225,11107,2025-11-01,Grocery,2,80.17,0.1,7,Net Banking,144.31,North
503226,10747,2025-03-30,Electronics,1,291.83,0.05,5,UPI,277.24,South
503227,11188,2025-03-11,Sports,3,320.95,0.15,6,UPI,818.42,West
503228,10712,2025-02-28,Grocery,3,18.63,0.15,6,UPI,47.51,East
503229,10097,2025-02-16,Beauty,4,57.49,0.1,3,UPI,206.96,South
503230,10651,2025-08-13,Grocery,2,29.55,0.0,3,Net Banking,59.1,South
503231,10607,2025-08-29,Beauty,2,97.19,0.0,6,Card,194.38,West
503232,11269,2025-11-19,Grocery,4,254.57,0.15,3,COD,865.54,South
503233,10222,2025-02-02,Home,2,31.47,0.2,1,COD,50.35,South
503234,10233,2025-04-07,Beauty,3,15.07,0.0,2,UPI,45.21,West
503235,10213,2025-09-23,Beauty,3,10.93,0.0,7,Card,32.79,North
503236,10852,2025-09-06,Sports,4,14.48,0.1,4,COD,52.13,North
503237,11494,2025-06-06,Electronics,2,36.57,0.0,5,Card,73.14,West
503238,10928,2025-02-25,Sports,3,355.81,0.1,2,UPI,960.69,West
503239,11225,2025-06-26,Electronics,1,28.36,0.2,5,COD,22.69,North
503240,11277,2025-03-04,Home,4,40.23,0.0,4,Card,160.92,North
503241,10901,2025-07-15,Fashion,1,85.32,0.1,5,Net Banking,76.79,South
503242,10914,2025-11-26,Electronics,3,84.48,0.05,4,Card,240.77,West
503243,10365,2025-03-13,Beauty,1,21.37,0.0,6,Card,21.37,East
503244,11441,2025-02-13,Grocery,2,18.07,0.05,3,Card,34.33,North
503245,11182,2025-09-27,Sports,1,16.67,0.1,4,Net Banking,15.0,North
503246,11309,2025-01-09,Electronics,3,28.84,0.1,4,Net Banking,77.87,North
503247,11476,2025-12-25,Fashion,2,14.13,0.05,5,Card,26.85,South
503248,10524,2025-10-10,Fashion,3,60.81,0.15,5,UPI,155.07,East
503249,10216,2025-05-28,Electronics,2,88.82,0.0,4,UPI,177.64,West
503250,11290,2025-05-13,Fashion,1,102.63,0.2,4,UPI,82.1,East
503251,10710,2025-05-22,Fashion,3,287.67,0.1,5,UPI,776.71,South
503252,11438,2025-05-25,Sports,3,22.7,0.05,6,Card,64.69,South
503253,11042,2025-11-03,Home,3,107.68,0.0,4,UPI,323.04,East
503254,10386,2025-10-19,Home,2,217.82,0.0,3,Card,435.64,West
503255,10533,2025-03-16,Sports,3,13.33,0.05,5,Net Banking,37.99,South
503256,10916,2025-03-07,Sports,3,176.65,0.15,6,UPI,450.46,West
503257,10592,2025-07-17,Electronics,1,9.92,0.1,2,COD,8.93,South
503258,10423,2025-08-26,Home,1,85.57,0.0,2,UPI,85.57,North
503259,10315,2025-09-23,Fashion,2,180.2,0.0,3,Card,360.4,South
503260,10975,2025-04-25,Sports,1,62.09,0.05,4,Net Banking,58.99,South
503261,10053,2025-06-26,Home,3,76.09,0.15,1,UPI,194.03,West
503262,10141,2025-02-08,Home,1,81.95,0.1,6,COD,73.76,South
503263,10064,2025-06-16,Sports,1,68.4,0.0,4,UPI,68.4,West
503264,11102,2025-09-08,Sports,1,137.43,0.0,1,UPI,137.43,South
503265,10044,2025-04-22,Grocery,2,255.06,0.0,2,UPI,510.12,South
503266,10630,2025-04-27,Sports,1,16.23,0.05,4,UPI,15.42,West
503267,10182,2025-06-18,Grocery,3,58.59,0.0,1,UPI,175.77,West
503268,10881,2025-11-13,Home,1,206.92,0.0,6,COD,206.92,South
503269,10052,2025-08-09,Home,4,43.58,0.15,5,UPI,148.17,North
503270,10039,2025-12-02,Home,3,46.08,0.05,6,COD,131.33,North
503271,10617,2025-01-23,Electronics,1,166.23,0.2,2,UPI,132.98,West
503272,11044,2025-11-06,Sports,2,406.03,0.1,5,UPI,730.85,East
503273,10165,2025-01-16,Fashion,1,22.44,0.0,3,Card,22.44,East
503274,10744,2025-04-28,Electronics,4,291.93,0.0,4,Card,1167.72,North
503275,11216,2025-06-05,Home,3,157.21,0.05,5,Net Banking,448.05,South
503276,10938,2025-03-28,Home,4,13.26,0.1,4,COD,47.74,North
503277,11126,2025-12-28,Beauty,2,256.91,0.05,6,Card,488.13,East
503278,10474,2025-11-22,Beauty,1,32.3,0.15,5,Net Banking,27.46,North
503279,11414,2025-07-28,Home,1,29.81,0.1,4,UPI,26.83,West
503280,10219,2025-06-15,Grocery,2,84.85,0.05,6,Net Banking,161.21,West
503281,10908,2025-10-06,Home,4,80.54,0.0,7,Card,322.16,North
503282,10654,2025-09-16,Fashion,2,56.24,0.0,5,UPI,112.48,North
503283,10048,2025-06-25,Beauty,4,10.07,0.05,7,Card,38.27,South
503284,11416,2025-10-29,Beauty,2,274.78,0.0,4,Card,549.56,West
503285,11054,2025-03-12,Sports,1,39.56,0.15,4,Card,33.63,North
503286,10342,2025-04-12,Grocery,2,19.48,0.05,5,UPI,37.01,West
503287,10079,2025-01-07,Electronics,1,84.39,0.0,4,UPI,84.39,East
503288,11014,2025-02-13,Beauty,3,81.78,0.1,4,Card,220.81,West
503289,10818,2025-03-14,Electronics,1,20.53,0.1,3,Card,18.48,South
503290,10075,2025-08-17,Beauty,3,383.11,0.0,3,Net Banking,1149.33,North
503291,11480,2025-11-09,Fashion,2,118.17,0.05,5,Net Banking,224.52,South
503292,11078,2025-08-04,Beauty,2,402.52,0.1,7,Card,724.54,South
503293,10694,2025-06-12,Home,3,101.82,0.05,6,Card,290.19,South
503294,10358,2025-04-09,Home,3,9.98,0.0,5,COD,29.94,West
503295,10407,2025-02-07,Home,4,30.23,0.1,7,COD,108.83,South
503296,10678,2025-08-02,Home,2,400.25,0.1,5,COD,720.45,South
503297,10086,2025-02-21,Beauty,4,67.23,0.0,3,COD,268.92,North
503298,10552,2025-10-16,Sports,4,22.37,0.0,4,Card,89.48,North
503299,10327,2025-05-30,Electronics,4,11.28,0.1,4,COD,40.61,West
503300,10170,2025-05-08,Electronics,4,67.67,0.0,3,Card,270.68,West
503301,10189,2025-01-10,Fashion,4,86.7,0.2,6,UPI,277.44,West
503302,10519,2025-03-30,Sports,2,27.52,0.0,6,Card,55.04,North
503303,10574,2025-01-05,Home,3,21.52,0.1,1,UPI,58.1,West
503304,10526,2025-09-22,Home,4,119.95,0.2,4,UPI,383.84,South
503305,11035,2025-06-28,Fashion,2,52.07,0.0,1,Card,104.14,South
503306,10784,2025-10-14,Beauty,4,11.04,0.1,4,Card,39.74,East
503307,10290,2025-07-26,Sports,3,14.18,0.0,4,Net Banking,42.54,North
503308,11459,2025-12-15,Electronics,2,25.65,0.1,8,Net Banking,46.17,West
503309,11096,2025-10-14,Electronics,4,73.78,0.2,7,Card,236.1,South
503310,10706,2025-02-23,Fashion,1,36.53,0.2,6,UPI,29.22,East
503311,10074,2025-02-12,Beauty,3,9.65,0.05,3,UPI,27.5,North
503312,11372,2025-11-21,Sports,4,287.22,0.15,2,Net Banking,976.55,West
503313,11117,2025-04-09,Fashion,1,107.74,0.15,2,Card,91.58,North
503314,10693,2025-10-07,Beauty,2,81.02,0.0,8,UPI,162.04,North
503315,10243,2025-08-18,Electronics,3,25.14,0.15,3,Card,64.11,North
503316,10162,2025-09-14,Electronics,1,132.85,0.0,4,UPI,132.85,West
503317,10435,2025-04-08,Sports,4,344.05,0.2,3,Card,1100.96,North
503318,10346,2025-04-25,Home,3,114.57,0.15,2,COD,292.15,West
503319,10314,2025-07-22,Fashion,2,21.22,0.05,5,COD,40.32,South
503320,10612,2025-01-09,Sports,2,36.82,0.05,5,Card,69.96,East
503321,10070,2025-04-24,Grocery,1,390.6,0.15,1,UPI,332.01,South
503322,10489,2025-07-05,Home,1,11.85,0.0,2,UPI,11.85,East
503323,11307,2025-03-16,Electronics,3,26.76,0.05,5,UPI,76.27,East
503324,11299,2025-04-15,Sports,4,21.56,0.05,4,Card,81.93,West
503325,10013,2025-12-25,Sports,2,89.58,0.05,4,UPI,170.2,East
503326,11018,2025-04-16,Home,1,43.04,0.0,6,Card,43.04,West
503327,11487,2025-11-26,Fashion,3,14.89,0.0,2,UPI,44.67,West
503328,10868,2025-12-05,Home,3,394.38,0.2,3,Card,946.51,West
503329,10586,2025-09-03,Sports,1,84.37,0.15,6,UPI,71.71,East
503330,10737,2025-02-25,Sports,3,27.77,0.15,3,Card,70.81,North
503331,10320,2025-03-17,Home,1,433.79,0.05,5,COD,412.1,West
503332,10596,2025-12-07,Beauty,1,111.86,0.1,2,UPI,100.67,South
503333,11406,2025-01-01,Beauty,2,16.74,0.05,3,Card,31.81,South
503334,10919,2025-07-03,Electronics,3,201.3,0.1,1,Card,543.51,South
503335,10647,2025-08-06,Electronics,3,13.2,0.15,1,Card,33.66,North
503336,10187,2025-11-02,Grocery,3,386.44,0.0,4,Net Banking,1159.32,South
503337,11360,2025-11-23,Beauty,1,36.25,0.2,5,COD,29.0,North
503338,10244,2025-04-14,Electronics,2,25.93,0.15,4,COD,44.08,South
503339,11083,2025-07-03,Electronics,3,11.85,0.05,7,COD,33.77,West
503340,10455,2025-08-20,Beauty,3,335.11,0.2,4,Net Banking,804.26,North
503341,10418,2025-12-19,Grocery,1,75.97,0.15,1,COD,64.57,West
503342,10257,2025-07-23,Beauty,4,113.64,0.0,5,Card,454.56,West
503343,10563,2025-02-14,Grocery,1,256.53,0.0,2,COD,256.53,West
503344,11016,2025-12-04,Beauty,4,65.7,0.1,5,UPI,236.52,North
503345,10625,2025-07-07,Sports,3,29.65,0.1,1,Net Banking,80.05,West
503346,10038,2025-03-07,Sports,1,140.44,0.0,4,UPI,140.44,South
503347,10397,2025-03-11,Electronics,2,65.6,0.05,6,UPI,124.64,West
503348,10241,2025-03-16,Electronics,2,29.07,0.05,6,UPI,55.23,West
503349,10603,2025-09-21,Grocery,4,271.97,0.05,4,COD,1033.49,West
503350,11354,2025-12-13,Grocery,3,268.29,0.0,4,Card,804.87,South
503351,11445,2025-06-11,Electronics,2,21.25,0.0,4,COD,42.5,North
503352,11497,2025-02-05,Fashion,4,92.98,0.15,4,Card,316.13,West
503353,10170,2025-11-21,Grocery,1,399.68,0.0,6,Card,399.68,West
503354,10732,2025-08-20,Grocery,4,174.42,0.1,3,Net Banking,627.91,North
503355,10069,2025-07-28,Home,4,18.48,0.1,3,Card,66.53,North
503356,10744,2025-01-23,Sports,2,177.59,0.2,1,Card,284.14,North
503357,10866,2025-12-21,Fashion,1,12.31,0.2,6,COD,9.85,West
503358,11161,2025-01-29,Grocery,4,81.4,0.15,4,UPI,276.76,North
503359,10505,2025-08-11,Electronics,4,64.86,0.05,2,Card,246.47,South
503360,10055,2025-08-06,Fashion,2,13.15,0.0,6,UPI,26.3,East
503361,10682,2025-07-07,Electronics,1,129.09,0.0,4,Card,129.09,North
503362,10641,2025-07-21,Beauty,2,28.02,0.05,3,COD,53.24,West
503363,10937,2025-05-26,Electronics,1,237.52,0.0,6,UPI,237.52,West
503364,10150,2025-07-29,Beauty,3,218.54,0.0,4,UPI,655.62,North
503365,10920,2025-05-13,Sports,3,67.72,0.0,1,COD,203.16,East
503366,10602,2025-06-22,Fashion,2,121.16,0.05,6,COD,230.2,West
503367,11109,2025-09-05,Home,3,12.59,0.1,3,Card,33.99,West
503368,11476,2025-09-28,Beauty,3,264.0,0.15,10,UPI,673.2,South
503369,10342,2025-02-25,Beauty,1,98.56,0.05,3,UPI,93.63,West
503370,11131,2025-12-29,Sports,2,37.37,0.0,1,UPI,74.74,West
503371,10192,2025-02-05,Home,4,14.75,0.05,8,Card,56.05,South
503372,11478,2025-04-11,Electronics,4,59.91,0.05,4,Card,227.66,West
503373,10722,2025-05-07,Fashion,4,321.39,0.15,5,COD,1092.73,South
503374,11120,2025-04-29,Sports,4,266.75,0.05,5,Card,1013.65,West
503375,11167,2025-05-09,Beauty,1,11.88,0.0,2,UPI,11.88,West
503376,10913,2025-04-28,Home,2,138.36,0.1,1,UPI,249.05,West
503377,10577,2025-06-09,Electronics,2,14.99,0.05,8,COD,28.48,West
503378,11132,2025-10-06,Grocery,3,29.61,0.1,1,Card,79.95,South
503379,10715,2025-10-30,Sports,4,53.76,0.0,8,COD,215.04,West
503380,10989,2025-05-08,Electronics,3,13.86,0.05,5,Card,39.5,South
503381,10920,2025-04-05,Electronics,3,20.77,0.0,5,UPI,62.31,East
503382,10697,2025-09-05,Electronics,1,219.74,0.1,3,Net Banking,197.77,West
503383,10176,2025-01-22,Beauty,3,81.98,0.0,9,UPI,245.94,North
503384,10439,2025-06-12,Sports,4,176.77,0.0,3,UPI,707.08,West
503385,11407,2025-03-22,Electronics,4,81.29,0.1,3,Card,292.64,West
503386,10781,2025-08-10,Sports,3,45.34,0.1,6,COD,122.42,South
503387,10955,2025-01-29,Electronics,1,11.44,0.0,3,Card,11.44,West
503388,10388,2025-10-30,Sports,1,72.15,0.2,2,Card,57.72,West
503389,11059,2025-04-09,Home,3,127.7,0.1,4,Card,344.79,East
503390,10731,2025-07-07,Grocery,4,29.23,0.15,6,COD,99.38,South
503391,10329,2025-07-28,Beauty,4,60.75,0.0,8,COD,243.0,East
503392,10220,2025-06-23,Home,2,46.93,0.1,9,COD,84.47,South
503393,10593,2025-06-13,Home,3,267.48,0.05,1,UPI,762.32,South
503394,10849,2025-04-08,Sports,1,20.89,0.05,6,Card,19.85,North
503395,10421,2025-10-09,Beauty,3,20.3,0.0,2,COD,60.9,East
503396,10368,2025-07-08,Beauty,1,30.9,0.0,3,UPI,30.9,East
503397,10405,2025-03-20,Sports,4,17.03,0.15,3,UPI,57.9,West
503398,10441,2025-04-06,Fashion,4,266.65,0.15,3,Net Banking,906.61,West
503399,11109,2025-06-10,Fashion,1,21.11,0.0,2,COD,21.11,West
503400,10749,2025-11-04,Beauty,4,35.53,0.0,1,Net Banking,142.12,West
503401,10704,2025-12-17,Electronics,4,26.21,0.0,7,Card,104.84,West
503402,10244,2025-05-22,Electronics,2,188.16,0.1,6,UPI,338.69,South
503403,10817,2025-05-25,Electronics,2,113.18,0.0,4,UPI,226.36,West
503404,11444,2025-02-17,Fashion,1,50.69,0.1,2,COD,45.62,North
503405,11119,2025-07-19,Fashion,4,150.75,0.0,7,COD,603.0,South
503406,10671,2025-03-29,Sports,1,12.74,0.1,4,Card,11.47,North
503407,10461,2025-10-27,Grocery,4,86.06,0.15,3,Card,292.6,East
503408,10529,2025-07-15,Home,3,31.15,0.0,1,COD,93.45,West
503409,10041,2025-03-22,Grocery,4,30.85,0.15,5,UPI,104.89,South
503410,10044,2025-12-01,Grocery,2,22.11,0.15,4,UPI,37.59,South
503411,11165,2025-10-25,Fashion,4,13.78,0.05,5,Net Banking,52.36,North
503412,11265,2025-04-20,Fashion,2,103.81,0.0,5,Card,207.62,East
503413,11453,2025-02-13,Home,2,241.29,0.1,6,COD,434.32,West
503414,10939,2025-04-07,Home,2,382.37,0.0,5,Net Banking,764.74,West
503415,11394,2025-05-18,Electronics,4,22.95,0.15,4,COD,78.03,North
503416,10625,2025-05-29,Fashion,2,125.85,0.05,6,Card,239.11,West
503417,10382,2025-10-28,Beauty,2,18.9,0.1,6,Card,34.02,West
503418,10369,2025-12-20,Home,3,137.76,0.1,7,Card,371.95,South
503419,10355,2025-09-30,Electronics,3,83.51,0.0,2,Net Banking,250.53,South
503420,11118,2025-11-05,Electronics,3,199.37,0.05,7,UPI,568.2,West
503421,10015,2025-02-15,Fashion,2,12.69,0.15,1,COD,21.57,South
503422,11419,2025-02-24,Sports,1,148.36,0.05,6,COD,140.94,West
503423,11163,2025-11-28,Fashion,4,56.72,0.0,3,UPI,226.88,West
503424,10572,2025-08-13,Electronics,2,85.95,0.2,6,COD,137.52,West
503425,11053,2025-03-28,Electronics,4,68.96,0.0,7,UPI,275.84,South
503426,10203,2025-10-17,Electronics,2,122.99,0.15,5,UPI,209.08,South
503427,10648,2025-03-05,Sports,3,76.84,0.0,4,UPI,230.52,South
503428,10164,2025-10-08,Sports,3,42.91,0.1,4,Card,115.86,North
503429,10169,2025-11-19,Home,4,42.35,0.1,4,UPI,152.46,South
503430,10010,2025-06-28,Electronics,1,13.17,0.0,7,Card,13.17,South
503431,11194,2025-08-28,Home,3,126.94,0.0,4,UPI,380.82,West
503432,11116,2025-09-25,Sports,1,128.69,0.0,1,UPI,128.69,North
503433,11340,2025-11-18,Electronics,4,69.83,0.1,6,UPI,251.39,South
503434,11473,2025-08-02,Sports,3,150.53,0.05,6,COD,429.01,North
503435,11448,2025-04-18,Beauty,4,30.28,0.0,5,UPI,121.12,South
503436,11490,2025-03-15,Electronics,2,23.11,0.1,3,COD,41.6,South
503437,10024,2025-05-10,Grocery,1,343.15,0.2,2,COD,274.52,West
503438,11177,2025-01-21,Fashion,3,391.43,0.0,3,COD,1174.29,South
503439,11085,2025-09-13,Sports,1,257.87,0.1,5,Card,232.08,West
503440,10244,2025-05-15,Electronics,2,11.49,0.15,1,COD,19.53,South
503441,10206,2025-09-17,Beauty,2,75.88,0.05,5,Card,144.17,North
503442,11467,2025-01-23,Fashion,1,162.13,0.2,5,Card,129.7,South
503443,11324,2025-04-28,Fashion,1,11.24,0.1,7,UPI,10.12,West
503444,10492,2025-05-25,Electronics,3,298.68,0.1,6,Net Banking,806.44,East
503445,10113,2025-02-01,Fashion,4,166.07,0.1,3,COD,597.85,South
503446,10501,2025-10-30,Grocery,2,32.22,0.0,1,Card,64.44,West
503447,10008,2025-08-07,Sports,2,66.03,0.1,3,Card,118.85,West
503448,11032,2025-11-05,Home,1,370.15,0.1,7,Card,333.14,East
503449,10571,2025-10-20,Grocery,3,191.92,0.0,5,UPI,575.76,South
503450,10074,2025-01-13,Sports,4,199.91,0.05,6,UPI,759.66,North
503451,11470,2025-11-12,Electronics,3,350.26,0.1,3,UPI,945.7,North
503452,11239,2025-01-26,Electronics,2,179.3,0.0,5,COD,358.6,North
503453,11358,2025-11-14,Grocery,3,401.63,0.05,1,Card,1144.65,South
503454,11496,2025-09-02,Home,4,330.02,0.0,6,Card,1320.08,East
503455,10022,2025-10-27,Electronics,4,11.23,0.0,2,UPI,44.92,South
503456,11163,2025-07-02,Beauty,1,124.43,0.05,1,COD,118.21,West
503457,11182,2025-02-28,Fashion,2,38.29,0.0,9,COD,76.58,North
503458,11173,2025-02-24,Fashion,4,55.42,0.05,5,COD,210.6,South
503459,10398,2025-02-13,Fashion,3,14.85,0.0,5,Card,44.55,South
503460,10586,2025-10-22,Grocery,4,84.72,0.15,1,Card,288.05,East
503461,11394,2025-07-14,Sports,4,205.15,0.15,6,Card,697.51,North
503462,10099,2025-03-21,Electronics,1,58.95,0.0,6,UPI,58.95,North
503463,10962,2025-02-15,Electronics,3,120.98,0.0,4,UPI,362.94,South
503464,11190,2025-01-29,Electronics,3,31.01,0.0,6,Card,93.03,East
503465,11198,2025-04-05,Beauty,2,168.21,0.0,7,Card,336.42,East
503466,10896,2025-10-01,Beauty,3,14.32,0.1,6,Card,38.66,West
503467,11151,2025-11-22,Grocery,1,263.01,0.1,1,UPI,236.71,North
503468,11365,2025-08-10,Beauty,2,35.23,0.05,2,Card,66.94,South
503469,11149,2025-12-30,Electronics,2,64.15,0.15,8,Card,109.06,South
503470,10174,2025-05-24,Grocery,2,270.67,0.15,5,Card,460.14,West
503471,10367,2025-05-02,Home,3,11.09,0.05,5,COD,31.61,West
503472,10458,2025-09-10,Grocery,4,319.8,0.1,3,UPI,1151.28,South
503473,10515,2025-02-19,Sports,4,89.26,0.05,3,Card,339.19,South
503474,10541,2025-11-29,Grocery,3,363.87,0.1,7,Card,982.45,West
503475,10330,2025-10-12,Sports,2,59.38,0.0,7,COD,118.76,South
503476,11025,2025-01-13,Electronics,4,26.42,0.0,6,COD,105.68,East
503477,10166,2025-03-10,Fashion,4,85.73,0.0,6,Card,342.92,South
503478,11182,2025-08-18,Beauty,4,71.91,0.0,6,COD,287.64,North
503479,10988,2025-09-27,Fashion,4,432.04,0.05,4,UPI,1641.75,North
503480,11442,2025-03-21,Sports,4,84.53,0.1,2,Net Banking,304.31,North
503481,10010,2025-09-30,Fashion,4,57.83,0.05,2,COD,219.75,South
503482,10444,2025-06-23,Home,3,19.33,0.2,7,UPI,46.39,North
503483,11348,2025-09-04,Grocery,3,41.87,0.0,4,Card,125.61,South
503484,10741,2025-06-04,Fashion,3,73.48,0.15,5,Card,187.37,North
503485,10842,2025-06-15,Grocery,2,31.26,0.0,5,Net Banking,62.52,West
503486,10044,2025-05-23,Home,4,42.57,0.0,5,UPI,170.28,South
503487,11144,2025-02-27,Grocery,3,12.31,0.0,5,Card,36.93,West
503488,10380,2025-03-11,Home,3,422.97,0.0,6,Card,1268.91,West
503489,11445,2025-03-03,Beauty,3,214.92,0.0,3,UPI,644.76,North
503490,10562,2025-10-20,Grocery,1,23.78,0.1,7,COD,21.4,South
503491,10283,2025-06-04,Beauty,4,20.6,0.0,3,COD,82.4,North
503492,10891,2025-05-19,Home,3,238.81,0.0,5,Card,716.43,South
503493,10717,2025-11-09,Grocery,4,219.53,0.0,2,Net Banking,878.12,East
503494,10707,2025-11-20,Grocery,1,262.98,0.1,4,Net Banking,236.68,West
503495,11425,2025-03-27,Home,1,72.27,0.05,3,COD,68.66,South
503496,10547,2025-05-10,Home,4,120.86,0.0,5,UPI,483.44,South
503497,10597,2025-05-31,Home,3,166.79,0.0,6,Net Banking,500.37,East
503498,10937,2025-11-03,Electronics,3,20.71,0.1,5,UPI,55.92,West
503499,10256,2025-09-03,Fashion,2,71.15,0.1,8,Card,128.07,West
503500,11243,2025-07-18,Home,3,22.16,0.05,6,Net Banking,63.16,South
503501,10345,2025-03-27,Grocery,3,136.33,0.05,4,UPI,388.54,West
503502,10363,2025-05-21,Home,1,434.32,0.0,4,UPI,434.32,North
503503,10017,2025-01-11,Fashion,3,10.21,0.05,5,COD,29.1,East
503504,10515,2025-09-14,Fashion,3,13.69,0.1,6,UPI,36.96,South
503505,10875,2025-12-02,Fashion,2,27.17,0.1,2,UPI,48.91,East
503506,11058,2025-10-15,Electronics,2,15.98,0.0,6,UPI,31.96,North
503507,11348,2025-04-23,Beauty,4,14.65,0.1,2,COD,52.74,South
503508,11167,2025-06-26,Fashion,3,311.72,0.05,6,Card,888.4,West
503509,10482,2025-12-16,Beauty,2,72.24,0.1,7,Card,130.03,North
503510,11239,2025-06-05,Grocery,3,173.36,0.1,5,Net Banking,468.07,North
503511,10292,2025-11-03,Fashion,1,80.05,0.1,1,COD,72.04,North
503512,10314,2025-07-30,Beauty,2,141.58,0.0,1,Card,283.16,South
503513,10538,2025-07-02,Electronics,3,117.77,0.0,6,UPI,353.31,North
503514,10809,2025-08-02,Home,2,22.19,0.0,1,COD,44.38,South
503515,10305,2025-03-23,Beauty,1,18.24,0.05,6,UPI,17.33,West
503516,11351,2025-06-05,Beauty,3,54.68,0.05,6,Net Banking,155.84,West
503517,10406,2025-04-22,Grocery,4,33.74,0.1,7,UPI,121.46,West
503518,10588,2025-10-04,Sports,2,211.05,0.1,4,COD,379.89,South
503519,10908,2025-08-12,Electronics,4,35.4,0.1,5,Net Banking,127.44,North
503520,10645,2025-05-26,Fashion,4,31.1,0.1,5,UPI,111.96,East
503521,10606,2025-10-28,Beauty,3,77.72,0.0,2,UPI,233.16,West
503522,11478,2025-06-15,Electronics,4,15.74,0.0,6,UPI,62.96,West
503523,10654,2025-12-14,Fashion,2,176.51,0.0,7,UPI,353.02,North
503524,10170,2025-08-09,Fashion,4,11.97,0.1,6,Card,43.09,West
503525,11096,2025-11-20,Electronics,1,183.57,0.0,3,UPI,183.57,South
503526,11059,2025-12-27,Beauty,2,105.31,0.0,6,UPI,210.62,East
503527,10329,2025-04-30,Sports,3,227.52,0.0,7,Card,682.56,East
503528,11276,2025-04-06,Home,1,21.54,0.1,7,UPI,19.39,South
503529,10588,2025-11-02,Beauty,4,318.74,0.15,7,COD,1083.72,South
503530,10227,2025-03-26,Electronics,4,178.42,0.15,1,UPI,606.63,North
503531,10259,2025-10-02,Home,1,53.36,0.0,5,UPI,53.36,North
503532,11072,2025-03-06,Grocery,4,23.29,0.05,6,UPI,88.5,East
503533,10325,2025-11-14,Fashion,1,20.18,0.0,7,UPI,20.18,West
503534,10705,2025-09-09,Home,1,19.5,0.1,6,UPI,17.55,South
503535,11102,2025-07-10,Beauty,4,67.77,0.05,8,UPI,257.53,South
503536,11280,2025-06-13,Home,3,283.42,0.0,1,UPI,850.26,East
503537,10735,2025-08-21,Beauty,4,66.09,0.05,6,Card,251.14,North
503538,11362,2025-05-22,Electronics,2,331.17,0.05,5,Card,629.22,South
503539,10454,2025-05-26,Fashion,3,142.46,0.15,6,Card,363.27,North
503540,11309,2025-03-16,Fashion,1,122.9,0.0,8,Net Banking,122.9,North
503541,10376,2025-02-27,Fashion,3,131.11,0.15,3,COD,334.33,North
503542,10097,2025-11-22,Beauty,4,322.53,0.0,8,UPI,1290.12,South
503543,11089,2025-10-01,Home,3,258.41,0.0,6,Card,775.23,South
503544,11136,2025-06-11,Home,4,21.89,0.1,4,COD,78.8,South
503545,11390,2025-10-31,Home,2,70.75,0.05,3,Card,134.42,North
503546,11383,2025-08-10,Beauty,4,52.15,0.15,5,UPI,177.31,South
503547,10154,2025-08-07,Beauty,3,181.23,0.05,5,COD,516.51,East
503548,10933,2025-02-11,Sports,1,29.09,0.05,5,UPI,27.64,South
503549,11057,2025-07-16,Electronics,2,234.86,0.0,3,UPI,469.72,West
503550,10902,2025-02-09,Home,2,50.78,0.15,6,COD,86.33,South
503551,10029,2025-09-07,Grocery,1,327.66,0.1,4,Net Banking,294.89,North
503552,10068,2025-01-25,Grocery,4,149.95,0.1,7,Net Banking,539.82,South
503553,11006,2025-07-07,Grocery,1,39.58,0.1,8,Net Banking,35.62,South
503554,11285,2025-05-15,Home,3,184.0,0.0,3,Card,552.0,West
503555,10269,2025-02-17,Electronics,4,18.51,0.15,5,Card,62.93,North
503556,10070,2025-06-22,Home,2,9.79,0.05,6,UPI,18.6,South
503557,10607,2025-03-15,Electronics,3,80.33,0.15,5,Card,204.84,West
503558,10471,2025-03-31,Grocery,3,31.32,0.1,2,COD,84.56,South
503559,11475,2025-11-21,Grocery,4,21.72,0.05,6,UPI,82.54,South
503560,11389,2025-05-08,Sports,1,354.98,0.1,3,UPI,319.48,West
503561,10838,2025-05-28,Sports,2,12.07,0.1,5,Net Banking,21.73,West
503562,11425,2025-01-03,Beauty,3,67.35,0.0,3,UPI,202.05,South
503563,10344,2025-04-20,Beauty,1,25.81,0.1,6,UPI,23.23,East
503564,11488,2025-05-09,Grocery,4,23.8,0.05,4,Net Banking,90.44,South
503565,10671,2025-09-20,Sports,3,24.05,0.15,6,UPI,61.33,North
503566,10715,2025-02-13,Fashion,1,31.08,0.15,4,COD,26.42,West
503567,10076,2025-12-06,Grocery,1,95.53,0.0,4,UPI,95.53,South
503568,10267,2025-02-16,Beauty,1,40.78,0.0,5,UPI,40.78,South
503569,10292,2025-08-27,Beauty,3,136.58,0.0,2,UPI,409.74,North
503570,10732,2025-01-02,Grocery,3,58.48,0.1,8,UPI,157.9,North
503571,10285,2025-10-27,Beauty,2,178.14,0.15,5,Card,302.84,East
503572,10154,2025-09-12,Sports,3,54.99,0.1,3,COD,148.47,East
503573,10908,2025-11-02,Beauty,2,28.48,0.15,4,Card,48.42,North
503574,11309,2025-12-06,Home,2,73.67,0.1,5,Card,132.61,North
503575,10105,2025-11-01,Home,1,117.49,0.05,6,UPI,111.62,West
503576,10841,2025-08-15,Fashion,1,48.23,0.2,3,COD,38.58,North
503577,11441,2025-11-03,Beauty,3,324.54,0.0,4,UPI,973.62,North
503578,10607,2025-02-05,Beauty,3,66.12,0.05,4,UPI,188.44,West
503579,10275,2025-08-24,Sports,1,24.76,0.0,8,Net Banking,24.76,East
503580,10120,2025-12-28,Electronics,1,9.98,0.0,6,Net Banking,9.98,East
503581,11405,2025-05-18,Electronics,2,31.74,0.1,8,UPI,57.13,North
503582,10608,2025-12-23,Grocery,3,13.09,0.0,5,UPI,39.27,North
503583,10158,2025-07-04,Fashion,3,12.15,0.05,7,Card,34.63,East
503584,11300,2025-06-20,Fashion,3,31.9,0.0,7,Card,95.7,South
503585,11204,2025-04-20,Electronics,1,30.47,0.05,6,Net Banking,28.95,East
503586,11056,2025-02-09,Fashion,2,205.26,0.0,6,Card,410.52,East
503587,10127,2025-11-16,Beauty,4,128.73,0.15,3,UPI,437.68,South
503588,10124,2025-09-21,Fashion,3,133.46,0.05,8,Card,380.36,South
503589,10329,2025-05-27,Electronics,4,65.34,0.1,4,UPI,235.22,East
503590,10240,2025-12-17,Fashion,3,18.63,0.05,6,Card,53.1,North
503591,10798,2025-03-09,Fashion,4,182.57,0.0,6,Card,730.28,North
503592,10589,2025-10-12,Home,3,59.24,0.1,2,Net Banking,159.95,North
503593,11148,2025-06-15,Electronics,3,59.74,0.0,4,UPI,179.22,West
503594,10153,2025-08-16,Grocery,3,94.33,0.05,5,Card,268.84,North
503595,11092,2025-01-14,Sports,2,20.68,0.05,4,UPI,39.29,East
503596,11402,2025-08-11,Fashion,2,53.49,0.1,4,COD,96.28,North
503597,10196,2025-09-05,Sports,1,118.04,0.15,7,UPI,100.33,North
503598,10979,2025-12-23,Sports,2,92.46,0.0,3,UPI,184.92,South
503599,10764,2025-05-07,Electronics,1,75.22,0.1,2,UPI,67.7,North
503600,10143,2025-01-27,Beauty,2,291.45,0.05,3,COD,553.76,West
503601,10440,2025-01-23,Grocery,4,281.49,0.1,6,UPI,1013.36,East
503602,11183,2025-02-24,Home,2,14.32,0.15,6,Card,24.34,North
503603,11304,2025-04-20,Grocery,3,11.19,0.05,6,UPI,31.89,South
503604,10553,2025-10-31,Electronics,2,70.03,0.0,6,COD,140.06,North
503605,10160,2025-03-13,Home,4,198.95,0.1,5,Net Banking,716.22,West
503606,10368,2025-02-22,Beauty,1,83.62,0.05,3,UPI,79.44,East
503607,11266,2025-01-12,Fashion,4,24.33,0.15,3,Card,82.72,West
503608,10855,2025-05-20,Home,3,61.64,0.1,2,UPI,166.43,North
503609,10646,2025-08-09,Home,4,375.76,0.15,4,Card,1277.58,West
503610,10021,2025-04-13,Fashion,1,16.06,0.0,6,UPI,16.06,West
503611,11175,2025-06-30,Home,4,45.87,0.1,5,UPI,165.13,South
503612,10699,2025-03-30,Grocery,4,110.28,0.0,5,COD,441.12,East
503613,10818,2025-10-20,Grocery,2,43.11,0.1,2,UPI,77.6,South
503614,11266,2025-01-10,Home,3,13.68,0.15,10,UPI,34.88,West
503615,10844,2025-03-15,Fashion,3,85.59,0.1,3,UPI,231.09,South
503616,11393,2025-07-26,Home,1,141.1,0.1,5,Card,126.99,North
503617,10840,2025-11-04,Beauty,3,115.84,0.0,7,Net Banking,347.52,South
503618,10514,2025-05-27,Sports,3,92.38,0.0,5,COD,277.14,South
503619,11385,2025-01-26,Home,1,113.3,0.1,3,COD,101.97,West
503620,10964,2025-07-21,Electronics,2,35.43,0.05,6,Net Banking,67.32,North
503621,11141,2025-04-09,Home,3,14.38,0.0,2,Card,43.14,South
503622,10341,2025-04-22,Grocery,4,336.57,0.1,8,Card,1211.65,North
503623,11007,2025-12-03,Home,1,30.51,0.1,5,Card,27.46,West
503624,10841,2025-12-10,Beauty,4,216.34,0.0,4,Net Banking,865.36,North
503625,10158,2025-04-05,Fashion,4,78.88,0.0,2,UPI,315.52,East
503626,10382,2025-08-04,Electronics,4,62.15,0.05,2,Card,236.17,West
503627,11368,2025-07-17,Home,1,12.47,0.1,4,COD,11.22,North
503628,10858,2025-12-17,Home,3,328.85,0.15,8,UPI,838.57,West
503629,11162,2025-12-12,Grocery,2,56.4,0.05,5,COD,107.16,East
503630,10258,2025-05-08,Grocery,4,219.29,0.0,5,COD,877.16,North
503631,10327,2025-01-10,Sports,3,131.64,0.15,5,Card,335.68,West
503632,11412,2025-01-01,Home,3,22.16,0.0,9,COD,66.48,West
503633,10631,2025-01-02,Fashion,1,407.35,0.1,4,UPI,366.62,West
503634,11331,2025-10-13,Fashion,4,79.3,0.05,8,Net Banking,301.34,West
503635,11213,2025-09-28,Grocery,2,18.07,0.15,4,UPI,30.72,East
503636,10506,2025-10-29,Electronics,1,64.16,0.1,3,UPI,57.74,West
503637,11425,2025-02-20,Sports,4,94.6,0.0,4,Card,378.4,South
503638,11165,2025-01-22,Home,4,89.2,0.05,4,COD,338.96,North
503639,10192,2025-03-04,Fashion,2,36.69,0.0,6,COD,73.38,South
503640,10144,2025-08-17,Grocery,3,407.78,0.0,1,Card,1223.34,East
503641,10190,2025-01-04,Electronics,3,22.11,0.05,5,COD,63.01,South
503642,11111,2025-08-30,Electronics,2,40.1,0.05,3,Card,76.19,North
503643,10215,2025-11-21,Sports,3,188.44,0.1,3,COD,508.79,East
503644,10424,2025-02-23,Electronics,4,12.09,0.0,2,UPI,48.36,North
503645,10652,2025-09-27,Sports,4,40.42,0.05,4,Net Banking,153.6,West
503646,10204,2025-07-21,Fashion,3,49.07,0.15,3,Net Banking,125.13,North
503647,10496,2025-12-11,Beauty,2,127.5,0.05,4,Net Banking,242.25,East
503648,11018,2025-03-30,Grocery,4,127.27,0.05,1,UPI,483.63,West
503649,11459,2025-03-24,Grocery,4,168.1,0.1,5,Net Banking,605.16,West
503650,10705,2025-01-07,Home,1,43.74,0.1,3,UPI,39.37,South
503651,11121,2025-09-15,Electronics,2,44.38,0.05,1,UPI,84.32,East
503652,10796,2025-11-13,Electronics,3,10.84,0.2,3,Card,26.02,South
503653,10700,2025-01-07,Electronics,3,205.35,0.0,3,Net Banking,616.05,South
503654,10781,2025-06-29,Grocery,3,40.37,0.0,5,Net Banking,121.11,South
503655,11438,2025-09-22,Fashion,3,51.38,0.05,3,Card,146.43,South
503656,10090,2025-10-13,Sports,1,105.68,0.0,2,COD,105.68,South
503657,10771,2025-12-06,Home,1,156.89,0.0,3,Card,156.89,South
503658,10078,2025-09-21,Grocery,4,14.66,0.0,1,UPI,58.64,East
503659,11313,2025-12-02,Sports,3,122.35,0.1,7,Card,330.34,East
503660,10902,2025-12-29,Sports,3,30.49,0.05,7,UPI,86.9,South
503661,10071,2025-12-05,Beauty,2,48.6,0.15,7,Card,82.62,North
503662,10936,2025-06-09,Sports,2,18.35,0.0,3,UPI,36.7,North
503663,10654,2025-05-29,Fashion,2,127.69,0.1,7,UPI,229.84,North
503664,10071,2025-06-06,Beauty,3,60.1,0.0,5,Card,180.3,North
503665,11468,2025-12-14,Fashion,3,19.89,0.0,3,Card,59.67,North
503666,10568,2025-04-13,Home,1,21.95,0.1,3,COD,19.76,North
503667,10036,2025-10-02,Grocery,2,183.5,0.0,4,COD,367.0,North
503668,10920,2025-08-17,Sports,4,18.55,0.1,5,UPI,66.78,East
503669,10563,2025-01-23,Sports,3,82.87,0.1,5,COD,223.75,West
503670,10986,2025-06-27,Sports,4,113.15,0.1,4,UPI,407.34,West
503671,10244,2025-03-13,Beauty,3,336.78,0.1,4,COD,909.31,South
503672,11243,2025-09-23,Grocery,2,19.72,0.15,7,Card,33.52,South
503673,10631,2025-06-13,Home,4,30.72,0.0,4,UPI,122.88,West
503674,10632,2025-05-11,Fashion,3,20.59,0.15,4,Card,52.5,West
503675,11206,2025-01-24,Electronics,1,246.23,0.0,4,Net Banking,246.23,North
503676,10823,2025-02-17,Home,2,62.99,0.05,4,UPI,119.68,South
503677,10003,2025-10-06,Fashion,3,410.9,0.15,2,Net Banking,1047.79,West
503678,10868,2025-11-11,Beauty,2,11.7,0.0,2,Card,23.4,West
503679,10969,2025-04-17,Grocery,2,162.13,0.15,9,UPI,275.62,East
503680,10469,2025-10-30,Fashion,4,13.26,0.1,1,COD,47.74,North
503681,10272,2025-07-21,Beauty,2,18.57,0.15,5,COD,31.57,North
503682,10081,2025-05-09,Beauty,2,43.73,0.0,5,Card,87.46,East
503683,11270,2025-06-14,Fashion,1,38.98,0.1,7,UPI,35.08,South
503684,10007,2025-09-09,Sports,2,31.89,0.0,5,COD,63.78,West
503685,10876,2025-11-28,Home,4,11.03,0.0,8,COD,44.12,West
503686,11255,2025-06-29,Fashion,2,59.99,0.1,5,COD,107.98,North
503687,10529,2025-05-07,Fashion,2,37.76,0.1,7,COD,67.97,West
503688,10301,2025-10-05,Electronics,3,298.49,0.1,7,Card,805.92,West
503689,11073,2025-07-11,Grocery,4,143.3,0.1,8,Card,515.88,South
503690,10946,2025-05-23,Fashion,4,60.01,0.1,5,Card,216.04,South
503691,10023,2025-06-17,Home,2,150.58,0.05,5,UPI,286.1,West
503692,10866,2025-07-15,Fashion,1,84.18,0.0,4,Card,84.18,West
503693,10001,2025-02-21,Sports,3,51.09,0.1,5,UPI,137.94,West
503694,10600,2025-01-22,Grocery,2,308.17,0.1,5,COD,554.71,East
503695,10457,2025-08-31,Electronics,2,79.91,0.0,1,UPI,159.82,West
503696,11251,2025-03-05,Beauty,1,47.95,0.05,4,COD,45.55,North
503697,11466,2025-07-14,Home,4,86.44,0.0,6,UPI,345.76,East
503698,11048,2025-10-13,Fashion,1,137.69,0.1,2,Net Banking,123.92,West
503699,11102,2025-03-20,Fashion,2,175.49,0.0,3,Card,350.98,South
503700,10035,2025-05-20,Beauty,2,71.56,0.1,7,Card,128.81,South
503701,10096,2025-12-24,Grocery,1,21.22,0.1,7,UPI,19.1,East
503702,11166,2025-01-13,Fashion,4,88.24,0.2,3,Card,282.37,West
503703,10643,2025-10-03,Beauty,3,54.26,0.05,5,UPI,154.64,North
503704,10761,2025-03-03,Electronics,3,297.83,0.15,4,COD,759.47,East
503705,11038,2025-11-27,Home,1,406.87,0.1,7,COD,366.18,South
503706,10521,2025-05-31,Grocery,1,10.87,0.0,3,COD,10.87,West
503707,11023,2025-01-03,Beauty,1,347.34,0.05,4,UPI,329.97,West
503708,11091,2025-09-20,Grocery,3,383.32,0.05,7,UPI,1092.46,South
503709,10361,2025-02-23,Fashion,3,355.32,0.0,2,Card,1065.96,West
503710,11030,2025-05-13,Fashion,4,57.53,0.05,4,Card,218.61,South
503711,10255,2025-07-03,Beauty,4,27.74,0.0,5,Card,110.96,North
503712,10466,2025-09-29,Fashion,2,85.87,0.15,8,Card,145.98,East
503713,11171,2025-06-02,Electronics,1,252.57,0.05,2,Card,239.94,South
503714,11475,2025-11-10,Electronics,1,49.53,0.0,3,Card,49.53,South
503715,10097,2025-06-25,Beauty,4,374.15,0.1,6,Card,1346.94,South
503716,10974,2025-05-05,Fashion,4,22.44,0.15,6,COD,76.3,West
503717,10855,2025-05-04,Fashion,3,217.89,0.15,5,UPI,555.62,North
503718,10909,2025-10-20,Beauty,1,14.01,0.15,4,UPI,11.91,South
503719,11181,2025-08-31,Home,4,267.7,0.15,5,UPI,910.18,West
503720,10105,2025-02-16,Sports,4,427.84,0.0,1,UPI,1711.36,West
503721,11109,2025-10-01,Fashion,1,167.26,0.05,5,Card,158.9,West
503722,10419,2025-06-01,Electronics,4,83.55,0.05,7,COD,317.49,North
503723,10232,2025-05-08,Beauty,3,49.96,0.15,2,COD,127.4,South
503724,10671,2025-02-05,Sports,4,195.11,0.0,3,Net Banking,780.44,North
503725,10041,2025-12-31,Sports,3,20.05,0.1,4,UPI,54.14,South
503726,10946,2025-01-20,Home,1,21.82,0.0,4,UPI,21.82,South
503727,10848,2025-12-30,Grocery,3,22.32,0.15,8,UPI,56.92,East
503728,10770,2025-01-24,Fashion,1,22.19,0.0,3,Card,22.19,East
503729,10046,2025-07-04,Beauty,2,57.66,0.15,2,Card,98.02,West
503730,11145,2025-02-08,Fashion,4,41.29,0.15,6,UPI,140.39,South
503731,10053,2025-06-29,Grocery,4,44.55,0.0,3,UPI,178.2,West
503732,10394,2025-11-02,Home,2,20.27,0.1,6,Net Banking,36.49,East
503733,10594,2025-08-04,Electronics,2,36.63,0.0,4,UPI,73.26,East
503734,11054,2025-07-18,Beauty,2,61.81,0.05,5,UPI,117.44,North
503735,10612,2025-02-13,Electronics,1,23.01,0.0,1,Card,23.01,East
503736,11225,2025-12-12,Grocery,3,344.37,0.1,5,Card,929.8,North
503737,11402,2025-05-18,Grocery,2,199.48,0.0,5,COD,398.96,North
503738,11148,2025-07-16,Fashion,1,231.24,0.1,4,Card,208.12,West
503739,10059,2025-11-24,Grocery,3,11.34,0.1,2,COD,30.62,North
503740,11157,2025-08-18,Electronics,3,53.31,0.05,5,COD,151.93,North
503741,10310,2025-09-26,Fashion,3,152.27,0.0,6,Card,456.81,North
503742,11333,2025-03-09,Beauty,4,42.63,0.0,3,COD,170.52,South
503743,11468,2025-06-17,Home,3,27.54,0.0,3,Card,82.62,North
503744,10127,2025-07-17,Home,3,110.72,0.2,6,COD,265.73,South
503745,10148,2025-03-06,Fashion,1,12.23,0.05,8,Card,11.62,South
503746,11046,2025-05-21,Fashion,2,93.64,0.1,6,UPI,168.55,South
503747,10215,2025-10-31,Electronics,2,47.06,0.15,5,Card,80.0,East
503748,11454,2025-12-06,Fashion,4,102.68,0.0,4,Net Banking,410.72,West
503749,10811,2025-10-28,Grocery,2,88.64,0.1,4,Net Banking,159.55,North
503750,10861,2025-12-07,Electronics,3,60.17,0.15,2,UPI,153.43,West
503751,11291,2025-12-31,Grocery,3,67.73,0.1,4,Card,182.87,South
503752,10326,2025-03-14,Fashion,1,10.3,0.0,7,COD,10.3,East
503753,10834,2025-11-09,Beauty,4,316.34,0.1,5,Card,1138.82,East
503754,11499,2025-08-15,Sports,3,12.49,0.15,3,Card,31.85,South
503755,10034,2025-11-10,Fashion,1,404.44,0.1,3,Net Banking,364.0,South
503756,10263,2025-08-21,Sports,1,315.4,0.1,4,Card,283.86,South
503757,10220,2025-02-15,Electronics,4,173.44,0.1,2,UPI,624.38,South
503758,10504,2025-07-25,Electronics,2,121.05,0.1,3,UPI,217.89,South
503759,10195,2025-10-05,Fashion,1,14.98,0.0,8,Card,14.98,North
503760,10259,2025-02-15,Home,3,361.42,0.15,2,Card,921.62,North
503761,11280,2025-07-04,Home,1,70.99,0.0,3,Net Banking,70.99,East
503762,10697,2025-08-27,Beauty,1,38.25,0.15,5,COD,32.51,West
503763,10538,2025-06-19,Sports,4,101.38,0.05,4,UPI,385.24,North
503764,10629,2025-10-19,Home,1,68.85,0.1,5,COD,61.96,East
503765,11456,2025-02-16,Grocery,4,33.84,0.15,6,UPI,115.06,North
503766,10737,2025-05-07,Beauty,3,43.4,0.1,1,UPI,117.18,North
503767,10704,2025-12-14,Electronics,2,21.38,0.0,6,Card,42.76,West
503768,11392,2025-07-07,Electronics,2,359.13,0.1,3,Card,646.43,West
503769,10056,2025-03-08,Grocery,2,117.64,0.0,4,UPI,235.28,West
503770,10718,2025-02-12,Electronics,3,21.68,0.0,8,Card,65.04,North
503771,11123,2025-08-05,Beauty,4,155.74,0.05,2,Net Banking,591.81,West
503772,10772,2025-12-06,Sports,2,100.26,0.2,6,Card,160.42,East
503773,11303,2025-01-18,Fashion,3,17.03,0.2,7,UPI,40.87,West
503774,11331,2025-02-09,Home,3,21.84,0.1,3,Net Banking,58.97,West
503775,10505,2025-05-17,Electronics,1,29.37,0.1,3,UPI,26.43,South
503776,11227,2025-03-18,Sports,4,21.75,0.0,4,UPI,87.0,South
503777,10366,2025-02-14,Beauty,4,238.89,0.0,3,UPI,955.56,South
503778,10360,2025-04-19,Electronics,1,17.45,0.1,5,UPI,15.7,East
503779,11467,2025-08-23,Home,2,250.92,0.1,6,UPI,451.66,South
503780,10020,2025-10-29,Fashion,4,59.42,0.1,4,UPI,213.91,East
503781,10530,2025-04-22,Home,4,21.31,0.0,6,Card,85.24,South
503782,10945,2025-09-13,Beauty,1,178.85,0.05,7,UPI,169.91,South
503783,10621,2025-10-28,Electronics,4,21.03,0.0,5,UPI,84.12,West
503784,11268,2025-01-03,Sports,2,390.87,0.1,6,Card,703.57,West
503785,10378,2025-11-08,Fashion,2,10.08,0.0,3,Card,20.16,South
503786,10830,2025-03-08,Sports,2,86.61,0.05,1,Card,164.56,South
503787,10188,2025-09-08,Electronics,3,35.13,0.1,6,UPI,94.85,North
503788,10317,2025-10-01,Beauty,1,65.45,0.0,6,COD,65.45,South
503789,10261,2025-11-05,Home,3,261.86,0.05,5,Net Banking,746.3,North
503790,11113,2025-05-28,Fashion,1,133.02,0.1,6,UPI,119.72,East
503791,10305,2025-08-29,Sports,1,24.69,0.0,3,Card,24.69,West
503792,11005,2025-01-10,Home,4,11.01,0.1,6,COD,39.64,East
503793,10519,2025-06-13,Sports,2,21.43,0.2,7,Card,34.29,North
503794,10848,2025-12-18,Fashion,4,201.71,0.0,6,UPI,806.84,East
503795,11311,2025-02-27,Sports,3,83.09,0.0,7,UPI,249.27,South
503796,11296,2025-02-25,Electronics,4,168.3,0.1,7,Card,605.88,South
503797,10017,2025-09-13,Grocery,1,60.57,0.1,2,Card,54.51,East
503798,11177,2025-07-06,Beauty,4,68.77,0.2,6,COD,220.06,South
503799,11434,2025-06-16,Home,4,10.9,0.0,3,UPI,43.6,North
503800,11002,2025-04-01,Home,2,9.74,0.15,2,UPI,16.56,South
503801,10281,2025-03-04,Grocery,1,153.42,0.05,4,UPI,145.75,North
503802,10998,2025-09-27,Grocery,1,20.45,0.0,8,Card,20.45,North
503803,10955,2025-05-11,Electronics,3,28.07,0.05,3,Card,80.0,West
503804,10994,2025-10-11,Beauty,1,37.52,0.05,1,UPI,35.64,North
503805,10644,2025-06-11,Sports,1,87.42,0.0,2,Card,87.42,North
503806,10788,2025-05-25,Fashion,3,368.17,0.0,5,COD,1104.51,South
503807,10978,2025-03-25,Home,3,158.71,0.0,3,Net Banking,476.13,South
503808,10696,2025-08-29,Beauty,4,112.57,0.1,1,Net Banking,405.25,South
503809,11161,2025-04-14,Beauty,4,213.93,0.0,2,Card,855.72,North
503810,11065,2025-11-28,Home,2,78.21,0.0,5,Net Banking,156.42,South
503811,10455,2025-05-30,Grocery,2,17.36,0.0,6,Card,34.72,North
503812,10916,2025-10-25,Home,1,42.2,0.1,4,UPI,37.98,West
503813,11135,2025-06-21,Sports,1,328.82,0.2,6,Net Banking,263.06,West
503814,10735,2025-06-01,Grocery,2,120.51,0.0,6,UPI,241.02,North
503815,11073,2025-06-15,Sports,4,35.28,0.2,3,UPI,112.9,South
503816,10190,2025-06-11,Sports,4,39.66,0.1,4,UPI,142.78,South
503817,10580,2025-06-24,Electronics,4,403.6,0.15,3,Card,1372.24,South
503818,11053,2025-11-20,Electronics,2,10.85,0.05,6,Card,20.62,South
503819,11343,2025-09-14,Sports,3,296.64,0.05,3,Card,845.42,South
503820,10969,2025-01-13,Sports,3,88.34,0.1,2,UPI,238.52,East
503821,10996,2025-01-22,Sports,1,273.39,0.1,5,UPI,246.05,South
503822,10514,2025-01-09,Beauty,2,32.92,0.15,7,UPI,55.96,South
503823,11052,2025-09-10,Fashion,3,99.32,0.15,6,UPI,253.27,North
503824,10535,2025-03-17,Electronics,2,29.19,0.05,7,UPI,55.46,North
503825,10079,2025-05-21,Home,2,13.86,0.1,6,UPI,24.95,East
503826,10371,2025-10-30,Fashion,2,50.09,0.05,5,Net Banking,95.17,West
503827,10917,2025-02-18,Electronics,1,293.77,0.1,3,COD,264.39,North
503828,11443,2025-02-25,Electronics,4,25.32,0.1,3,UPI,91.15,North
503829,10744,2025-01-29,Electronics,4,20.18,0.1,1,UPI,72.65,North
503830,11291,2025-04-15,Home,4,354.5,0.0,7,Net Banking,1418.0,South
503831,11168,2025-02-02,Grocery,4,432.56,0.2,4,Card,1384.19,South
503832,10842,2025-08-18,Sports,2,262.29,0.0,1,COD,524.58,West
503833,11207,2025-09-26,Grocery,1,361.08,0.0,7,COD,361.08,East
503834,10603,2025-03-09,Home,2,428.13,0.0,5,UPI,856.26,West
503835,10665,2025-07-11,Fashion,4,407.79,0.0,6,UPI,1631.16,South
503836,11106,2025-04-21,Grocery,1,338.0,0.05,4,UPI,321.1,West
503837,10959,2025-01-30,Beauty,3,172.07,0.0,3,Card,516.21,South
503838,10792,2025-06-20,Fashion,1,35.97,0.0,5,Net Banking,35.97,South
503839,10650,2025-09-12,Sports,2,52.13,0.0,6,UPI,104.26,North
503840,11464,2025-03-25,Sports,1,36.2,0.0,4,COD,36.2,South
503841,10099,2025-10-15,Grocery,1,81.32,0.2,7,Card,65.06,North
503842,10083,2025-12-29,Fashion,1,121.34,0.05,6,Card,115.27,West
503843,10719,2025-01-21,Fashion,3,23.59,0.0,6,COD,70.77,East
503844,10052,2025-03-01,Grocery,3,13.07,0.1,2,Card,35.29,North
503845,10512,2025-04-16,Sports,2,108.28,0.1,2,Card,194.9,West
503846,10853,2025-11-07,Beauty,4,419.78,0.05,7,COD,1595.16,West
503847,10608,2025-02-21,Fashion,2,220.27,0.0,1,Card,440.54,North
503848,10305,2025-06-21,Fashion,3,10.63,0.1,4,UPI,28.7,West
503849,10428,2025-07-16,Home,3,62.4,0.0,5,Card,187.2,West
503850,10907,2025-02-17,Fashion,3,57.62,0.0,4,Card,172.86,South
503851,11428,2025-01-16,Fashion,4,42.27,0.2,4,COD,135.26,North
503852,11173,2025-02-13,Grocery,4,93.55,0.05,5,UPI,355.49,South
503853,10822,2025-01-21,Fashion,3,42.31,0.0,3,UPI,126.93,East
503854,10208,2025-07-02,Electronics,4,417.2,0.0,6,UPI,1668.8,East
503855,10364,2025-12-08,Grocery,3,337.02,0.1,6,COD,909.95,North
503856,10661,2025-05-10,Fashion,2,96.58,0.0,4,Card,193.16,South
503857,10371,2025-04-04,Home,4,57.04,0.05,3,UPI,216.75,West
503858,11034,2025-03-27,Sports,1,65.49,0.0,4,COD,65.49,West
503859,10550,2025-12-25,Beauty,2,392.64,0.0,9,Card,785.28,South
503860,11251,2025-12-17,Beauty,1,40.95,0.05,3,Card,38.9,North
503861,10404,2025-08-25,Grocery,4,211.66,0.0,8,Card,846.64,North
503862,10745,2025-06-19,Grocery,4,71.05,0.05,1,COD,269.99,South
503863,11072,2025-02-28,Fashion,4,11.34,0.0,3,UPI,45.36,East
503864,10310,2025-12-06,Beauty,1,148.56,0.2,3,UPI,118.85,North
503865,11143,2025-01-01,Grocery,2,26.53,0.1,6,COD,47.75,West
503866,10879,2025-03-01,Home,2,67.01,0.0,5,UPI,134.02,East
503867,10972,2025-09-05,Sports,1,353.1,0.0,7,UPI,353.1,North
503868,10682,2025-03-08,Fashion,3,153.5,0.1,4,UPI,414.45,North
503869,11403,2025-02-09,Grocery,1,81.1,0.1,4,Card,72.99,West
503870,11158,2025-08-06,Beauty,3,10.48,0.05,4,COD,29.87,North
503871,10289,2025-01-10,Sports,3,229.6,0.0,9,COD,688.8,South
503872,10834,2025-04-09,Electronics,3,28.04,0.05,2,UPI,79.91,East
503873,11355,2025-08-23,Sports,4,13.4,0.0,3,UPI,53.6,West
503874,10420,2025-03-09,Electronics,4,422.61,0.0,3,Net Banking,1690.44,West
503875,10805,2025-10-05,Fashion,2,20.51,0.0,6,UPI,41.02,North
503876,11132,2025-02-04,Home,3,32.95,0.1,2,COD,88.96,South
503877,10410,2025-08-12,Grocery,4,18.04,0.05,8,UPI,68.55,West
503878,10777,2025-01-28,Sports,4,109.28,0.0,5,Card,437.12,East
503879,10830,2025-09-25,Electronics,3,243.36,0.0,5,Card,730.08,South
503880,10267,2025-10-02,Grocery,1,86.79,0.1,5,Card,78.11,South
503881,10267,2025-10-18,Home,2,224.81,0.05,4,Card,427.14,South
503882,10845,2025-04-13,Fashion,4,319.3,0.1,5,UPI,1149.48,North
503883,10269,2025-03-28,Electronics,1,211.86,0.1,5,UPI,190.67,North
503884,11423,2025-12-24,Electronics,3,21.87,0.05,6,Card,62.33,South
503885,10786,2025-09-24,Home,3,27.12,0.05,3,COD,77.29,South
503886,11059,2025-03-08,Fashion,1,29.72,0.2,3,Card,23.78,East
503887,10596,2025-01-11,Fashion,2,112.58,0.15,6,Card,191.39,South
503888,10449,2025-05-10,Grocery,4,271.58,0.05,4,Net Banking,1032.0,North
503889,10730,2025-08-31,Electronics,3,35.89,0.1,1,Card,96.9,South
503890,11067,2025-05-17,Sports,4,122.75,0.0,4,Card,491.0,South
503891,10597,2025-10-22,Electronics,2,21.58,0.0,8,UPI,43.16,East
503892,10424,2025-07-02,Home,4,82.56,0.0,4,COD,330.24,North
503893,10216,2025-12-28,Home,3,183.39,0.1,3,UPI,495.15,West
503894,10815,2025-11-14,Electronics,4,36.28,0.15,2,UPI,123.35,North
503895,11020,2025-06-22,Fashion,2,20.42,0.1,3,UPI,36.76,South
503896,10790,2025-11-01,Grocery,2,52.5,0.1,2,UPI,94.5,East
503897,10383,2025-06-13,Sports,1,172.4,0.0,5,Card,172.4,West
503898,10372,2025-01-04,Grocery,1,400.29,0.15,5,UPI,340.25,South
503899,10566,2025-04-23,Fashion,1,114.13,0.0,4,Card,114.13,East
503900,10522,2025-05-30,Electronics,1,99.28,0.15,3,Card,84.39,South
503901,10306,2025-12-23,Beauty,2,57.92,0.0,8,UPI,115.84,South
503902,11414,2025-10-30,Sports,4,418.05,0.0,3,UPI,1672.2,West
503903,10495,2025-02-23,Electronics,2,238.99,0.1,3,UPI,430.18,West
503904,10376,2025-01-01,Electronics,4,351.61,0.0,4,Card,1406.44,North
503905,10910,2025-07-13,Grocery,4,260.47,0.0,4,Card,1041.88,South
503906,11202,2025-07-14,Electronics,4,80.52,0.1,5,UPI,289.87,East
503907,10698,2025-09-26,Grocery,3,353.96,0.1,6,UPI,955.69,East
503908,11002,2025-04-05,Sports,4,106.09,0.0,6,UPI,424.36,South
503909,10143,2025-10-24,Fashion,2,110.86,0.05,9,COD,210.63,West
503910,10799,2025-05-31,Fashion,3,110.97,0.1,1,Net Banking,299.62,West
503911,10100,2025-05-03,Electronics,4,16.92,0.0,5,Card,67.68,West
503912,10207,2025-06-03,Beauty,1,204.98,0.05,3,Net Banking,194.73,North
503913,10888,2025-12-11,Sports,1,41.98,0.1,9,UPI,37.78,North
503914,10307,2025-05-23,Grocery,1,122.17,0.15,5,Card,103.84,South
503915,10055,2025-07-24,Beauty,3,215.8,0.05,1,Card,615.03,East
503916,10269,2025-11-22,Grocery,2,21.8,0.1,5,Card,39.24,North
503917,11160,2025-01-07,Sports,2,35.41,0.05,5,COD,67.28,West
503918,10881,2025-07-15,Electronics,4,306.33,0.1,6,Card,1102.79,South
503919,10573,2025-09-16,Fashion,1,39.54,0.1,3,COD,35.59,South
503920,11461,2025-11-26,Fashion,1,82.06,0.05,5,UPI,77.96,West
503921,10579,2025-01-23,Fashion,2,59.59,0.0,4,UPI,119.18,West
503922,11316,2025-09-23,Sports,4,269.16,0.15,3,UPI,915.14,East
503923,10518,2025-10-20,Grocery,3,72.31,0.1,5,UPI,195.24,West
503924,10038,2025-05-09,Fashion,3,45.99,0.1,5,UPI,124.17,South
503925,10166,2025-09-30,Home,3,12.19,0.05,7,UPI,34.74,South
503926,10411,2025-06-30,Grocery,2,53.01,0.0,5,Card,106.02,East
503927,10280,2025-08-29,Grocery,2,76.13,0.05,6,COD,144.65,West
503928,10236,2025-05-23,Sports,4,95.67,0.05,2,Card,363.55,West
503929,10576,2025-03-06,Fashion,3,146.15,0.05,7,UPI,416.53,South
503930,11464,2025-10-30,Electronics,3,157.11,0.0,3,UPI,471.33,South
503931,10301,2025-03-21,Beauty,1,54.1,0.1,6,Card,48.69,West
503932,10354,2025-03-10,Home,3,14.58,0.05,5,UPI,41.55,East
503933,11493,2025-11-20,Fashion,2,24.41,0.1,5,UPI,43.94,East
503934,10302,2025-12-08,Sports,2,59.68,0.0,6,Card,119.36,North
503935,11246,2025-08-11,Home,3,436.43,0.05,1,UPI,1243.83,South
503936,10932,2025-07-31,Grocery,2,142.88,0.0,3,UPI,285.76,South
503937,11392,2025-05-12,Electronics,3,178.7,0.1,6,Net Banking,482.49,West
503938,10835,2025-08-12,Electronics,1,375.19,0.1,8,Card,337.67,West
503939,10891,2025-08-11,Grocery,1,21.72,0.05,4,Net Banking,20.63,South
503940,10339,2025-07-08,Electronics,3,9.89,0.2,1,Card,23.74,North
503941,10863,2025-08-28,Sports,4,62.21,0.0,4,UPI,248.84,West
503942,11006,2025-07-22,Sports,4,27.61,0.05,4,Card,104.92,South
503943,11481,2025-11-17,Home,2,256.16,0.1,7,COD,461.09,South
503944,10146,2025-09-01,Electronics,4,41.95,0.05,5,Net Banking,159.41,South
503945,10236,2025-05-21,Home,2,11.56,0.1,2,Card,20.81,West
503946,10030,2025-08-28,Electronics,4,22.69,0.2,6,UPI,72.61,East
503947,11186,2025-03-25,Sports,2,43.2,0.1,6,Card,77.76,West
503948,10124,2025-03-20,Grocery,1,13.29,0.0,3,UPI,13.29,South
503949,11374,2025-10-29,Grocery,1,35.49,0.0,6,UPI,35.49,West
503950,10548,2025-08-01,Sports,4,83.16,0.15,3,UPI,282.74,North
503951,10433,2025-01-20,Sports,3,229.23,0.0,4,UPI,687.69,East
503952,11463,2025-05-10,Grocery,1,121.01,0.05,3,Card,114.96,North
503953,11081,2025-12-26,Sports,4,10.89,0.15,4,Net Banking,37.03,South
503954,10821,2025-08-21,Fashion,1,40.62,0.1,6,Card,36.56,North
503955,11334,2025-11-14,Grocery,2,148.94,0.0,1,COD,297.88,West
503956,11133,2025-07-19,Home,3,31.22,0.1,7,COD,84.29,North
503957,10957,2025-01-16,Beauty,1,82.33,0.05,5,UPI,78.21,West
503958,10483,2025-03-07,Grocery,4,363.94,0.15,4,Card,1237.4,East
503959,11480,2025-02-03,Home,3,16.74,0.1,5,COD,45.2,South
503960,11080,2025-09-26,Home,4,57.41,0.05,3,UPI,218.16,South
503961,11419,2025-10-04,Electronics,4,103.71,0.0,1,Card,414.84,West
503962,11450,2025-06-16,Home,4,153.94,0.0,3,COD,615.76,North
503963,10824,2025-09-22,Fashion,1,193.9,0.05,1,COD,184.2,East
503964,10537,2025-07-21,Grocery,1,31.2,0.1,2,UPI,28.08,South
503965,11421,2025-09-28,Electronics,1,54.83,0.05,1,Card,52.09,East
503966,11499,2025-09-03,Sports,1,260.63,0.15,7,Card,221.54,South
503967,10183,2025-06-16,Sports,3,251.21,0.0,2,Net Banking,753.63,South
503968,10958,2025-08-27,Grocery,1,225.79,0.0,4,COD,225.79,South
503969,10904,2025-04-27,Sports,2,80.44,0.1,7,UPI,144.79,South
503970,11123,2025-10-01,Electronics,3,27.5,0.1,6,Card,74.25,West
503971,11464,2025-11-30,Beauty,3,29.59,0.05,4,Net Banking,84.33,South
503972,10379,2025-03-17,Grocery,2,123.27,0.05,4,UPI,234.21,South
503973,11464,2025-09-01,Grocery,1,22.8,0.0,5,COD,22.8,South
503974,10965,2025-02-10,Fashion,1,96.53,0.1,9,Card,86.88,West
503975,10124,2025-05-18,Grocery,4,73.37,0.15,5,Card,249.46,South
503976,10767,2025-09-02,Sports,2,51.31,0.15,6,Card,87.23,North
503977,10201,2025-04-12,Electronics,3,38.32,0.1,9,Card,103.46,West
503978,11435,2025-03-28,Grocery,3,172.88,0.1,5,UPI,466.78,North
503979,11145,2025-05-21,Home,2,57.05,0.1,7,COD,102.69,South
503980,11358,2025-02-11,Beauty,3,42.3,0.1,5,Card,114.21,South
503981,10904,2025-08-17,Home,2,35.4,0.0,5,Net Banking,70.8,South
503982,10596,2025-02-17,Sports,2,52.02,0.05,3,UPI,98.84,South
503983,10643,2025-05-02,Electronics,4,119.33,0.15,2,COD,405.72,North
503984,11421,2025-04-25,Fashion,2,324.47,0.15,3,UPI,551.6,East
503985,10228,2025-12-20,Grocery,3,31.87,0.1,6,COD,86.05,East
503986,11328,2025-12-29,Sports,3,14.47,0.0,6,COD,43.41,East
503987,10634,2025-01-29,Home,1,396.31,0.1,7,COD,356.68,South
503988,10886,2025-02-27,Grocery,3,19.97,0.0,4,Card,59.91,South
503989,11001,2025-09-25,Beauty,4,323.58,0.0,6,UPI,1294.32,North
503990,10124,2025-04-19,Sports,2,15.45,0.05,6,Net Banking,29.35,South
503991,10224,2025-08-24,Fashion,4,28.67,0.1,4,UPI,103.21,West
503992,10242,2025-12-03,Electronics,1,356.84,0.05,4,UPI,339.0,West
503993,11169,2025-03-01,Electronics,1,15.97,0.1,2,UPI,14.37,West
503994,10116,2025-12-18,Home,4,20.83,0.1,4,COD,74.99,West
503995,10917,2025-01-20,Grocery,4,122.75,0.0,4,COD,491.0,North
503996,10162,2025-03-25,Grocery,4,20.69,0.0,7,COD,82.76,West
503997,11152,2025-07-05,Beauty,3,14.2,0.1,7,Card,38.34,West
503998,11466,2025-11-18,Grocery,1,124.59,0.15,5,Card,105.9,East
503999,10622,2025-07-22,Electronics,2,396.68,0.15,9,Net Banking,674.36,South
504000,10319,2025-02-20,Grocery,3,158.29,0.0,5,Card,474.87,South
504001,10668,2025-04-01,Home,1,407.58,0.1,7,UPI,366.82,West
504002,11037,2025-10-05,Electronics,3,73.76,0.15,4,Net Banking,188.09,South
504003,11092,2025-07-24,Sports,1,99.46,0.0,2,Net Banking,99.46,East
504004,10955,2025-01-05,Beauty,1,285.12,0.1,4,Card,256.61,West
504005,10873,2025-07-03,Home,1,76.25,0.05,7,Card,72.44,West
504006,10947,2025-05-29,Sports,1,14.45,0.1,4,Net Banking,13.0,East
504007,10327,2025-01-01,Home,1,27.8,0.0,4,COD,27.8,West
504008,10311,2025-04-01,Sports,4,98.19,0.0,4,UPI,392.76,South
504009,11397,2025-12-08,Home,4,237.07,0.0,4,Net Banking,948.28,South
504010,10870,2025-09-14,Electronics,3,116.58,0.05,7,COD,332.25,North
504011,11292,2025-01-26,Home,2,57.2,0.0,8,COD,114.4,East
504012,10939,2025-01-06,Fashion,1,35.74,0.05,5,Card,33.95,West
504013,10683,2025-05-07,Home,4,96.28,0.05,6,UPI,365.86,North
504014,10856,2025-06-19,Electronics,4,215.29,0.0,6,UPI,861.16,South
504015,11038,2025-06-15,Sports,4,30.21,0.0,5,UPI,120.84,South
504016,10280,2025-09-12,Beauty,2,61.35,0.0,3,Card,122.7,West
504017,10694,2025-03-05,Beauty,1,59.42,0.2,4,COD,47.54,South
504018,11085,2025-01-18,Home,3,22.2,0.0,5,Card,66.6,West
504019,10131,2025-09-03,Electronics,2,62.07,0.1,5,UPI,111.73,North
504020,10110,2025-11-24,Electronics,2,12.02,0.05,1,UPI,22.84,West
504021,10241,2025-03-03,Sports,2,79.1,0.0,4,COD,158.2,West
504022,10887,2025-05-12,Electronics,1,20.31,0.15,3,COD,17.26,South
504023,10358,2025-08-17,Home,4,57.38,0.1,6,UPI,206.57,West
504024,10655,2025-03-02,Grocery,1,254.15,0.1,3,UPI,228.74,West
504025,10201,2025-11-10,Beauty,4,14.72,0.0,4,UPI,58.88,West
504026,10376,2025-03-24,Sports,4,23.08,0.0,4,Card,92.32,North
504027,10027,2025-07-14,Beauty,1,135.51,0.0,6,COD,135.51,South
504028,11212,2025-05-04,Grocery,3,390.03,0.05,6,COD,1111.59,West
504029,10700,2025-09-01,Sports,1,387.62,0.15,5,COD,329.48,South
504030,10264,2025-03-14,Beauty,4,16.81,0.05,7,COD,63.88,North
504031,10790,2025-02-05,Sports,3,28.93,0.0,7,Card,86.79,East
504032,11400,2025-07-06,Beauty,1,329.08,0.0,1,UPI,329.08,South
504033,11238,2025-11-12,Grocery,4,66.8,0.05,6,UPI,253.84,South
504034,11327,2025-08-20,Beauty,4,215.49,0.0,4,UPI,861.96,South
504035,10610,2025-10-03,Grocery,4,13.62,0.05,2,UPI,51.76,South
504036,10541,2025-06-08,Fashion,2,14.5,0.2,4,UPI,23.2,West
504037,10475,2025-02-21,Fashion,4,30.2,0.1,6,UPI,108.72,South
504038,10458,2025-06-05,Beauty,3,13.34,0.0,7,UPI,40.02,South
504039,11380,2025-12-27,Sports,3,234.07,0.0,2,COD,702.21,South
504040,10207,2025-10-13,Sports,2,199.5,0.1,6,Card,359.1,North
504041,11278,2025-09-14,Sports,2,40.37,0.0,8,Card,80.74,North
504042,11375,2025-04-20,Sports,3,14.31,0.15,8,UPI,36.49,West
504043,11267,2025-08-07,Electronics,3,18.46,0.1,1,Card,49.84,North
504044,10942,2025-08-16,Grocery,1,23.29,0.05,9,Net Banking,22.13,West
504045,11284,2025-08-27,Grocery,2,145.69,0.1,6,UPI,262.24,East
504046,10048,2025-11-22,Home,1,217.21,0.0,1,COD,217.21,South
504047,11226,2025-09-06,Grocery,2,65.64,0.0,3,Net Banking,131.28,West
504048,10767,2025-03-22,Fashion,4,392.17,0.1,7,COD,1411.81,North
504049,11438,2025-03-22,Home,3,333.89,0.0,5,Card,1001.67,South
504050,10129,2025-08-15,Home,1,175.43,0.0,3,UPI,175.43,North
504051,11396,2025-11-13,Beauty,3,12.1,0.15,5,UPI,30.85,North
504052,10861,2025-12-13,Electronics,1,238.27,0.1,6,COD,214.44,West
504053,10156,2025-08-11,Sports,1,429.3,0.0,3,Net Banking,429.3,East
504054,10764,2025-07-13,Sports,4,70.05,0.15,4,COD,238.17,North
504055,10056,2025-10-25,Sports,1,61.37,0.0,6,UPI,61.37,West
504056,10125,2025-12-23,Fashion,2,157.12,0.15,3,UPI,267.1,North
504057,10798,2025-01-11,Beauty,1,71.65,0.05,2,Card,68.07,North
504058,11224,2025-04-24,Sports,3,40.33,0.05,3,Net Banking,114.94,East
504059,10163,2025-05-02,Grocery,3,118.71,0.1,3,UPI,320.52,North
504060,10394,2025-07-25,Electronics,4,168.1,0.0,3,UPI,672.4,East
504061,10587,2025-04-18,Beauty,4,22.27,0.15,1,Card,75.72,North
504062,10813,2025-04-24,Grocery,3,92.11,0.0,5,UPI,276.33,West
504063,10002,2025-01-09,Grocery,2,16.34,0.15,6,UPI,27.78,South
504064,10959,2025-01-02,Grocery,1,65.18,0.0,3,UPI,65.18,South
504065,10747,2025-06-14,Home,4,19.83,0.0,3,Card,79.32,South
504066,11444,2025-12-31,Beauty,3,316.63,0.0,4,UPI,949.89,North
504067,10453,2025-04-18,Electronics,1,83.98,0.05,3,UPI,79.78,East
504068,10741,2025-03-29,Grocery,3,62.0,0.1,6,Card,167.4,North
504069,10123,2025-04-07,Fashion,2,65.91,0.1,3,COD,118.64,North
504070,11376,2025-12-22,Home,2,90.01,0.15,3,Card,153.02,North
504071,11251,2025-08-31,Electronics,2,17.31,0.05,3,COD,32.89,North
504072,10533,2025-08-27,Sports,4,60.99,0.05,7,Card,231.76,South
504073,10691,2025-03-11,Sports,1,122.41,0.0,4,COD,122.41,South
504074,11287,2025-11-26,Grocery,4,23.44,0.1,8,UPI,84.38,South
504075,10444,2025-03-13,Grocery,1,47.6,0.15,5,UPI,40.46,North
504076,10354,2025-12-20,Sports,1,40.77,0.05,7,COD,38.73,East
504077,10363,2025-12-14,Sports,3,17.93,0.05,4,UPI,51.1,North
504078,11062,2025-07-27,Sports,1,396.04,0.0,3,UPI,396.04,East
504079,10317,2025-11-13,Grocery,4,79.17,0.0,4,UPI,316.68,South
504080,10133,2025-12-31,Beauty,3,40.43,0.1,3,COD,109.16,East
504081,10249,2025-07-31,Sports,2,42.47,0.0,1,COD,84.94,South
504082,11480,2025-10-08,Sports,2,102.44,0.15,7,UPI,174.15,South
504083,11310,2025-08-04,Electronics,4,15.24,0.0,5,UPI,60.96,West
504084,11431,2025-07-11,Sports,4,57.22,0.0,3,UPI,228.88,West
504085,10416,2025-05-03,Beauty,3,22.1,0.0,5,UPI,66.3,South
504086,10664,2025-08-28,Electronics,1,258.09,0.05,5,UPI,245.19,North
504087,10737,2025-04-08,Home,3,158.77,0.1,7,UPI,428.68,North
504088,10786,2025-03-12,Electronics,1,129.46,0.15,5,COD,110.04,South
504089,10041,2025-04-11,Grocery,2,15.47,0.05,4,Net Banking,29.39,South
504090,10897,2025-01-05,Sports,3,14.41,0.0,6,UPI,43.23,South
504091,10059,2025-12-07,Electronics,2,51.7,0.1,4,UPI,93.06,North
504092,10413,2025-04-04,Fashion,4,30.71,0.1,5,Card,110.56,North
504093,10439,2025-10-19,Fashion,4,180.53,0.1,7,UPI,649.91,West
504094,11012,2025-06-08,Fashion,1,168.65,0.05,2,UPI,160.22,East
504095,11345,2025-05-04,Fashion,4,35.52,0.1,3,UPI,127.87,West
504096,11048,2025-03-25,Grocery,4,18.17,0.0,4,Card,72.68,West
504097,10654,2025-10-27,Fashion,1,38.59,0.0,4,UPI,38.59,North
504098,10788,2025-07-07,Fashion,2,66.66,0.15,7,UPI,113.32,South
504099,10769,2025-06-14,Fashion,4,31.25,0.0,2,COD,125.0,North
504100,10222,2025-08-29,Beauty,1,40.36,0.0,4,UPI,40.36,South
504101,11436,2025-10-20,Grocery,1,27.21,0.0,3,Net Banking,27.21,West
504102,11379,2025-08-28,Beauty,3,13.31,0.0,8,Card,39.93,East
504103,10361,2025-06-20,Sports,4,124.82,0.15,6,UPI,424.39,West
504104,10173,2025-11-23,Fashion,2,281.7,0.0,5,UPI,563.4,South
504105,10248,2025-11-23,Sports,4,283.59,0.05,6,Net Banking,1077.64,South
504106,10944,2025-12-19,Sports,3,403.64,0.15,2,UPI,1029.28,South
504107,10045,2025-02-03,Sports,1,89.42,0.0,9,UPI,89.42,West
504108,10155,2025-11-22,Fashion,2,166.25,0.0,3,UPI,332.5,North
504109,10973,2025-03-12,Fashion,3,12.32,0.0,7,Net Banking,36.96,North
504110,10220,2025-08-15,Fashion,2,23.59,0.0,6,Net Banking,47.18,South
504111,10104,2025-08-29,Beauty,1,135.62,0.0,5,COD,135.62,West
504112,10031,2025-03-17,Sports,1,402.34,0.1,7,UPI,362.11,West
504113,11059,2025-01-03,Grocery,3,306.93,0.0,6,UPI,920.79,East
504114,10546,2025-12-11,Sports,4,87.14,0.1,5,UPI,313.7,South
504115,10427,2025-11-22,Sports,2,17.98,0.15,4,UPI,30.57,North
504116,10960,2025-03-05,Sports,4,298.79,0.0,5,Net Banking,1195.16,South
504117,10256,2025-08-08,Beauty,3,38.1,0.0,4,Card,114.3,West
504118,10783,2025-02-25,Electronics,2,14.96,0.0,5,UPI,29.92,South
504119,10726,2025-07-26,Beauty,3,170.48,0.0,7,COD,511.44,North
504120,11012,2025-04-26,Sports,2,19.29,0.05,5,UPI,36.65,East
504121,10936,2025-10-02,Sports,4,34.22,0.05,5,Card,130.04,North
504122,11013,2025-07-29,Fashion,4,124.46,0.0,3,UPI,497.84,South
504123,10320,2025-07-01,Sports,4,418.59,0.0,5,Card,1674.36,West
504124,10211,2025-09-06,Electronics,1,409.24,0.0,1,UPI,409.24,East
504125,10801,2025-06-23,Fashion,1,16.26,0.1,3,UPI,14.63,West
504126,10087,2025-01-05,Sports,4,15.4,0.05,6,Net Banking,58.52,West
504127,10682,2025-08-06,Fashion,4,193.62,0.1,6,Net Banking,697.03,North
504128,10939,2025-10-11,Sports,3,32.07,0.1,4,Card,86.59,West
504129,11232,2025-06-28,Beauty,1,10.04,0.05,5,COD,9.54,East
504130,10980,2025-03-05,Fashion,4,83.99,0.1,5,UPI,302.36,North
504131,11493,2025-01-03,Fashion,2,88.33,0.0,6,Card,176.66,East
504132,10836,2025-04-19,Sports,2,315.69,0.1,4,UPI,568.24,East
504133,10670,2025-10-08,Home,2,59.98,0.05,3,UPI,113.96,South
504134,10369,2025-04-28,Home,2,184.67,0.05,5,Card,350.87,South
504135,11010,2025-12-15,Beauty,2,62.99,0.05,8,COD,119.68,South
504136,11217,2025-05-02,Home,2,326.33,0.1,3,COD,587.39,South
504137,10482,2025-06-06,Beauty,3,58.0,0.1,4,Card,156.6,North
504138,10114,2025-10-05,Beauty,1,123.66,0.0,4,Card,123.66,East
504139,10016,2025-08-13,Home,2,382.32,0.05,9,Card,726.41,North
504140,10949,2025-01-15,Beauty,1,219.82,0.0,3,Net Banking,219.82,West
504141,10995,2025-01-28,Fashion,3,55.18,0.0,4,UPI,165.54,West
504142,10181,2025-03-13,Sports,4,80.58,0.0,4,Card,322.32,West
504143,10034,2025-11-15,Home,4,59.55,0.1,2,Net Banking,214.38,South
504144,10982,2025-01-09,Grocery,1,17.93,0.1,2,Card,16.14,West
504145,10597,2025-01-27,Beauty,3,29.64,0.15,6,COD,75.58,East
504146,10627,2025-10-12,Sports,1,167.62,0.05,6,Card,159.24,West
504147,10394,2025-08-16,Electronics,2,10.43,0.1,3,Net Banking,18.77,East
504148,11078,2025-12-26,Home,2,113.98,0.15,7,Net Banking,193.77,South
504149,11117,2025-03-22,Beauty,3,55.02,0.0,1,Card,165.06,North
504150,10079,2025-08-29,Beauty,2,45.95,0.1,2,UPI,82.71,East
504151,10134,2025-02-19,Beauty,3,210.06,0.0,3,Card,630.18,South
504152,10833,2025-08-04,Electronics,3,23.54,0.0,4,UPI,70.62,South
504153,10905,2025-02-08,Beauty,4,187.04,0.2,4,UPI,598.53,West
504154,10218,2025-11-28,Sports,1,132.4,0.0,4,Card,132.4,North
504155,10238,2025-06-01,Sports,4,410.63,0.15,5,Card,1396.14,West
504156,11024,2025-04-04,Home,4,228.53,0.15,7,COD,777.0,South
504157,10683,2025-12-26,Beauty,3,83.74,0.15,6,UPI,213.54,North
504158,10180,2025-01-25,Fashion,4,43.46,0.1,5,UPI,156.46,West
504159,10915,2025-10-19,Fashion,1,184.87,0.1,4,Card,166.38,West
504160,10111,2025-07-06,Sports,1,414.54,0.05,7,Card,393.81,South
504161,10346,2025-09-08,Beauty,1,24.65,0.05,8,UPI,23.42,West
504162,11070,2025-04-06,Sports,4,32.27,0.15,6,UPI,109.72,South
504163,10334,2025-11-18,Grocery,2,47.19,0.05,4,UPI,89.66,West
504164,10096,2025-06-14,Home,2,19.69,0.05,5,Net Banking,37.41,East
504165,11440,2025-06-02,Sports,3,33.38,0.2,6,UPI,80.11,West
504166,10337,2025-06-16,Home,2,17.92,0.05,3,Card,34.05,North
504167,10773,2025-04-19,Beauty,3,125.38,0.15,6,Net Banking,319.72,East
504168,11238,2025-04-27,Fashion,4,57.35,0.0,5,UPI,229.4,South
504169,11485,2025-02-21,Fashion,2,85.02,0.0,7,COD,170.04,East
504170,11215,2025-06-27,Fashion,4,11.42,0.1,3,COD,41.11,South
504171,10510,2025-06-23,Home,3,74.6,0.05,1,Card,212.61,North
504172,11282,2025-05-19,Electronics,2,155.85,0.1,4,Net Banking,280.53,South
504173,10020,2025-12-26,Grocery,4,120.19,0.0,5,UPI,480.76,East
504174,10490,2025-02-11,Grocery,2,164.46,0.0,1,COD,328.92,East
504175,10300,2025-11-29,Grocery,1,20.79,0.15,3,UPI,17.67,East
504176,10793,2025-11-13,Fashion,2,65.56,0.05,7,UPI,124.56,South
504177,11338,2025-01-09,Grocery,4,42.98,0.05,6,UPI,163.32,East
504178,11161,2025-09-13,Beauty,3,249.59,0.0,5,Card,748.77,North
504179,11498,2025-03-18,Electronics,3,86.91,0.15,2,UPI,221.62,East
504180,10206,2025-01-16,Home,3,411.38,0.15,7,UPI,1049.02,North
504181,11129,2025-11-11,Home,1,14.69,0.05,4,UPI,13.96,East
504182,11087,2025-02-12,Beauty,1,46.37,0.0,5,UPI,46.37,West
504183,10685,2025-04-20,Grocery,2,171.37,0.2,5,UPI,274.19,East
504184,10147,2025-02-05,Home,4,11.96,0.15,5,COD,40.66,South
504185,10157,2025-02-21,Fashion,1,93.45,0.05,7,Card,88.78,South
504186,11370,2025-01-23,Home,3,24.85,0.1,6,Card,67.1,South
504187,10443,2025-11-04,Fashion,4,13.09,0.05,5,Card,49.74,West
504188,10956,2025-01-22,Fashion,1,124.46,0.0,4,UPI,124.46,West
504189,11419,2025-10-05,Electronics,1,46.75,0.1,5,UPI,42.08,West
504190,10740,2025-02-27,Beauty,4,55.88,0.1,4,COD,201.17,South
504191,10315,2025-11-30,Electronics,1,33.27,0.05,5,Card,31.61,South
504192,10728,2025-11-06,Grocery,3,91.31,0.15,4,Card,232.84,North
504193,10345,2025-08-18,Sports,4,108.43,0.05,4,UPI,412.03,West
504194,10273,2025-10-30,Grocery,2,114.26,0.15,3,Card,194.24,North
504195,11217,2025-04-19,Grocery,2,168.42,0.0,4,Card,336.84,South
504196,10519,2025-10-13,Home,3,122.42,0.2,4,COD,293.81,North
504197,11028,2025-03-22,Sports,3,10.18,0.0,8,Net Banking,30.54,South
504198,11091,2025-08-13,Electronics,4,18.78,0.0,6,Card,75.12,South
504199,10825,2025-12-02,Grocery,3,325.81,0.1,4,COD,879.69,West
504200,10812,2025-09-22,Sports,4,29.19,0.0,4,Card,116.76,North
504201,10271,2025-04-09,Sports,1,41.4,0.0,6,Net Banking,41.4,North
504202,10794,2025-09-27,Grocery,2,30.77,0.1,8,COD,55.39,North
504203,11128,2025-11-19,Grocery,1,401.59,0.0,6,UPI,401.59,East
504204,10293,2025-11-21,Grocery,3,211.11,0.15,1,UPI,538.33,West
504205,10349,2025-09-27,Electronics,1,55.34,0.0,6,Net Banking,55.34,East
504206,11036,2025-09-25,Electronics,4,124.93,0.05,7,Card,474.73,East
504207,11473,2025-10-14,Grocery,4,70.49,0.05,9,Card,267.86,North
504208,10589,2025-09-26,Home,4,103.98,0.05,4,COD,395.12,North
504209,11243,2025-02-18,Beauty,4,433.61,0.05,5,UPI,1647.72,South
504210,10275,2025-10-21,Electronics,1,113.59,0.05,5,COD,107.91,East
504211,10855,2025-03-07,Fashion,3,15.99,0.0,3,Card,47.97,North
504212,11416,2025-07-23,Sports,3,81.34,0.0,3,COD,244.02,West
504213,10663,2025-05-04,Grocery,3,227.07,0.1,5,Card,613.09,North
504214,10761,2025-03-19,Fashion,4,13.85,0.05,1,UPI,52.63,East
504215,10233,2025-04-13,Fashion,3,37.43,0.05,2,Net Banking,106.68,West
504216,10793,2025-01-31,Fashion,1,22.56,0.0,6,Card,22.56,South
504217,10879,2025-06-10,Beauty,4,174.97,0.15,5,COD,594.9,East
504218,11473,2025-06-02,Fashion,2,14.42,0.0,7,UPI,28.84,North
504219,10302,2025-05-28,Grocery,2,119.96,0.15,5,Card,203.93,North
504220,10550,2025-02-03,Home,3,14.02,0.0,5,COD,42.06,South
504221,10971,2025-08-10,Beauty,4,432.8,0.2,7,COD,1384.96,South
504222,11415,2025-03-03,Fashion,3,28.56,0.05,4,Net Banking,81.4,North
504223,10357,2025-11-09,Fashion,1,49.85,0.05,4,COD,47.36,West
504224,11043,2025-01-09,Electronics,3,131.42,0.0,4,UPI,394.26,East
504225,11320,2025-01-21,Home,3,33.89,0.15,5,COD,86.42,West
504226,10950,2025-04-20,Fashion,1,17.31,0.0,4,Net Banking,17.31,South
504227,10641,2025-05-29,Sports,3,374.12,0.1,2,Net Banking,1010.12,West
504228,10352,2025-12-21,Sports,4,17.94,0.0,4,Net Banking,71.76,North
504229,10433,2025-07-11,Grocery,4,61.73,0.1,4,COD,222.23,East
504230,10078,2025-05-19,Sports,2,16.65,0.1,5,COD,29.97,East
504231,10229,2025-11-02,Fashion,3,98.84,0.05,4,Card,281.69,East
504232,10657,2025-03-29,Home,4,27.88,0.1,6,UPI,100.37,West
504233,10211,2025-11-24,Beauty,3,323.56,0.1,1,COD,873.61,East
504234,10016,2025-05-28,Sports,2,28.14,0.05,5,UPI,53.47,North
504235,11040,2025-04-25,Beauty,1,111.89,0.0,8,Card,111.89,North
504236,10107,2025-04-20,Sports,1,13.45,0.05,3,UPI,12.78,South
504237,10212,2025-01-04,Electronics,3,19.87,0.1,5,UPI,53.65,East
504238,10893,2025-09-03,Electronics,4,29.2,0.0,4,COD,116.8,South
504239,11383,2025-07-30,Home,3,274.5,0.1,4,Card,741.15,South
504240,11087,2025-08-20,Home,4,288.72,0.0,2,Card,1154.88,West
504241,10049,2025-08-26,Fashion,3,102.37,0.15,8,Card,261.04,East
504242,10252,2025-01-10,Fashion,2,40.81,0.1,5,COD,73.46,West
504243,11111,2025-11-17,Fashion,3,28.0,0.05,3,UPI,79.8,North
504244,11099,2025-07-06,Home,2,26.13,0.15,3,Card,44.42,West
504245,10587,2025-09-10,Fashion,1,38.39,0.1,5,UPI,34.55,North
504246,11425,2025-01-14,Electronics,3,44.31,0.0,1,Net Banking,132.93,South
504247,11333,2025-10-05,Beauty,3,98.04,0.0,7,UPI,294.12,South
504248,11115,2025-09-05,Electronics,4,28.88,0.05,3,Net Banking,109.74,West
504249,11123,2025-05-15,Electronics,1,9.96,0.0,5,UPI,9.96,West
504250,11178,2025-12-08,Electronics,2,60.25,0.0,5,UPI,120.5,South
504251,10223,2025-08-26,Electronics,1,29.2,0.05,6,Net Banking,27.74,East
504252,11052,2025-11-28,Beauty,4,58.21,0.0,5,Card,232.84,North
504253,11410,2025-10-27,Fashion,4,159.85,0.0,6,UPI,639.4,East
504254,10338,2025-03-17,Fashion,2,217.2,0.0,7,Card,434.4,West
504255,10022,2025-12-30,Beauty,4,59.33,0.0,4,UPI,237.32,South
504256,10542,2025-09-29,Home,3,407.8,0.05,9,UPI,1162.23,East
504257,10405,2025-03-11,Electronics,2,22.72,0.0,5,UPI,45.44,West
504258,11424,2025-10-17,Sports,2,181.64,0.0,4,UPI,363.28,South
504259,10669,2025-06-06,Grocery,3,402.19,0.15,3,UPI,1025.58,South
504260,10992,2025-11-12,Home,1,20.91,0.1,4,Card,18.82,West
504261,11473,2025-03-05,Home,1,162.9,0.15,5,COD,138.46,North
504262,11184,2025-04-05,Home,4,60.71,0.2,5,UPI,194.27,North
504263,11124,2025-05-07,Home,1,263.04,0.1,8,Card,236.74,North
504264,11454,2025-06-14,Home,1,37.66,0.1,4,UPI,33.89,West
504265,11034,2025-08-19,Beauty,4,307.08,0.0,6,Net Banking,1228.32,West
504266,10348,2025-03-22,Sports,4,165.92,0.1,2,UPI,597.31,South
504267,11091,2025-09-15,Sports,4,164.96,0.05,9,UPI,626.85,South
504268,10483,2025-01-09,Grocery,1,12.78,0.1,2,Net Banking,11.5,East
504269,10497,2025-05-01,Beauty,4,11.04,0.0,9,Card,44.16,South
504270,10968,2025-08-29,Beauty,2,120.51,0.15,4,UPI,204.87,North
504271,10474,2025-04-07,Beauty,1,51.31,0.05,1,COD,48.74,North
504272,10037,2025-06-07,Electronics,4,32.68,0.1,7,UPI,117.65,North
504273,11500,2025-08-10,Beauty,2,201.27,0.2,5,UPI,322.03,East
504274,10857,2025-04-01,Home,3,46.32,0.15,4,Card,118.12,West
504275,11006,2025-12-18,Beauty,1,50.37,0.0,6,Net Banking,50.37,South
504276,11214,2025-11-06,Electronics,1,31.64,0.05,6,Net Banking,30.06,South
504277,10952,2025-12-21,Sports,4,361.49,0.1,5,Card,1301.36,South
504278,10916,2025-06-30,Grocery,3,31.02,0.05,7,UPI,88.41,West
504279,11188,2025-05-06,Grocery,4,23.05,0.05,5,Card,87.59,West
504280,10444,2025-12-30,Electronics,1,85.38,0.1,6,Net Banking,76.84,North
504281,11243,2025-09-23,Electronics,4,11.53,0.15,3,Card,39.2,South
504282,11087,2025-10-17,Grocery,4,68.79,0.0,6,UPI,275.16,West
504283,10274,2025-03-08,Grocery,4,68.72,0.0,3,Net Banking,274.88,East
504284,10220,2025-11-14,Fashion,1,28.15,0.1,2,Net Banking,25.34,South
504285,11320,2025-07-12,Home,1,152.63,0.1,4,UPI,137.37,West
504286,11343,2025-10-10,Fashion,3,13.34,0.15,4,Card,34.02,South
504287,11491,2025-10-29,Fashion,1,285.22,0.1,6,COD,256.7,North
504288,10152,2025-02-08,Grocery,1,219.22,0.05,2,UPI,208.26,West
504289,11344,2025-02-06,Fashion,4,15.13,0.1,7,Net Banking,54.47,East
504290,11296,2025-01-24,Electronics,3,50.4,0.15,3,UPI,128.52,South
504291,11152,2025-08-23,Sports,4,19.38,0.0,1,UPI,77.52,West
504292,10747,2025-12-01,Sports,4,115.85,0.0,2,Net Banking,463.4,South
504293,10763,2025-01-11,Home,1,36.67,0.1,4,Net Banking,33.0,North
504294,10643,2025-02-20,Electronics,4,48.54,0.0,5,UPI,194.16,North
504295,10044,2025-06-27,Electronics,1,321.65,0.15,4,COD,273.4,South
504296,10751,2025-05-23,Grocery,2,123.08,0.0,2,COD,246.16,South
504297,10356,2025-02-07,Beauty,2,195.63,0.05,3,COD,371.7,South
504298,10301,2025-08-11,Fashion,1,81.91,0.15,2,Card,69.62,West
504299,10084,2025-11-27,Grocery,3,42.83,0.0,5,Net Banking,128.49,North
504300,10687,2025-03-19,Electronics,1,14.99,0.0,4,COD,14.99,South
504301,10072,2025-01-02,Home,4,14.49,0.0,6,COD,57.96,South
504302,11275,2025-03-24,Sports,4,66.09,0.2,1,Card,211.49,North
504303,11335,2025-03-09,Fashion,3,56.12,0.2,3,Card,134.69,West
504304,11202,2025-06-20,Electronics,1,80.17,0.05,9,UPI,76.16,East
504305,10452,2025-02-09,Sports,3,205.75,0.1,6,UPI,555.52,West
504306,10245,2025-05-12,Electronics,3,9.72,0.1,4,Net Banking,26.24,East
504307,10757,2025-02-13,Sports,2,100.55,0.0,3,Card,201.1,South
504308,11011,2025-09-04,Sports,2,148.63,0.0,7,Card,297.26,East
504309,10031,2025-06-21,Sports,2,96.28,0.15,8,UPI,163.68,West
504310,11286,2025-01-28,Beauty,4,27.35,0.0,2,COD,109.4,West
504311,10658,2025-01-16,Home,1,56.34,0.05,2,Card,53.52,South
504312,11230,2025-06-28,Grocery,3,12.62,0.0,5,COD,37.86,North
504313,10117,2025-08-05,Fashion,2,14.51,0.1,5,UPI,26.12,West
504314,10639,2025-03-05,Fashion,3,178.22,0.0,5,UPI,534.66,West
504315,10688,2025-04-29,Electronics,1,119.68,0.0,8,UPI,119.68,West
504316,10073,2025-08-10,Fashion,4,194.46,0.0,3,UPI,777.84,West
504317,11062,2025-06-21,Fashion,2,97.91,0.2,5,Card,156.66,East
504318,11397,2025-02-12,Home,4,21.16,0.0,6,COD,84.64,South
504319,10811,2025-05-23,Sports,1,198.7,0.05,6,Card,188.76,North
504320,10594,2025-03-14,Electronics,3,101.84,0.05,3,COD,290.24,East
504321,10955,2025-12-05,Sports,3,16.31,0.0,3,Net Banking,48.93,West
504322,10542,2025-10-21,Grocery,4,13.16,0.1,4,COD,47.38,East
504323,10540,2025-04-24,Fashion,1,144.79,0.0,8,Card,144.79,West
504324,11140,2025-03-27,Electronics,3,173.22,0.1,3,Card,467.69,East
504325,10887,2025-02-19,Fashion,1,12.85,0.05,4,Card,12.21,South
504326,10396,2025-09-27,Fashion,2,45.71,0.15,6,UPI,77.71,South
504327,10612,2025-12-02,Fashion,1,407.32,0.15,2,UPI,346.22,East
504328,11253,2025-04-10,Home,1,182.92,0.0,5,UPI,182.92,North
504329,10794,2025-08-22,Fashion,4,187.88,0.1,1,Card,676.37,North
504330,10115,2025-03-27,Home,3,38.55,0.1,5,UPI,104.08,North
504331,11286,2025-12-01,Fashion,4,19.51,0.15,5,Card,66.33,West
504332,11112,2025-04-20,Fashion,3,38.55,0.2,5,COD,92.52,South
504333,10401,2025-02-05,Fashion,3,81.4,0.1,3,UPI,219.78,South
504334,11449,2025-11-18,Sports,1,178.78,0.05,5,UPI,169.84,East
504335,11428,2025-12-12,Grocery,4,93.27,0.0,4,Card,373.08,North
504336,11494,2025-05-25,Sports,1,10.03,0.15,7,Card,8.53,West
504337,10567,2025-11-28,Sports,1,67.53,0.15,6,UPI,57.4,West
504338,11386,2025-03-30,Grocery,3,21.47,0.0,2,Card,64.41,North
504339,11210,2025-04-09,Home,3,95.95,0.1,3,UPI,259.07,South
504340,11307,2025-07-15,Home,1,48.84,0.0,3,Card,48.84,East
504341,10821,2025-08-08,Fashion,3,64.43,0.0,5,Card,193.29,North
504342,10419,2025-05-21,Beauty,3,69.28,0.05,4,Card,197.45,North
504343,10341,2025-10-19,Sports,2,115.89,0.0,4,Net Banking,231.78,North
504344,11450,2025-10-16,Electronics,3,14.09,0.1,10,UPI,38.04,North
504345,10754,2025-02-14,Electronics,3,346.32,0.0,3,Card,1038.96,South
504346,11392,2025-12-28,Sports,2,68.5,0.1,7,UPI,123.3,West
504347,10833,2025-02-28,Sports,1,62.14,0.1,4,Net Banking,55.93,South
504348,10802,2025-07-12,Home,2,43.37,0.1,1,UPI,78.07,South
504349,10110,2025-06-04,Home,4,16.92,0.0,5,Card,67.68,West
504350,10604,2025-06-14,Fashion,2,95.42,0.0,7,Card,190.84,West
504351,10835,2025-02-16,Beauty,3,34.77,0.1,6,Net Banking,93.88,West
504352,10164,2025-05-06,Home,2,292.67,0.1,5,Card,526.81,North
504353,10244,2025-01-12,Fashion,3,94.78,0.05,5,Card,270.12,South
504354,10886,2025-12-22,Sports,3,60.94,0.05,4,Card,173.68,South
504355,10373,2025-02-22,Sports,2,10.0,0.2,6,COD,16.0,South
504356,11051,2025-06-26,Sports,3,63.58,0.0,4,UPI,190.74,East
504357,10691,2025-03-20,Fashion,4,197.56,0.0,3,UPI,790.24,South
504358,10606,2025-03-06,Grocery,4,45.29,0.2,5,UPI,144.93,West
504359,10177,2025-05-23,Home,4,122.96,0.15,4,Card,418.06,South
504360,10610,2025-12-20,Electronics,1,20.14,0.0,7,Card,20.14,South
504361,10814,2025-06-24,Electronics,4,60.7,0.15,5,Net Banking,206.38,East
504362,10860,2025-12-17,Grocery,3,177.89,0.0,3,Card,533.67,South
504363,10406,2025-10-29,Fashion,2,54.06,0.15,2,UPI,91.9,West
504364,10042,2025-06-09,Home,2,231.42,0.1,3,Card,416.56,West
504365,11403,2025-11-25,Grocery,1,51.45,0.05,9,Card,48.88,West
504366,11437,2025-05-08,Home,4,244.26,0.15,4,Card,830.48,North
504367,11357,2025-07-03,Fashion,4,111.58,0.15,6,Card,379.37,South
504368,10435,2025-09-06,Home,1,374.41,0.0,2,Card,374.41,North
504369,10904,2025-08-04,Electronics,3,70.14,0.1,2,Net Banking,189.38,South
504370,10212,2025-10-30,Home,3,55.2,0.1,4,UPI,149.04,East
504371,11359,2025-03-01,Home,1,30.47,0.05,8,COD,28.95,East
504372,10009,2025-07-01,Fashion,3,104.82,0.0,2,COD,314.46,North
504373,10707,2025-08-31,Electronics,4,361.79,0.0,3,UPI,1447.16,West
504374,11286,2025-05-01,Home,2,18.73,0.2,6,COD,29.97,West
504375,11089,2025-11-13,Fashion,3,360.45,0.05,8,UPI,1027.28,South
504376,11295,2025-04-21,Beauty,4,398.17,0.05,5,Card,1513.05,South
504377,10745,2025-04-20,Fashion,2,171.13,0.1,6,UPI,308.03,South
504378,10143,2025-04-30,Fashion,1,66.38,0.0,3,UPI,66.38,West
504379,10012,2025-09-04,Grocery,2,210.72,0.0,2,Card,421.44,West
504380,10229,2025-02-13,Grocery,1,20.19,0.0,2,Card,20.19,East
504381,10087,2025-02-22,Home,2,85.1,0.0,3,UPI,170.2,West
504382,10672,2025-10-12,Sports,3,201.97,0.15,5,Card,515.02,East
504383,10076,2025-03-17,Fashion,1,251.81,0.0,2,Card,251.81,South
504384,10279,2025-02-08,Fashion,3,81.13,0.0,5,UPI,243.39,West
504385,10630,2025-04-07,Sports,4,31.91,0.05,4,COD,121.26,West
504386,11104,2025-05-26,Electronics,2,416.99,0.15,3,Net Banking,708.88,West
504387,11012,2025-01-13,Beauty,4,96.91,0.0,6,UPI,387.64,East
504388,10088,2025-11-01,Sports,2,173.87,0.0,3,Net Banking,347.74,South
504389,11355,2025-02-12,Grocery,3,101.01,0.1,7,Net Banking,272.73,West
504390,10825,2025-05-28,Electronics,1,246.55,0.05,6,Card,234.22,West
504391,10524,2025-03-15,Beauty,2,48.02,0.1,3,Net Banking,86.44,East
504392,10575,2025-04-18,Home,4,58.22,0.0,7,COD,232.88,West
504393,11273,2025-01-17,Home,3,201.15,0.15,2,COD,512.93,South
504394,10698,2025-12-13,Electronics,3,77.96,0.1,7,UPI,210.49,East
504395,10369,2025-12-09,Fashion,3,30.33,0.15,5,COD,77.34,South
504396,10638,2025-02-16,Sports,1,162.41,0.2,1,UPI,129.93,East
504397,10103,2025-03-14,Fashion,4,40.11,0.1,2,COD,144.4,South
504398,10230,2025-11-19,Beauty,2,14.51,0.0,4,UPI,29.02,North
504399,10472,2025-06-01,Sports,1,39.97,0.1,6,COD,35.97,South
504400,10331,2025-01-23,Fashion,4,14.11,0.1,4,Net Banking,50.8,West
504401,10524,2025-02-19,Grocery,1,216.85,0.0,4,Card,216.85,East
504402,10098,2025-05-31,Beauty,4,357.79,0.0,5,Card,1431.16,North
504403,10916,2025-07-23,Home,2,20.59,0.0,1,UPI,41.18,West
504404,10173,2025-08-19,Beauty,1,307.51,0.15,6,UPI,261.38,South
504405,10326,2025-02-25,Fashion,1,123.81,0.1,7,Net Banking,111.43,East
504406,11467,2025-05-16,Beauty,3,395.19,0.1,6,COD,1067.01,South
504407,10009,2025-04-06,Sports,3,20.88,0.1,4,COD,56.38,North
504408,10420,2025-07-15,Electronics,1,10.19,0.1,3,COD,9.17,West
504409,10751,2025-04-28,Fashion,2,425.15,0.15,2,Card,722.76,South
504410,10461,2025-03-16,Beauty,1,29.44,0.0,2,Card,29.44,East
504411,10481,2025-10-25,Home,3,74.15,0.0,9,UPI,222.45,South
504412,10191,2025-07-27,Fashion,4,434.08,0.1,4,UPI,1562.69,West
504413,10636,2025-06-22,Sports,2,41.9,0.15,6,COD,71.23,North
504414,11133,2025-02-19,Fashion,4,10.8,0.15,6,COD,36.72,North
504415,10882,2025-01-26,Electronics,2,184.4,0.2,5,UPI,295.04,East
504416,11387,2025-10-18,Electronics,1,49.97,0.1,3,Card,44.97,East
504417,11050,2025-12-20,Beauty,2,10.44,0.0,6,Card,20.88,South
504418,11185,2025-08-02,Sports,4,31.15,0.0,2,Card,124.6,North
504419,10648,2025-01-15,Home,4,77.55,0.05,6,Card,294.69,South
504420,10919,2025-06-25,Home,3,273.77,0.1,2,UPI,739.18,South
504421,10868,2025-04-13,Grocery,2,25.01,0.05,4,COD,47.52,West
504422,11220,2025-01-20,Electronics,4,74.05,0.0,4,COD,296.2,North
504423,10752,2025-02-21,Electronics,3,16.83,0.05,7,UPI,47.97,South
504424,10607,2025-07-02,Electronics,4,29.51,0.15,1,Card,100.33,West
504425,10106,2025-06-05,Grocery,3,21.3,0.0,9,Card,63.9,East
504426,11290,2025-07-25,Beauty,3,74.34,0.1,3,Net Banking,200.72,East
504427,10654,2025-09-11,Electronics,4,106.38,0.0,4,Net Banking,425.52,North
504428,11198,2025-04-07,Home,4,14.41,0.1,5,Card,51.88,East
504429,11018,2025-04-15,Grocery,3,14.68,0.1,5,Card,39.64,West
504430,10003,2025-09-05,Sports,1,185.77,0.0,6,Net Banking,185.77,West
504431,10978,2025-03-13,Home,2,25.26,0.1,6,UPI,45.47,South
504432,10732,2025-01-29,Home,3,112.65,0.1,9,Card,304.16,North
504433,10360,2025-11-08,Electronics,3,14.18,0.0,6,UPI,42.54,East
504434,10397,2025-03-18,Sports,2,85.25,0.15,4,UPI,144.92,West
504435,10957,2025-02-14,Electronics,1,293.33,0.1,3,Net Banking,264.0,West
504436,10130,2025-09-27,Home,4,55.51,0.05,3,UPI,210.94,East
504437,10910,2025-07-14,Beauty,4,73.62,0.0,7,COD,294.48,South
504438,11270,2025-02-23,Fashion,1,27.64,0.05,8,COD,26.26,South
504439,10131,2025-11-07,Fashion,2,26.43,0.0,7,Card,52.86,North
504440,10012,2025-03-31,Sports,2,13.52,0.0,1,UPI,27.04,West
504441,10091,2025-09-04,Home,4,43.49,0.1,1,Card,156.56,North
504442,11096,2025-08-26,Beauty,4,313.96,0.15,4,Net Banking,1067.46,South
504443,11272,2025-10-30,Beauty,2,16.32,0.0,4,UPI,32.64,South
504444,11483,2025-09-24,Electronics,2,49.37,0.1,5,UPI,88.87,East
504445,10044,2025-09-14,Sports,2,251.2,0.1,7,COD,452.16,South
504446,10724,2025-01-19,Fashion,1,58.71,0.1,7,COD,52.84,West
504447,10073,2025-12-09,Beauty,2,147.09,0.15,5,Card,250.05,West
504448,10557,2025-02-16,Grocery,2,37.48,0.05,1,UPI,71.21,South
504449,10462,2025-04-03,Home,1,93.28,0.1,2,UPI,83.95,North
504450,10909,2025-06-12,Grocery,3,354.93,0.0,5,UPI,1064.79,South
504451,11364,2025-04-16,Sports,4,85.64,0.0,5,Card,342.56,North
504452,11208,2025-08-05,Home,2,138.18,0.05,2,Net Banking,262.54,South
504453,10096,2025-01-20,Sports,2,115.46,0.0,6,COD,230.92,East
504454,10361,2025-06-15,Sports,2,9.83,0.0,1,Card,19.66,West
504455,10413,2025-05-08,Beauty,1,17.2,0.0,1,Card,17.2,North
504456,10377,2025-08-25,Beauty,3,109.65,0.0,3,COD,328.95,West
504457,10530,2025-07-09,Grocery,2,40.22,0.05,7,Card,76.42,South
504458,10911,2025-10-03,Electronics,4,53.32,0.0,8,COD,213.28,West
504459,11110,2025-03-02,Electronics,2,59.56,0.0,1,Card,119.12,North
504460,11410,2025-12-13,Fashion,4,175.4,0.1,1,UPI,631.44,East
504461,11055,2025-05-24,Grocery,2,377.26,0.1,6,Card,679.07,South
504462,10448,2025-05-08,Fashion,1,334.83,0.15,4,UPI,284.61,East
504463,10277,2025-07-20,Electronics,2,11.56,0.15,7,Card,19.65,South
504464,10566,2025-03-01,Fashion,4,161.52,0.15,6,COD,549.17,East
504465,11200,2025-10-25,Home,2,164.32,0.1,6,COD,295.78,West
504466,11490,2025-04-07,Sports,4,215.06,0.0,3,UPI,860.24,South
504467,10589,2025-12-05,Fashion,3,48.94,0.0,5,COD,146.82,North
504468,10265,2025-02-24,Beauty,3,61.57,0.15,9,UPI,157.0,West
504469,10008,2025-11-12,Fashion,4,40.01,0.2,5,Card,128.03,West
504470,10116,2025-05-24,Sports,3,35.27,0.05,4,UPI,100.52,West
504471,10956,2025-08-10,Sports,3,29.35,0.05,4,Card,83.65,West
504472,10885,2025-11-15,Beauty,1,114.49,0.0,1,COD,114.49,North
504473,10965,2025-02-17,Fashion,3,14.97,0.0,2,UPI,44.91,West
504474,10037,2025-05-07,Electronics,3,165.18,0.05,3,COD,470.76,North
504475,10656,2025-12-13,Beauty,1,199.16,0.0,1,COD,199.16,South
504476,10271,2025-02-24,Beauty,3,27.62,0.05,1,COD,78.72,North
504477,10505,2025-02-07,Fashion,3,29.32,0.1,1,Net Banking,79.16,South
504478,10934,2025-07-10,Grocery,2,76.19,0.15,3,Card,129.52,West
504479,10414,2025-01-10,Grocery,1,223.69,0.15,6,UPI,190.14,West
504480,10990,2025-12-29,Beauty,1,19.41,0.0,4,COD,19.41,West
504481,10434,2025-11-26,Fashion,1,40.58,0.05,4,Card,38.55,West
504482,10766,2025-03-10,Electronics,1,22.98,0.1,6,COD,20.68,North
504483,10689,2025-03-05,Beauty,1,191.62,0.1,8,COD,172.46,West
504484,10576,2025-10-11,Sports,3,216.93,0.2,9,COD,520.63,South
504485,10190,2025-07-10,Sports,2,14.42,0.0,5,Card,28.84,South
504486,10865,2025-10-28,Grocery,1,15.92,0.0,4,Card,15.92,North
504487,11486,2025-12-20,Beauty,1,14.97,0.05,4,Net Banking,14.22,North
504488,10966,2025-05-27,Grocery,3,252.92,0.05,6,Card,720.82,South
504489,11119,2025-04-03,Grocery,4,416.69,0.05,4,Card,1583.42,South
504490,11206,2025-08-15,Fashion,4,36.37,0.0,4,COD,145.48,North
504491,10058,2025-08-20,Electronics,4,17.45,0.0,4,UPI,69.8,East
504492,11190,2025-06-07,Beauty,2,99.37,0.05,3,COD,188.8,East
504493,10364,2025-04-20,Sports,3,241.24,0.1,1,UPI,651.35,North
504494,10998,2025-04-06,Fashion,1,410.92,0.0,3,Net Banking,410.92,North
504495,11476,2025-07-10,Grocery,1,44.26,0.15,7,Card,37.62,South
504496,11342,2025-06-05,Sports,1,180.9,0.1,7,UPI,162.81,West
504497,10622,2025-06-16,Electronics,1,383.54,0.0,6,COD,383.54,South
504498,11258,2025-02-04,Grocery,2,249.09,0.0,4,COD,498.18,West
504499,10928,2025-11-18,Beauty,1,41.96,0.0,3,UPI,41.96,West
504500,10200,2025-09-16,Sports,4,30.33,0.0,8,UPI,121.32,South
504501,10360,2025-12-02,Fashion,3,36.32,0.1,2,Card,98.06,East
504502,11436,2025-10-30,Beauty,3,33.7,0.15,5,Card,85.94,West
504503,11373,2025-08-14,Electronics,1,342.83,0.0,8,UPI,342.83,South
504504,11338,2025-04-23,Electronics,4,139.78,0.0,5,Card,559.12,East
504505,10577,2025-08-27,Fashion,1,192.13,0.15,4,Card,163.31,West
504506,10482,2025-07-26,Fashion,4,122.34,0.05,7,COD,464.89,North
504507,11210,2025-12-04,Fashion,3,45.95,0.05,5,COD,130.96,South
504508,10031,2025-03-26,Electronics,1,153.52,0.05,5,UPI,145.84,West
504509,11347,2025-01-10,Fashion,1,110.0,0.0,8,COD,110.0,South
504510,10906,2025-02-16,Electronics,3,169.5,0.0,1,Card,508.5,East
504511,10950,2025-03-05,Electronics,4,37.38,0.2,5,Card,119.62,South
504512,10658,2025-08-31,Beauty,2,21.31,0.1,3,UPI,38.36,South
504513,11469,2025-02-23,Fashion,1,17.9,0.0,4,COD,17.9,West
504514,11125,2025-02-18,Fashion,2,27.51,0.15,5,COD,46.77,South
504515,10081,2025-05-25,Grocery,2,397.05,0.05,3,UPI,754.4,East
504516,10787,2025-10-13,Grocery,2,331.11,0.0,5,UPI,662.22,West
504517,11290,2025-06-04,Beauty,4,21.92,0.2,5,Card,70.14,East
504518,10115,2025-04-10,Sports,2,81.05,0.1,5,Net Banking,145.89,North
504519,11106,2025-04-14,Electronics,1,414.15,0.1,5,Card,372.74,West
504520,10368,2025-10-26,Grocery,3,164.99,0.0,4,UPI,494.97,East
504521,10760,2025-06-08,Beauty,3,98.62,0.0,4,COD,295.86,South
504522,11324,2025-05-15,Sports,3,85.43,0.15,5,Card,217.85,West
504523,10739,2025-10-10,Grocery,3,42.2,0.0,3,Card,126.6,South
504524,10057,2025-05-15,Sports,2,410.48,0.15,7,UPI,697.82,South
504525,10032,2025-05-11,Grocery,2,14.41,0.1,4,UPI,25.94,West
504526,11106,2025-10-01,Electronics,1,266.74,0.05,4,Card,253.4,West
504527,11397,2025-04-30,Home,1,249.89,0.15,5,COD,212.41,South
504528,10438,2025-07-06,Fashion,3,22.25,0.15,4,COD,56.74,South
504529,11404,2025-08-31,Fashion,2,72.96,0.15,7,Net Banking,124.03,South
504530,10679,2025-03-15,Electronics,3,236.98,0.05,6,Card,675.39,North
504531,10089,2025-02-16,Sports,4,57.4,0.1,5,Card,206.64,North
504532,10797,2025-11-07,Electronics,3,35.8,0.0,6,Card,107.4,North
504533,11461,2025-04-19,Grocery,1,12.37,0.0,5,Card,12.37,West
504534,10376,2025-05-05,Electronics,1,62.4,0.15,2,UPI,53.04,North
504535,11441,2025-08-04,Beauty,1,25.09,0.2,6,COD,20.07,North
504536,10978,2025-02-07,Sports,2,188.87,0.0,1,UPI,377.74,South
504537,10595,2025-01-17,Fashion,1,246.26,0.1,1,Net Banking,221.63,North
504538,11041,2025-06-01,Sports,4,33.71,0.15,6,COD,114.61,North
504539,10602,2025-12-20,Sports,2,22.8,0.1,5,UPI,41.04,West
504540,10128,2025-07-29,Grocery,3,27.07,0.0,5,UPI,81.21,North
504541,11307,2025-07-31,Beauty,1,61.47,0.0,7,COD,61.47,East
504542,10561,2025-08-11,Grocery,1,94.08,0.05,4,Card,89.38,North
504543,10849,2025-11-11,Fashion,1,17.42,0.15,4,Card,14.81,North
504544,11117,2025-11-01,Grocery,2,353.31,0.0,6,UPI,706.62,North
504545,10125,2025-01-09,Sports,2,166.44,0.05,3,Net Banking,316.24,North
504546,11083,2025-07-17,Electronics,2,17.61,0.1,4,Card,31.7,West
504547,10548,2025-07-19,Fashion,4,34.7,0.15,5,Card,117.98,North
504548,10817,2025-03-23,Grocery,3,167.31,0.15,5,Net Banking,426.64,West
504549,10686,2025-12-22,Electronics,3,87.03,0.15,4,COD,221.93,South
504550,11167,2025-04-06,Grocery,1,65.97,0.1,4,COD,59.37,West
504551,10282,2025-11-01,Electronics,2,12.76,0.15,2,COD,21.69,North
504552,10162,2025-02-06,Grocery,3,57.87,0.1,3,Net Banking,156.25,West
504553,10617,2025-08-08,Sports,3,89.55,0.1,8,COD,241.78,West
504554,10178,2025-09-26,Electronics,4,175.24,0.0,4,COD,700.96,West
504555,10365,2025-07-04,Sports,2,47.99,0.05,5,UPI,91.18,East
504556,10987,2025-02-08,Electronics,2,59.5,0.0,2,COD,119.0,South
504557,11229,2025-02-15,Fashion,4,20.28,0.15,10,Net Banking,68.95,West
504558,11041,2025-08-10,Grocery,2,122.23,0.0,3,Card,244.46,North
504559,10477,2025-11-11,Home,3,115.89,0.0,2,Card,347.67,South
504560,11222,2025-08-06,Home,1,165.56,0.2,4,Card,132.45,North
504561,10610,2025-02-06,Beauty,1,115.71,0.1,3,Card,104.14,South
504562,10272,2025-10-14,Beauty,1,398.59,0.1,5,UPI,358.73,North
504563,11135,2025-06-17,Electronics,2,213.72,0.1,1,Card,384.7,West
504564,10776,2025-01-28,Beauty,4,268.37,0.0,7,UPI,1073.48,West
504565,10556,2025-05-15,Home,1,41.83,0.0,6,Card,41.83,North
504566,10992,2025-03-16,Electronics,4,11.48,0.1,4,Net Banking,41.33,West
504567,11088,2025-12-27,Home,4,13.77,0.15,1,UPI,46.82,West
504568,10336,2025-11-28,Electronics,1,175.33,0.05,3,Net Banking,166.56,East
504569,10176,2025-02-08,Grocery,1,224.36,0.0,5,Card,224.36,North
504570,10776,2025-07-28,Grocery,4,85.42,0.0,2,Net Banking,341.68,West
504571,10078,2025-01-03,Beauty,3,142.55,0.05,2,UPI,406.27,East
504572,10958,2025-06-17,Grocery,1,14.94,0.0,7,UPI,14.94,South
504573,10660,2025-02-26,Beauty,4,78.55,0.0,5,Card,314.2,South
504574,10322,2025-09-30,Grocery,3,114.86,0.05,5,Card,327.35,South
504575,10898,2025-01-27,Home,3,21.79,0.1,6,COD,58.83,North
504576,10564,2025-11-26,Home,3,133.69,0.1,4,Card,360.96,East
504577,10583,2025-03-26,Sports,1,43.25,0.0,4,Card,43.25,North
504578,10325,2025-04-06,Home,2,18.6,0.0,5,Net Banking,37.2,West
504579,11015,2025-11-20,Sports,1,113.51,0.0,6,UPI,113.51,South
504580,11355,2025-11-26,Beauty,3,47.16,0.1,5,UPI,127.33,West
504581,10929,2025-02-05,Beauty,4,66.38,0.0,7,COD,265.52,East
504582,10356,2025-02-09,Beauty,3,67.33,0.15,5,UPI,171.69,South
504583,11251,2025-11-08,Sports,3,95.66,0.0,2,Card,286.98,North
504584,10182,2025-12-23,Electronics,1,41.41,0.1,7,Card,37.27,West
504585,10435,2025-06-28,Sports,3,206.65,0.0,4,UPI,619.95,North
504586,10053,2025-03-02,Sports,4,240.09,0.1,3,UPI,864.32,West
504587,11273,2025-02-25,Sports,1,60.29,0.1,6,UPI,54.26,South
504588,10068,2025-04-08,Grocery,1,14.74,0.0,5,UPI,14.74,South
504589,10820,2025-09-08,Sports,3,20.19,0.05,2,UPI,57.54,South
504590,10288,2025-02-05,Fashion,1,159.99,0.0,6,UPI,159.99,South
504591,10319,2025-08-23,Beauty,1,27.87,0.05,8,COD,26.48,South
504592,10913,2025-10-21,Beauty,4,161.06,0.15,5,Net Banking,547.6,West
504593,11206,2025-02-22,Sports,1,123.79,0.1,4,UPI,111.41,North
504594,10027,2025-12-26,Beauty,2,45.15,0.1,1,Card,81.27,South
504595,10238,2025-12-27,Fashion,2,18.3,0.0,9,Card,36.6,West
504596,10431,2025-04-19,Electronics,2,84.85,0.05,3,UPI,161.21,West
504597,11416,2025-02-10,Home,2,107.79,0.1,2,UPI,194.02,West
504598,10088,2025-04-29,Home,2,19.07,0.0,5,Card,38.14,South
504599,10268,2025-04-05,Beauty,4,268.35,0.0,7,UPI,1073.4,North
504600,10606,2025-04-12,Fashion,1,17.15,0.0,7,Net Banking,17.15,West
504601,10489,2025-12-04,Sports,1,43.54,0.0,3,COD,43.54,East
504602,10073,2025-02-26,Beauty,2,60.07,0.2,4,COD,96.11,West
504603,10811,2025-04-26,Electronics,4,175.48,0.0,5,COD,701.92,North
504604,10912,2025-10-15,Fashion,2,29.64,0.0,6,UPI,59.28,West
504605,10266,2025-01-21,Electronics,1,31.68,0.0,6,Card,31.68,North
504606,11033,2025-01-23,Grocery,3,221.25,0.0,5,UPI,663.75,South
504607,10086,2025-04-21,Sports,3,37.21,0.05,6,Card,106.05,North
504608,11098,2025-12-20,Home,2,86.26,0.0,2,UPI,172.52,West
504609,10389,2025-11-03,Home,1,41.37,0.0,5,UPI,41.37,North
504610,10337,2025-12-05,Electronics,4,11.86,0.0,5,COD,47.44,North
504611,10295,2025-11-12,Beauty,4,83.2,0.1,4,UPI,299.52,West
504612,11303,2025-02-13,Electronics,4,39.97,0.05,4,UPI,151.89,West
504613,10754,2025-05-27,Grocery,4,23.32,0.1,5,COD,83.95,South
504614,11036,2025-07-13,Electronics,2,246.94,0.0,3,UPI,493.88,East
504615,10306,2025-03-02,Fashion,2,170.0,0.0,10,UPI,340.0,South
504616,10085,2025-12-29,Fashion,4,23.5,0.2,7,UPI,75.2,North
504617,10058,2025-08-09,Home,2,63.99,0.0,7,Card,127.98,East
504618,10662,2025-11-08,Sports,4,175.58,0.05,3,COD,667.2,West
504619,10490,2025-04-05,Electronics,3,13.26,0.0,3,COD,39.78,East
504620,11152,2025-09-19,Grocery,4,13.59,0.0,4,COD,54.36,West
504621,11183,2025-02-08,Sports,1,65.86,0.1,5,Card,59.27,North
504622,10467,2025-01-09,Fashion,3,393.75,0.1,2,Net Banking,1063.12,East
504623,10651,2025-08-22,Grocery,4,392.5,0.0,5,COD,1570.0,South
504624,10573,2025-01-25,Beauty,1,47.5,0.05,7,Net Banking,45.12,South
504625,11013,2025-04-11,Home,3,138.26,0.05,1,UPI,394.04,South
504626,10945,2025-10-17,Electronics,1,49.71,0.05,3,Card,47.22,South
504627,10977,2025-07-01,Grocery,4,396.41,0.15,7,UPI,1347.79,South
504628,10084,2025-05-18,Beauty,4,62.1,0.1,5,Card,223.56,North
504629,10507,2025-04-17,Sports,1,262.55,0.0,3,COD,262.55,South
504630,11451,2025-09-01,Home,3,32.02,0.0,6,COD,96.06,West
504631,10513,2025-12-15,Grocery,2,412.24,0.1,3,COD,742.03,North
504632,10262,2025-09-27,Grocery,4,130.52,0.0,4,UPI,522.08,West
504633,10300,2025-05-12,Home,2,169.91,0.15,2,Card,288.85,East
504634,10041,2025-06-04,Beauty,3,12.63,0.15,5,Net Banking,32.21,South
504635,11172,2025-02-07,Sports,1,241.48,0.0,7,UPI,241.48,West
504636,10008,2025-02-22,Home,1,22.29,0.15,4,UPI,18.95,West
504637,10895,2025-04-08,Electronics,4,288.28,0.0,6,Card,1153.12,West
504638,10600,2025-05-22,Home,2,15.61,0.0,4,COD,31.22,East
504639,10143,2025-12-28,Fashion,4,183.83,0.2,7,Card,588.26,West
504640,11327,2025-11-14,Electronics,4,103.38,0.1,4,UPI,372.17,South
504641,11113,2025-02-11,Beauty,4,40.64,0.05,8,Card,154.43,East
504642,11230,2025-05-01,Grocery,1,181.43,0.15,6,COD,154.22,North
504643,11405,2025-01-21,Electronics,1,40.28,0.0,5,Card,40.28,North
504644,11369,2025-01-23,Electronics,3,11.94,0.1,5,UPI,32.24,North
504645,11051,2025-05-17,Beauty,4,14.68,0.2,4,UPI,46.98,East
504646,10801,2025-12-17,Electronics,4,213.89,0.15,3,Card,727.23,West
504647,11046,2025-03-09,Electronics,3,43.51,0.05,5,UPI,124.0,South
504648,10674,2025-09-06,Home,1,231.1,0.0,2,UPI,231.1,East
504649,10272,2025-05-24,Electronics,3,14.95,0.15,3,COD,38.12,North
504650,10579,2025-07-17,Sports,2,13.01,0.0,3,Net Banking,26.02,West
504651,10701,2025-11-14,Electronics,4,334.55,0.15,6,UPI,1137.47,South
504652,10070,2025-10-30,Fashion,3,20.91,0.0,6,Card,62.73,South
504653,11272,2025-10-30,Sports,1,101.91,0.0,7,Card,101.91,South
504654,11365,2025-05-31,Fashion,4,32.86,0.0,4,Card,131.44,South
504655,10630,2025-01-18,Fashion,4,71.07,0.05,3,Card,270.07,West
504656,10745,2025-12-26,Beauty,3,21.46,0.0,2,Card,64.38,South
504657,11262,2025-12-29,Grocery,4,28.24,0.05,5,Card,107.31,South
504658,10683,2025-11-10,Electronics,1,131.73,0.15,7,UPI,111.97,North
504659,11033,2025-06-24,Electronics,2,82.42,0.0,4,COD,164.84,South
504660,10773,2025-04-13,Grocery,1,69.59,0.1,5,Card,62.63,East
504661,10407,2025-03-05,Electronics,2,293.05,0.05,4,UPI,556.79,South
504662,11192,2025-05-16,Home,2,43.31,0.1,5,UPI,77.96,South
504663,10290,2025-05-03,Home,2,182.55,0.05,6,UPI,346.84,North
504664,10337,2025-04-11,Electronics,2,165.67,0.15,8,Card,281.64,North
504665,11038,2025-12-13,Electronics,3,45.8,0.05,5,UPI,130.53,South
504666,11065,2025-08-29,Fashion,1,21.08,0.05,6,Card,20.03,South
504667,11432,2025-03-23,Fashion,2,33.76,0.0,4,Card,67.52,East
504668,11067,2025-08-22,Electronics,4,261.83,0.05,4,Card,994.95,South
504669,10038,2025-09-15,Grocery,3,37.9,0.0,4,UPI,113.7,South
504670,11275,2025-07-10,Electronics,1,101.88,0.1,4,COD,91.69,North
504671,10621,2025-12-12,Sports,2,20.34,0.05,5,COD,38.65,West
504672,10014,2025-12-19,Sports,4,29.2,0.1,6,Card,105.12,West
504673,10869,2025-06-07,Fashion,1,419.04,0.05,5,Card,398.09,North
504674,10256,2025-06-22,Beauty,4,61.6,0.1,4,Net Banking,221.76,West
504675,10624,2025-03-21,Electronics,2,178.12,0.0,5,Card,356.24,South
504676,10707,2025-10-14,Home,3,24.08,0.1,3,Card,65.02,West
504677,10112,2025-12-06,Grocery,2,123.95,0.2,6,COD,198.32,North
504678,11276,2025-08-29,Beauty,3,306.31,0.05,4,UPI,872.98,South
504679,10766,2025-03-15,Electronics,4,396.39,0.0,2,UPI,1585.56,North
504680,11448,2025-07-09,Sports,1,49.11,0.1,5,COD,44.2,South
504681,10698,2025-10-18,Sports,2,80.31,0.0,6,Card,160.62,East
504682,10893,2025-01-16,Electronics,3,239.73,0.05,3,Card,683.23,South
504683,11219,2025-08-04,Electronics,2,246.0,0.0,6,UPI,492.0,East
504684,10319,2025-08-28,Electronics,2,422.06,0.05,6,Net Banking,801.91,South
504685,11364,2025-07-15,Electronics,4,10.43,0.15,8,COD,35.46,North
504686,10277,2025-08-23,Fashion,1,83.0,0.0,4,Card,83.0,South
504687,11494,2025-11-23,Electronics,1,167.84,0.05,4,UPI,159.45,West
504688,10960,2025-02-15,Fashion,3,158.04,0.0,3,Card,474.12,South
504689,10779,2025-07-28,Home,1,16.52,0.0,5,UPI,16.52,West
504690,10316,2025-10-18,Grocery,1,70.42,0.1,4,Card,63.38,South
504691,10854,2025-10-28,Sports,4,16.01,0.1,6,Net Banking,57.64,West
504692,10830,2025-06-20,Beauty,2,13.48,0.15,4,COD,22.92,South
504693,11476,2025-12-31,Beauty,1,20.1,0.0,5,Net Banking,20.1,South
504694,11253,2025-04-29,Electronics,3,310.17,0.0,4,Card,930.51,North
504695,10725,2025-06-10,Electronics,2,22.84,0.05,1,UPI,43.4,North
504696,10585,2025-10-28,Fashion,2,60.28,0.1,6,Net Banking,108.5,West
504697,10581,2025-06-10,Electronics,2,25.31,0.1,1,COD,45.56,South
504698,10568,2025-05-06,Fashion,1,230.56,0.1,4,Card,207.5,North
504699,10021,2025-07-22,Beauty,4,270.9,0.15,4,UPI,921.06,West
504700,10055,2025-08-15,Electronics,1,89.32,0.0,4,COD,89.32,East
504701,11128,2025-12-21,Fashion,2,238.09,0.2,5,UPI,380.94,East
504702,10382,2025-08-14,Fashion,2,20.67,0.2,5,Net Banking,33.07,West
504703,10617,2025-03-09,Sports,3,330.31,0.0,5,COD,990.93,West
504704,11048,2025-01-20,Home,3,46.95,0.0,4,UPI,140.85,West
504705,10912,2025-12-20,Fashion,2,60.18,0.1,10,UPI,108.32,West
504706,10541,2025-06-04,Grocery,3,15.21,0.05,4,UPI,43.35,West
504707,11129,2025-03-15,Home,1,191.58,0.0,2,COD,191.58,East
504708,10238,2025-03-23,Grocery,1,17.73,0.05,2,UPI,16.84,West
504709,10709,2025-02-08,Sports,4,255.04,0.1,6,Card,918.14,South
504710,10159,2025-03-14,Beauty,3,150.71,0.15,1,UPI,384.31,West
504711,10798,2025-10-12,Grocery,3,138.26,0.15,2,Card,352.56,North
504712,10143,2025-08-28,Grocery,4,11.87,0.15,2,COD,40.36,West
504713,11413,2025-08-07,Home,4,150.07,0.05,5,UPI,570.27,West
504714,10989,2025-01-05,Grocery,3,394.51,0.1,7,UPI,1065.18,South
504715,10369,2025-09-03,Electronics,4,41.68,0.0,3,UPI,166.72,South
504716,10919,2025-12-20,Electronics,3,47.23,0.05,5,Net Banking,134.61,South
504717,10525,2025-12-03,Electronics,1,20.14,0.15,1,Card,17.12,North
504718,10778,2025-05-25,Beauty,3,55.78,0.15,3,UPI,142.24,North
504719,10252,2025-08-08,Grocery,4,114.51,0.1,6,Card,412.24,West
504720,10751,2025-04-20,Fashion,4,26.47,0.0,4,UPI,105.88,South
504721,10161,2025-11-21,Fashion,3,120.99,0.0,6,COD,362.97,North
504722,10230,2025-12-02,Electronics,4,13.14,0.1,1,UPI,47.3,North
504723,10877,2025-03-23,Fashion,1,107.55,0.0,3,Net Banking,107.55,South
504724,10751,2025-06-27,Beauty,1,75.26,0.0,5,Card,75.26,South
504725,10441,2025-03-28,Beauty,2,23.16,0.15,5,Card,39.37,West
504726,10090,2025-08-13,Home,1,29.54,0.0,6,UPI,29.54,South
504727,10636,2025-04-17,Home,4,22.13,0.05,5,UPI,84.09,North
504728,11389,2025-09-11,Grocery,1,89.73,0.0,2,UPI,89.73,West
504729,11063,2025-12-25,Fashion,3,87.81,0.0,3,COD,263.43,South
504730,10088,2025-11-15,Beauty,4,63.7,0.0,9,Net Banking,254.8,South
504731,11407,2025-03-08,Electronics,1,14.96,0.0,2,UPI,14.96,West
504732,10636,2025-02-17,Sports,1,23.03,0.05,2,Net Banking,21.88,North
504733,10864,2025-10-25,Beauty,3,274.79,0.05,6,Card,783.15,East
504734,10001,2025-01-30,Beauty,4,51.51,0.05,2,COD,195.74,West
504735,10466,2025-05-27,Sports,1,47.75,0.15,8,Net Banking,40.59,East
504736,11180,2025-12-29,Electronics,1,39.35,0.05,10,Net Banking,37.38,North
504737,10497,2025-06-13,Fashion,4,353.94,0.1,4,Card,1274.18,South
504738,10250,2025-01-04,Grocery,3,20.33,0.1,5,Card,54.89,South
504739,10136,2025-12-22,Beauty,3,156.95,0.05,1,Card,447.31,North
504740,11388,2025-09-16,Electronics,2,140.52,0.0,7,UPI,281.04,South
504741,11220,2025-05-01,Home,2,26.43,0.15,1,Card,44.93,North
504742,10066,2025-08-12,Electronics,2,10.54,0.05,2,COD,20.03,East
504743,11388,2025-08-12,Fashion,1,25.43,0.1,5,UPI,22.89,South
504744,11232,2025-07-21,Beauty,2,22.18,0.1,6,Card,39.92,East
504745,10540,2025-12-17,Electronics,4,140.17,0.15,2,UPI,476.58,West
504746,10985,2025-10-14,Sports,3,77.65,0.05,3,Card,221.3,North
504747,10387,2025-04-05,Home,4,45.12,0.05,1,UPI,171.46,East
504748,10375,2025-12-29,Beauty,2,49.39,0.05,4,Net Banking,93.84,North
504749,11072,2025-12-18,Grocery,4,291.52,0.1,3,COD,1049.47,East
504750,10304,2025-01-18,Electronics,2,388.23,0.0,3,UPI,776.46,South
504751,10533,2025-04-19,Home,3,12.51,0.15,6,UPI,31.9,South
504752,10537,2025-08-13,Home,3,256.57,0.15,5,UPI,654.25,South
504753,10226,2025-11-17,Fashion,4,36.43,0.0,6,UPI,145.72,West
504754,11243,2025-09-19,Home,4,187.11,0.0,4,Card,748.44,South
504755,11011,2025-07-29,Grocery,1,317.98,0.15,6,UPI,270.28,East
504756,11293,2025-04-22,Electronics,4,79.38,0.0,4,Card,317.52,East
504757,10786,2025-02-05,Grocery,3,99.45,0.0,4,UPI,298.35,South
504758,10263,2025-11-22,Fashion,3,48.46,0.0,6,UPI,145.38,South
504759,10420,2025-07-14,Electronics,1,13.55,0.0,4,Net Banking,13.55,West
504760,10531,2025-06-16,Electronics,2,14.76,0.05,4,COD,28.04,East
504761,11413,2025-12-24,Electronics,4,39.9,0.1,7,UPI,143.64,West
504762,10357,2025-03-02,Home,4,208.68,0.1,6,Card,751.25,West
504763,11040,2025-04-03,Home,1,36.03,0.0,4,UPI,36.03,North
504764,10184,2025-11-08,Fashion,2,44.89,0.05,6,COD,85.29,South
504765,11434,2025-04-14,Home,4,75.54,0.0,2,COD,302.16,North
504766,10970,2025-12-11,Sports,4,34.34,0.1,4,Card,123.62,North
504767,10647,2025-11-10,Home,2,45.13,0.05,3,Card,85.75,North
504768,10519,2025-02-06,Home,4,80.95,0.2,4,COD,259.04,North
504769,10532,2025-06-17,Home,4,267.61,0.15,6,UPI,909.87,East
504770,10339,2025-10-02,Home,1,125.32,0.1,6,COD,112.79,North
504771,10900,2025-06-28,Grocery,1,208.6,0.05,5,UPI,198.17,South
504772,11299,2025-03-20,Home,1,62.0,0.1,5,UPI,55.8,West
504773,10362,2025-01-17,Home,1,102.24,0.05,4,Card,97.13,North
504774,11123,2025-01-03,Grocery,3,15.98,0.1,7,UPI,43.15,West
504775,10850,2025-03-07,Fashion,2,20.36,0.15,1,UPI,34.61,West
504776,11161,2025-04-06,Home,3,315.41,0.2,3,UPI,756.98,North
504777,11155,2025-04-21,Grocery,1,88.35,0.1,5,Net Banking,79.52,South
504778,10059,2025-11-09,Home,3,16.16,0.1,8,UPI,43.63,North
504779,10032,2025-07-05,Electronics,3,46.7,0.05,4,Card,133.1,West
504780,11373,2025-02-21,Beauty,4,381.09,0.0,4,UPI,1524.36,South
504781,10234,2025-01-31,Sports,2,10.73,0.1,2,Net Banking,19.31,East
504782,10863,2025-02-17,Home,3,55.68,0.15,3,UPI,141.98,West
504783,11130,2025-04-25,Sports,2,218.59,0.15,6,Card,371.6,West
504784,10756,2025-09-27,Electronics,2,311.03,0.15,8,Card,528.75,North
504785,10010,2025-01-19,Sports,3,31.78,0.05,4,COD,90.57,South
504786,10016,2025-05-29,Electronics,3,363.06,0.1,3,Net Banking,980.26,North
504787,11005,2025-06-13,Beauty,4,145.56,0.1,5,UPI,524.02,East
504788,11347,2025-02-24,Fashion,1,51.56,0.05,1,UPI,48.98,South
504789,10516,2025-01-22,Home,1,174.85,0.0,7,UPI,174.85,North
504790,10816,2025-03-25,Fashion,3,180.54,0.1,2,Card,487.46,West
504791,11401,2025-02-25,Sports,3,24.43,0.0,5,Net Banking,73.29,South
504792,11238,2025-10-18,Fashion,4,11.84,0.1,5,UPI,42.62,South
504793,10811,2025-12-01,Beauty,3,136.94,0.15,6,COD,349.2,North
504794,10984,2025-08-16,Sports,1,11.99,0.1,5,UPI,10.79,South
504795,11442,2025-10-04,Sports,2,158.25,0.0,5,UPI,316.5,North
504796,11196,2025-10-05,Home,4,37.21,0.05,5,COD,141.4,North
504797,10624,2025-11-17,Sports,4,165.21,0.1,6,COD,594.76,South
504798,11040,2025-02-05,Grocery,4,83.45,0.1,8,UPI,300.42,North
504799,10494,2025-12-30,Sports,2,12.08,0.0,2,Net Banking,24.16,South
504800,11382,2025-06-17,Sports,1,13.69,0.05,1,UPI,13.01,North
504801,10141,2025-07-18,Sports,1,100.48,0.15,1,Net Banking,85.41,South
504802,10339,2025-10-18,Sports,4,76.68,0.0,1,UPI,306.72,North
504803,10520,2025-06-30,Home,2,12.79,0.1,2,UPI,23.02,West
504804,10304,2025-04-08,Sports,4,353.19,0.15,2,COD,1200.85,South
504805,10893,2025-01-07,Home,1,20.89,0.1,4,UPI,18.8,South
504806,11069,2025-03-03,Beauty,2,238.69,0.15,6,Card,405.77,North
504807,11336,2025-01-31,Grocery,4,18.73,0.1,6,COD,67.43,West
504808,10753,2025-05-20,Home,1,20.06,0.05,3,UPI,19.06,South
504809,10933,2025-10-12,Grocery,1,62.52,0.05,3,COD,59.39,South
504810,10899,2025-05-02,Beauty,2,57.93,0.0,9,Card,115.86,North
504811,10006,2025-08-07,Home,1,105.66,0.0,6,UPI,105.66,West
504812,11063,2025-03-09,Electronics,3,14.52,0.1,5,UPI,39.2,South
504813,10035,2025-08-04,Fashion,1,29.48,0.0,5,UPI,29.48,South
504814,10822,2025-12-15,Beauty,1,30.66,0.0,4,Card,30.66,East
504815,11500,2025-04-26,Fashion,3,61.95,0.15,9,UPI,157.97,East
504816,11182,2025-06-26,Electronics,2,315.69,0.0,4,COD,631.38,North
504817,10760,2025-12-18,Home,3,51.14,0.0,5,Card,153.42,South
504818,10479,2025-08-10,Electronics,4,420.36,0.1,1,Card,1513.3,East
504819,11256,2025-05-26,Home,4,27.73,0.0,3,COD,110.92,West
504820,11289,2025-02-14,Grocery,3,23.36,0.05,3,Card,66.58,South
504821,10553,2025-12-09,Electronics,4,21.16,0.0,5,Net Banking,84.64,North
504822,10162,2025-08-11,Sports,3,26.46,0.1,3,Card,71.44,West
504823,10874,2025-01-21,Electronics,1,39.5,0.1,5,Net Banking,35.55,South
504824,10952,2025-07-22,Fashion,4,43.27,0.1,3,Net Banking,155.77,South
504825,11402,2025-12-20,Grocery,3,187.33,0.0,2,Card,561.99,North
504826,11336,2025-12-07,Beauty,1,51.36,0.1,2,Card,46.22,West
504827,10344,2025-03-13,Home,3,87.05,0.0,4,UPI,261.15,East
504828,10380,2025-05-31,Fashion,1,12.95,0.1,5,Card,11.66,West
504829,11496,2025-12-27,Home,3,381.41,0.0,4,Card,1144.23,East
504830,10491,2025-10-13,Grocery,3,19.03,0.0,3,Card,57.09,East
504831,10688,2025-07-24,Grocery,1,11.88,0.0,4,UPI,11.88,West
504832,10459,2025-04-22,Fashion,2,53.09,0.0,4,COD,106.18,West
504833,10591,2025-10-06,Fashion,1,104.03,0.0,2,UPI,104.03,West
504834,10847,2025-07-31,Fashion,1,30.63,0.0,5,COD,30.63,South
504835,10439,2025-07-11,Sports,1,21.18,0.15,8,Net Banking,18.0,West
504836,10620,2025-12-05,Beauty,4,214.98,0.1,4,UPI,773.93,North
504837,10529,2025-05-18,Grocery,2,232.52,0.1,2,Card,418.54,West
504838,10162,2025-08-17,Beauty,1,158.21,0.0,7,Card,158.21,West
504839,11181,2025-01-16,Electronics,3,25.75,0.0,7,Net Banking,77.25,West
504840,11337,2025-09-17,Sports,3,57.83,0.2,7,COD,138.79,North
504841,10739,2025-07-19,Fashion,1,112.07,0.0,4,Card,112.07,South
504842,10308,2025-11-16,Grocery,3,56.45,0.15,3,Net Banking,143.95,East
504843,10965,2025-05-02,Beauty,1,18.32,0.1,3,UPI,16.49,West
504844,10802,2025-12-04,Beauty,3,265.26,0.05,7,UPI,755.99,South
504845,10827,2025-07-30,Fashion,4,434.97,0.1,8,Card,1565.89,East
504846,10893,2025-03-18,Beauty,2,20.98,0.1,3,COD,37.76,South
504847,11077,2025-02-28,Sports,3,182.63,0.15,1,UPI,465.71,East
504848,10062,2025-03-13,Beauty,1,224.26,0.05,4,COD,213.05,South
504849,10150,2025-04-21,Sports,2,84.8,0.0,3,UPI,169.6,North
504850,10144,2025-07-20,Beauty,4,14.65,0.1,3,UPI,52.74,East
504851,10232,2025-11-13,Home,1,108.06,0.0,4,Net Banking,108.06,South
504852,11458,2025-12-30,Grocery,4,303.74,0.05,5,Card,1154.21,South
504853,11096,2025-09-05,Fashion,1,21.71,0.1,3,Card,19.54,South
504854,10997,2025-06-28,Sports,2,18.23,0.0,5,COD,36.46,East
504855,11049,2025-08-12,Fashion,1,28.28,0.15,4,Card,24.04,West
504856,10051,2025-05-01,Beauty,1,225.64,0.2,1,UPI,180.51,North
504857,10320,2025-03-31,Grocery,2,81.2,0.0,6,Card,162.4,West
504858,11192,2025-07-16,Beauty,3,13.76,0.0,4,Net Banking,41.28,South
504859,10695,2025-10-30,Grocery,3,62.41,0.05,2,UPI,177.87,West
504860,10763,2025-01-24,Beauty,2,189.14,0.0,3,UPI,378.28,North
504861,11126,2025-02-10,Electronics,2,20.12,0.0,5,COD,40.24,East
504862,10113,2025-03-06,Electronics,1,66.09,0.15,5,Card,56.18,South
504863,11198,2025-03-18,Grocery,3,30.48,0.0,6,UPI,91.44,East
504864,11022,2025-02-24,Fashion,1,14.29,0.0,5,Card,14.29,West
504865,10606,2025-02-17,Beauty,4,50.15,0.05,2,Net Banking,190.57,West
504866,10750,2025-01-11,Sports,1,159.18,0.0,1,UPI,159.18,West
504867,10112,2025-05-08,Fashion,3,118.12,0.15,5,UPI,301.21,North
504868,10308,2025-09-21,Fashion,2,21.46,0.15,6,Card,36.48,East
504869,10370,2025-02-27,Sports,4,18.91,0.05,4,Card,71.86,West
504870,11317,2025-04-29,Home,2,86.62,0.0,6,UPI,173.24,East
504871,10170,2025-12-22,Electronics,4,36.21,0.15,2,Card,123.11,West
504872,10438,2025-03-03,Sports,4,28.65,0.1,4,Card,103.14,South
504873,10198,2025-12-27,Electronics,2,52.66,0.05,3,Card,100.05,West
504874,10427,2025-07-06,Sports,2,172.45,0.05,6,Card,327.65,North
504875,10016,2025-09-22,Electronics,2,87.03,0.05,3,UPI,165.36,North
504876,10410,2025-04-29,Home,2,186.43,0.0,9,UPI,372.86,West
504877,11086,2025-04-29,Sports,2,17.97,0.05,3,COD,34.14,West
504878,11152,2025-05-24,Fashion,1,53.2,0.1,6,Card,47.88,West
504879,10570,2025-02-16,Sports,2,83.77,0.05,4,Card,159.16,South
504880,11060,2025-04-26,Fashion,4,168.32,0.1,7,Card,605.95,East
504881,10929,2025-11-23,Electronics,4,63.28,0.1,7,UPI,227.81,East
504882,11355,2025-01-02,Grocery,1,415.35,0.1,4,COD,373.82,West
504883,11207,2025-07-28,Home,3,241.76,0.1,5,COD,652.75,East
504884,10345,2025-09-09,Electronics,1,120.28,0.0,7,UPI,120.28,West
504885,10883,2025-02-21,Grocery,3,41.14,0.1,5,UPI,111.08,West
504886,11180,2025-02-10,Home,3,30.04,0.15,3,UPI,76.6,North
504887,10459,2025-07-21,Fashion,4,86.25,0.0,5,UPI,345.0,West
504888,10860,2025-03-21,Beauty,3,50.22,0.15,3,Card,128.06,South
504889,10601,2025-12-23,Sports,4,14.91,0.15,5,UPI,50.69,South
504890,10464,2025-03-11,Electronics,4,22.1,0.1,3,Card,79.56,South
504891,10300,2025-02-17,Electronics,3,254.54,0.0,5,Card,763.62,East
504892,10054,2025-05-01,Beauty,2,46.86,0.1,1,UPI,84.35,East
504893,11125,2025-05-02,Beauty,2,287.06,0.05,2,UPI,545.41,South
504894,11229,2025-02-28,Sports,2,31.18,0.0,3,UPI,62.36,West
504895,10978,2025-08-31,Fashion,2,327.81,0.0,4,Card,655.62,South
504896,10362,2025-05-07,Electronics,2,183.97,0.1,1,Card,331.15,North
504897,10029,2025-07-12,Grocery,2,41.55,0.1,3,UPI,74.79,North
504898,10948,2025-03-30,Beauty,3,99.44,0.05,6,UPI,283.4,West
504899,10300,2025-02-05,Grocery,2,370.79,0.05,6,Net Banking,704.5,East
504900,10824,2025-01-23,Grocery,2,124.32,0.05,1,Card,236.21,East
504901,11456,2025-01-20,Electronics,3,355.71,0.05,3,Card,1013.77,North
504902,10007,2025-11-14,Fashion,2,14.94,0.05,7,Card,28.39,West
504903,10866,2025-04-07,Beauty,1,20.0,0.0,5,UPI,20.0,West
504904,11492,2025-04-22,Beauty,1,13.44,0.05,5,COD,12.77,West
504905,10502,2025-07-31,Home,4,31.06,0.0,6,Card,124.24,West
504906,11222,2025-02-04,Fashion,4,156.82,0.1,3,UPI,564.55,North
504907,11243,2025-08-08,Beauty,3,338.15,0.05,5,UPI,963.73,South
504908,10730,2025-07-10,Home,1,57.57,0.1,5,Card,51.81,South
504909,10461,2025-10-16,Home,3,47.01,0.05,5,UPI,133.98,East
504910,11021,2025-02-14,Electronics,2,423.25,0.0,4,Net Banking,846.5,West
504911,10930,2025-01-07,Grocery,2,65.46,0.0,4,Card,130.92,West
504912,10715,2025-10-10,Sports,4,63.03,0.0,2,Net Banking,252.12,West
504913,10290,2025-05-16,Beauty,4,14.68,0.05,6,UPI,55.78,North
504914,11117,2025-01-23,Beauty,3,24.3,0.1,2,Card,65.61,North
504915,10318,2025-07-23,Electronics,3,122.33,0.0,3,UPI,366.99,East
504916,10202,2025-06-19,Home,3,119.61,0.05,6,Net Banking,340.89,West
504917,10101,2025-12-14,Grocery,4,50.59,0.0,5,Card,202.36,West
504918,10670,2025-12-11,Electronics,3,145.98,0.05,4,Card,416.04,South
504919,10181,2025-07-16,Electronics,3,86.2,0.1,1,UPI,232.74,West
504920,10504,2025-02-28,Grocery,1,10.63,0.0,4,Card,10.63,South
504921,10363,2025-09-30,Fashion,4,199.01,0.0,3,Card,796.04,North
504922,10690,2025-03-15,Electronics,4,101.17,0.1,5,UPI,364.21,East
504923,11167,2025-11-02,Beauty,2,24.19,0.05,3,COD,45.96,West
504924,10676,2025-08-08,Sports,2,29.0,0.05,1,Card,55.1,South
504925,10836,2025-05-10,Beauty,4,326.73,0.1,2,Card,1176.23,East
504926,10215,2025-12-24,Beauty,4,24.78,0.0,4,UPI,99.12,East
504927,10170,2025-07-07,Fashion,2,10.26,0.15,5,Card,17.44,West
504928,11465,2025-05-21,Fashion,1,11.06,0.1,2,UPI,9.95,East
504929,10930,2025-03-10,Grocery,4,28.81,0.05,3,Card,109.48,West
504930,10024,2025-08-25,Home,3,111.82,0.05,6,Net Banking,318.69,West
504931,10848,2025-04-09,Home,4,49.05,0.05,7,UPI,186.39,East
504932,10016,2025-02-25,Electronics,3,158.98,0.1,5,COD,429.25,North
504933,10116,2025-02-13,Fashion,3,25.16,0.0,4,Net Banking,75.48,West
504934,10561,2025-08-23,Fashion,1,30.07,0.1,3,UPI,27.06,North
504935,10985,2025-12-03,Beauty,3,48.88,0.0,6,UPI,146.64,North
504936,10931,2025-04-03,Sports,2,168.74,0.1,4,COD,303.73,South
504937,11187,2025-03-21,Beauty,1,62.88,0.2,6,Net Banking,50.3,South
504938,10270,2025-08-12,Home,4,149.3,0.0,6,UPI,597.2,North
504939,10288,2025-02-22,Fashion,2,12.46,0.05,5,Net Banking,23.67,South
504940,10800,2025-02-02,Beauty,1,42.35,0.05,4,UPI,40.23,East
504941,11304,2025-08-21,Beauty,4,53.22,0.1,4,UPI,191.59,South
504942,11085,2025-07-11,Beauty,4,12.7,0.0,1,Net Banking,50.8,West
504943,11004,2025-01-11,Grocery,2,30.5,0.1,4,UPI,54.9,North
504944,10142,2025-03-28,Home,2,31.23,0.1,4,COD,56.21,South
504945,11318,2025-03-14,Home,1,42.08,0.15,2,UPI,35.77,North
504946,11477,2025-09-06,Fashion,3,21.65,0.1,9,UPI,58.45,South
504947,10874,2025-08-31,Electronics,3,25.53,0.1,6,Net Banking,68.93,South
504948,10506,2025-09-30,Electronics,3,315.08,0.0,3,UPI,945.24,West
504949,10994,2025-02-06,Fashion,4,15.31,0.0,9,COD,61.24,North
504950,10964,2025-11-06,Fashion,2,245.24,0.1,4,Net Banking,441.43,North
504951,11394,2025-03-18,Fashion,3,79.77,0.1,6,COD,215.38,North
504952,10167,2025-12-29,Electronics,3,13.24,0.15,5,Net Banking,33.76,West
504953,10773,2025-11-15,Grocery,4,49.45,0.05,4,Net Banking,187.91,East
504954,11065,2025-06-17,Beauty,3,61.44,0.0,4,UPI,184.32,South
504955,10524,2025-10-14,Electronics,1,28.88,0.0,7,Card,28.88,East
504956,11261,2025-09-02,Home,3,29.8,0.05,6,Card,84.93,North
504957,10098,2025-10-10,Home,4,146.45,0.0,4,COD,585.8,North
504958,10158,2025-01-07,Beauty,3,14.14,0.0,1,COD,42.42,East
504959,11187,2025-01-31,Beauty,3,380.11,0.0,5,UPI,1140.33,South
504960,10189,2025-11-27,Beauty,3,36.3,0.05,2,COD,103.45,West
504961,10628,2025-10-13,Beauty,3,37.62,0.0,6,Card,112.86,North
504962,10422,2025-08-13,Grocery,2,15.27,0.2,3,Card,24.43,North
504963,11033,2025-04-25,Grocery,4,188.41,0.15,3,Card,640.59,South
504964,10018,2025-06-03,Beauty,1,28.18,0.0,3,UPI,28.18,North
504965,10536,2025-05-24,Grocery,4,272.02,0.1,7,COD,979.27,North
504966,11480,2025-06-08,Sports,1,36.0,0.05,1,Card,34.2,South
504967,10554,2025-08-18,Sports,1,9.89,0.15,6,COD,8.41,West
504968,10898,2025-10-04,Home,3,41.53,0.1,5,COD,112.13,North
504969,11483,2025-05-21,Beauty,3,70.72,0.0,4,COD,212.16,East
504970,10912,2025-11-01,Beauty,4,54.8,0.0,4,COD,219.2,West
504971,11133,2025-02-03,Electronics,2,304.39,0.2,5,Net Banking,487.02,North
504972,11439,2025-10-22,Electronics,1,57.04,0.15,4,UPI,48.48,West
504973,10926,2025-09-04,Fashion,2,169.24,0.05,4,Card,321.56,South
504974,11249,2025-07-06,Beauty,3,30.3,0.1,5,UPI,81.81,West
504975,10763,2025-05-17,Sports,2,17.95,0.05,8,Card,34.1,North
504976,11222,2025-05-16,Sports,2,56.52,0.1,1,COD,101.74,North
504977,10963,2025-05-12,Electronics,4,59.95,0.05,6,COD,227.81,North
504978,10510,2025-12-12,Grocery,3,49.96,0.0,4,Card,149.88,North
504979,10838,2025-01-10,Beauty,3,127.52,0.0,4,COD,382.56,West
504980,10503,2025-08-20,Fashion,3,334.73,0.1,1,UPI,903.77,West
504981,10596,2025-12-28,Grocery,2,14.53,0.05,1,Net Banking,27.61,South
504982,10438,2025-07-18,Fashion,3,13.31,0.15,5,UPI,33.94,South
504983,10737,2025-08-22,Electronics,4,20.26,0.15,2,UPI,68.88,North
504984,10521,2025-08-07,Home,3,60.24,0.0,7,UPI,180.72,West
504985,10940,2025-07-04,Beauty,2,11.19,0.15,2,Net Banking,19.02,North
504986,10555,2025-08-18,Electronics,4,21.65,0.1,6,Card,77.94,North
504987,10737,2025-11-26,Home,1,56.81,0.1,3,Card,51.13,North
504988,10211,2025-09-18,Sports,1,37.73,0.0,3,UPI,37.73,East
504989,10580,2025-11-07,Electronics,2,191.11,0.05,3,UPI,363.11,South
504990,10534,2025-07-21,Home,3,85.26,0.2,5,UPI,204.62,East
504991,11442,2025-10-10,Fashion,2,256.0,0.1,6,UPI,460.8,North
504992,10671,2025-11-16,Electronics,2,136.16,0.1,4,Card,245.09,North
504993,10033,2025-03-19,Home,2,49.1,0.0,6,UPI,98.2,South
504994,10465,2025-11-10,Grocery,4,347.47,0.0,5,Card,1389.88,East
504995,11095,2025-09-08,Fashion,2,234.16,0.05,2,Card,444.9,East
504996,10249,2025-06-11,Grocery,4,48.43,0.1,5,Card,174.35,South
504997,10245,2025-10-10,Beauty,2,196.79,0.15,4,Net Banking,334.54,East
504998,10561,2025-03-03,Fashion,1,27.5,0.05,1,UPI,26.12,North
504999,10536,2025-09-12,Home,1,27.62,0.0,4,Card,27.62,North
505000,10722,2025-07-30,Beauty,1,149.86,0.0,1,UPI,149.86,South
505001,10052,2025-11-21,Home,4,152.85,0.0,2,Net Banking,611.4,North
505002,11082,2025-08-15,Sports,2,20.57,0.0,4,Net Banking,41.14,West
505003,10321,2025-07-11,Home,3,150.79,0.0,4,UPI,452.37,West
505004,11067,2025-07-11,Home,4,81.21,0.1,3,UPI,292.36,South
505005,10847,2025-07-22,Beauty,1,74.63,0.05,6,UPI,70.9,South
505006,10305,2025-11-22,Beauty,1,267.15,0.15,4,UPI,227.08,West
505007,10705,2025-10-14,Home,4,20.2,0.15,4,UPI,68.68,South
505008,10055,2025-02-03,Beauty,3,57.5,0.0,5,UPI,172.5,East
505009,11053,2025-07-14,Home,3,25.16,0.1,7,UPI,67.93,South
505010,10456,2025-04-15,Grocery,2,61.46,0.0,1,UPI,122.92,North
505011,10576,2025-03-02,Fashion,4,21.79,0.0,7,UPI,87.16,South
505012,10236,2025-11-13,Grocery,3,19.74,0.0,3,UPI,59.22,West
505013,10548,2025-11-09,Grocery,2,120.93,0.0,3,Card,241.86,North
505014,10594,2025-12-09,Fashion,3,12.93,0.1,4,Net Banking,34.91,East
505015,10338,2025-05-24,Sports,1,50.23,0.1,3,UPI,45.21,West
505016,11470,2025-06-05,Electronics,1,301.22,0.1,2,UPI,271.1,North
505017,10420,2025-10-11,Grocery,1,342.64,0.1,6,Net Banking,308.38,West
505018,10272,2025-03-12,Beauty,4,19.24,0.1,5,UPI,69.26,North
505019,10823,2025-01-20,Sports,3,426.6,0.1,1,UPI,1151.82,South
505020,10479,2025-06-03,Home,1,41.06,0.15,6,Card,34.9,East
505021,10681,2025-08-18,Electronics,4,18.56,0.1,6,UPI,66.82,North
505022,11088,2025-06-16,Grocery,4,70.11,0.05,2,Card,266.42,West
505023,10118,2025-03-19,Beauty,2,40.75,0.05,5,COD,77.42,East
505024,10764,2025-07-09,Electronics,1,33.53,0.05,6,Card,31.85,North
505025,10033,2025-12-11,Fashion,2,62.08,0.0,1,COD,124.16,South
505026,10066,2025-04-11,Electronics,3,13.6,0.15,5,UPI,34.68,East
505027,10139,2025-05-27,Beauty,3,25.9,0.15,3,UPI,66.04,West
505028,10243,2025-04-25,Sports,2,21.38,0.2,6,Card,34.21,North
505029,10525,2025-04-18,Sports,1,283.63,0.0,3,Card,283.63,North
505030,11403,2025-08-28,Beauty,3,61.55,0.0,7,COD,184.65,West
505031,11360,2025-05-17,Beauty,3,78.04,0.0,4,COD,234.12,North
505032,10155,2025-08-15,Grocery,2,40.3,0.15,3,UPI,68.51,North
505033,11487,2025-01-08,Home,3,245.85,0.1,3,Net Banking,663.8,West
505034,10953,2025-08-30,Electronics,3,125.61,0.1,6,UPI,339.15,South
505035,10831,2025-02-08,Electronics,3,108.78,0.15,3,Net Banking,277.39,East
505036,11189,2025-05-18,Sports,1,32.74,0.0,7,UPI,32.74,North
505037,10727,2025-11-15,Beauty,2,31.34,0.05,5,Card,59.55,South
505038,10399,2025-05-03,Electronics,2,378.92,0.1,2,Card,682.06,South
505039,10795,2025-09-12,Home,4,348.36,0.0,5,Card,1393.44,North
505040,11088,2025-05-09,Electronics,4,20.73,0.05,5,COD,78.77,West
505041,11025,2025-11-26,Sports,4,40.95,0.05,2,Card,155.61,East
505042,10255,2025-12-14,Beauty,2,32.19,0.1,5,Card,57.94,North
505043,11408,2025-11-28,Electronics,2,161.73,0.2,6,COD,258.77,North
505044,10428,2025-05-25,Home,2,375.97,0.0,7,UPI,751.94,West
505045,11230,2025-04-26,Fashion,4,181.56,0.05,7,Card,689.93,North
505046,10468,2025-08-10,Fashion,3,274.73,0.2,9,COD,659.35,West
505047,10096,2025-10-26,Sports,3,35.05,0.0,5,UPI,105.15,East
505048,11495,2025-07-10,Electronics,2,31.23,0.1,6,UPI,56.21,South
505049,10884,2025-09-27,Electronics,3,219.24,0.15,3,UPI,559.06,South
505050,10322,2025-11-16,Electronics,4,37.5,0.0,8,UPI,150.0,South
505051,10001,2025-10-02,Beauty,3,20.03,0.0,3,Card,60.09,West
505052,10194,2025-05-15,Sports,2,205.71,0.0,8,Card,411.42,West
505053,10255,2025-04-02,Fashion,4,52.07,0.0,8,UPI,208.28,North
505054,11389,2025-06-08,Home,4,13.35,0.05,3,Card,50.73,West
505055,10266,2025-07-29,Fashion,4,207.02,0.0,7,UPI,828.08,North
505056,10243,2025-11-04,Fashion,4,24.54,0.05,5,Net Banking,93.25,North
505057,11257,2025-04-20,Home,2,31.48,0.1,4,COD,56.66,West
505058,11319,2025-02-28,Sports,2,65.23,0.0,4,UPI,130.46,West
505059,10314,2025-04-26,Beauty,1,27.73,0.05,5,UPI,26.34,South
505060,10976,2025-08-05,Electronics,2,209.39,0.0,5,COD,418.78,East
505061,10802,2025-03-26,Beauty,3,92.58,0.1,7,Card,249.97,South
505062,10866,2025-05-26,Sports,3,65.4,0.0,6,UPI,196.2,West
505063,10467,2025-04-04,Sports,1,26.89,0.0,3,Card,26.89,East
505064,11128,2025-12-26,Home,4,52.62,0.2,6,Card,168.38,East
505065,11322,2025-07-07,Sports,1,24.58,0.1,1,Net Banking,22.12,South
505066,11089,2025-09-21,Beauty,1,379.59,0.1,4,COD,341.63,South
505067,11355,2025-07-09,Beauty,3,163.39,0.1,4,UPI,441.15,West
505068,10166,2025-01-04,Electronics,1,14.51,0.05,6,Card,13.78,South
505069,10986,2025-04-07,Grocery,4,66.68,0.0,8,COD,266.72,West
505070,11500,2025-11-03,Grocery,1,136.49,0.05,5,UPI,129.67,East
505071,10804,2025-07-06,Home,1,82.12,0.15,4,COD,69.8,East
505072,11413,2025-09-14,Fashion,4,16.63,0.2,3,Card,53.22,West
505073,10523,2025-10-06,Sports,2,16.97,0.1,6,UPI,30.55,North
505074,11345,2025-07-24,Fashion,3,156.3,0.05,4,Net Banking,445.46,West
505075,11409,2025-07-30,Home,3,73.24,0.1,3,COD,197.75,West
505076,10934,2025-03-28,Grocery,1,81.55,0.1,6,UPI,73.4,West
505077,11057,2025-04-01,Home,3,24.36,0.0,7,Card,73.08,West
505078,10785,2025-02-24,Beauty,3,23.16,0.05,3,Card,66.01,West
505079,10476,2025-04-19,Beauty,1,53.69,0.0,2,COD,53.69,South
505080,10805,2025-08-18,Grocery,4,78.94,0.05,4,UPI,299.97,North
505081,11444,2025-12-05,Fashion,4,62.33,0.1,2,Card,224.39,North
505082,10023,2025-06-10,Sports,4,237.21,0.0,2,COD,948.84,West
505083,10308,2025-08-08,Grocery,1,18.37,0.1,2,COD,16.53,East
505084,10750,2025-11-11,Grocery,1,42.99,0.0,7,UPI,42.99,West
505085,10510,2025-09-05,Grocery,4,31.1,0.0,6,Net Banking,124.4,North
505086,10936,2025-04-06,Grocery,2,13.3,0.1,9,UPI,23.94,North
505087,10541,2025-04-13,Grocery,3,43.71,0.1,3,COD,118.02,West
505088,10989,2025-08-21,Grocery,2,12.08,0.15,7,UPI,20.54,South
505089,10160,2025-04-16,Fashion,1,36.82,0.1,5,Net Banking,33.14,West
505090,10499,2025-04-01,Electronics,3,89.76,0.15,3,COD,228.89,South
505091,11040,2025-08-05,Electronics,1,39.54,0.0,4,Net Banking,39.54,North
505092,10707,2025-08-21,Sports,1,109.27,0.1,3,UPI,98.34,West
505093,11071,2025-04-03,Home,3,22.63,0.05,5,COD,64.5,West
505094,10955,2025-01-18,Sports,1,62.27,0.1,6,UPI,56.04,West
505095,10493,2025-10-08,Grocery,1,269.92,0.1,4,Card,242.93,East
505096,10643,2025-05-23,Fashion,4,22.99,0.0,6,Net Banking,91.96,North
505097,11448,2025-08-20,Sports,3,69.92,0.05,7,COD,199.27,South
505098,11444,2025-03-05,Home,3,180.4,0.1,7,Card,487.08,North
505099,10054,2025-04-25,Beauty,1,34.4,0.0,2,UPI,34.4,East
505100,11059,2025-08-10,Grocery,1,43.04,0.1,4,Card,38.74,East
505101,10737,2025-02-15,Sports,2,89.02,0.15,6,UPI,151.33,North
505102,10002,2025-04-26,Home,2,13.51,0.0,2,UPI,27.02,South
505103,10952,2025-09-20,Grocery,2,26.74,0.1,2,Net Banking,48.13,South
505104,10035,2025-10-09,Beauty,1,47.79,0.15,4,Card,40.62,South
505105,10479,2025-05-09,Grocery,4,28.08,0.0,4,UPI,112.32,East
505106,11036,2025-02-11,Fashion,2,56.76,0.0,4,Card,113.52,East
505107,11219,2025-01-10,Fashion,4,90.39,0.1,4,UPI,325.4,East
505108,10619,2025-07-23,Electronics,2,321.15,0.1,9,UPI,578.07,North
505109,11214,2025-09-11,Beauty,2,85.29,0.1,4,COD,153.52,South
505110,11260,2025-08-05,Sports,1,57.07,0.1,6,UPI,51.36,West
505111,10672,2025-05-28,Grocery,3,143.82,0.1,6,UPI,388.31,East
505112,10260,2025-01-09,Electronics,1,22.46,0.05,1,UPI,21.34,East
505113,10989,2025-03-24,Electronics,3,42.99,0.0,7,COD,128.97,South
505114,10021,2025-01-14,Sports,4,191.57,0.1,6,UPI,689.65,West
505115,11340,2025-06-18,Beauty,2,21.09,0.0,5,UPI,42.18,South
505116,10583,2025-04-23,Grocery,4,21.07,0.2,7,Net Banking,67.42,North
505117,11141,2025-01-26,Electronics,3,28.15,0.0,4,Card,84.45,South
505118,11105,2025-08-11,Beauty,1,288.5,0.0,6,UPI,288.5,North
505119,10710,2025-05-16,Electronics,1,28.64,0.1,1,COD,25.78,South
505120,11458,2025-12-18,Sports,3,34.97,0.0,6,Card,104.91,South
505121,11195,2025-06-02,Grocery,3,213.8,0.05,5,COD,609.33,West
505122,11326,2025-02-03,Electronics,1,365.96,0.15,5,UPI,311.07,West
505123,10141,2025-09-15,Home,3,13.39,0.1,3,UPI,36.15,South
505124,10727,2025-09-14,Grocery,4,206.67,0.0,4,UPI,826.68,South
505125,11428,2025-12-06,Electronics,1,133.12,0.0,4,Card,133.12,North
505126,11220,2025-09-10,Grocery,4,257.39,0.1,2,Card,926.6,North
505127,10682,2025-05-13,Grocery,3,10.49,0.05,5,Card,29.9,North
505128,10106,2025-09-02,Electronics,3,13.91,0.0,8,UPI,41.73,East
505129,10424,2025-10-19,Electronics,1,37.25,0.0,2,Card,37.25,North
505130,10859,2025-07-08,Sports,3,204.65,0.15,5,Card,521.86,South
505131,10963,2025-10-18,Electronics,2,47.07,0.0,4,UPI,94.14,North
505132,11387,2025-12-19,Fashion,2,145.02,0.1,3,Card,261.04,East
505133,10140,2025-10-03,Electronics,4,26.65,0.0,5,COD,106.6,North
505134,10595,2025-07-03,Fashion,1,43.43,0.1,5,Net Banking,39.09,North
505135,10409,2025-06-29,Beauty,1,207.51,0.05,5,UPI,197.13,North
505136,11441,2025-11-02,Sports,2,61.19,0.0,2,Card,122.38,North
505137,10250,2025-11-15,Grocery,3,133.85,0.1,7,UPI,361.4,South
505138,10332,2025-04-06,Beauty,1,85.08,0.0,5,Card,85.08,North
505139,10447,2025-01-04,Fashion,4,18.71,0.15,6,UPI,63.61,West
505140,10159,2025-10-22,Fashion,3,433.8,0.1,7,COD,1171.26,West
505141,10966,2025-03-28,Grocery,4,356.37,0.0,1,Net Banking,1425.48,South
505142,10788,2025-12-30,Home,2,173.99,0.1,6,UPI,313.18,South
505143,10837,2025-01-14,Home,1,50.63,0.15,4,UPI,43.04,West
505144,11361,2025-11-29,Beauty,1,59.13,0.05,7,Card,56.17,East
505145,10650,2025-09-05,Sports,3,29.14,0.05,3,Card,83.05,North
505146,10467,2025-04-21,Grocery,3,110.88,0.1,6,COD,299.38,East
505147,10564,2025-01-13,Home,3,37.69,0.0,2,UPI,113.07,East
505148,11201,2025-11-05,Electronics,4,18.6,0.1,5,UPI,66.96,East
505149,10793,2025-02-13,Fashion,4,14.77,0.0,5,Card,59.08,South
505150,10254,2025-02-04,Fashion,3,52.54,0.1,4,Card,141.86,South
505151,11035,2025-10-16,Beauty,1,209.38,0.05,2,Card,198.91,South
505152,11119,2025-09-05,Home,3,179.55,0.0,4,UPI,538.65,South
505153,10375,2025-02-16,Grocery,4,241.34,0.15,6,UPI,820.56,North
505154,10836,2025-05-05,Grocery,4,105.12,0.05,7,UPI,399.46,East
505155,10846,2025-09-01,Sports,4,243.53,0.0,8,COD,974.12,West
505156,10263,2025-08-29,Fashion,1,143.55,0.1,6,Card,129.2,South
505157,10014,2025-05-13,Home,2,217.66,0.05,5,UPI,413.55,West
505158,11078,2025-05-31,Beauty,3,62.16,0.0,5,UPI,186.48,South
505159,10924,2025-01-30,Electronics,1,14.22,0.1,8,COD,12.8,East
505160,11071,2025-01-04,Home,2,38.48,0.2,6,Card,61.57,West
505161,10567,2025-12-20,Beauty,1,257.6,0.0,5,COD,257.6,West
505162,10774,2025-03-26,Beauty,1,141.42,0.15,4,Net Banking,120.21,West
505163,11473,2025-12-05,Electronics,1,14.98,0.1,4,UPI,13.48,North
505164,10339,2025-01-16,Grocery,4,11.53,0.0,5,Net Banking,46.12,North
505165,10980,2025-12-28,Home,4,95.92,0.1,3,UPI,345.31,North
505166,10199,2025-06-05,Fashion,2,431.3,0.05,3,COD,819.47,North
505167,10099,2025-10-22,Beauty,1,164.22,0.1,4,Card,147.8,North
505168,11436,2025-11-03,Beauty,2,427.02,0.1,4,Card,768.64,West
505169,10195,2025-05-09,Grocery,2,12.96,0.0,6,Card,25.92,North
505170,10984,2025-09-27,Sports,1,200.4,0.0,6,UPI,200.4,South
505171,10772,2025-05-02,Grocery,3,17.56,0.05,5,Card,50.05,East
505172,11214,2025-10-15,Beauty,4,261.03,0.05,5,UPI,991.91,South
505173,10820,2025-12-17,Home,4,357.09,0.15,5,UPI,1214.11,South
505174,11046,2025-10-22,Beauty,4,78.33,0.15,1,Card,266.32,South
505175,11342,2025-09-23,Fashion,4,61.25,0.15,3,COD,208.25,West
505176,11245,2025-05-16,Beauty,1,48.99,0.05,6,UPI,46.54,South
505177,11083,2025-02-09,Beauty,3,82.44,0.0,3,UPI,247.32,West
505178,10244,2025-07-04,Electronics,3,269.16,0.1,6,Net Banking,726.73,South
505179,10255,2025-02-17,Fashion,1,23.65,0.0,6,Card,23.65,North
505180,10746,2025-07-05,Sports,1,21.94,0.0,4,Card,21.94,South
505181,10989,2025-11-14,Fashion,3,283.69,0.0,3,UPI,851.07,South
505182,11001,2025-02-11,Grocery,3,188.61,0.15,5,Card,480.96,North
505183,11181,2025-11-25,Grocery,1,82.32,0.1,4,COD,74.09,West
505184,10156,2025-08-07,Grocery,2,25.13,0.0,6,UPI,50.26,East
505185,10261,2025-01-18,Electronics,1,325.93,0.15,1,Card,277.04,North
505186,10225,2025-09-20,Grocery,1,252.79,0.1,3,UPI,227.51,South
505187,10812,2025-01-01,Beauty,3,40.5,0.1,2,UPI,109.35,North
505188,10951,2025-08-12,Beauty,3,67.41,0.0,1,Card,202.23,South
505189,10174,2025-07-05,Beauty,4,60.28,0.0,4,Card,241.12,West
505190,11304,2025-09-30,Home,4,221.85,0.0,2,Card,887.4,South
505191,10456,2025-05-18,Grocery,1,91.76,0.1,4,Card,82.58,North
505192,10991,2025-02-13,Fashion,2,60.24,0.1,4,Card,108.43,East
505193,11128,2025-05-22,Grocery,4,304.09,0.0,5,Card,1216.36,East
505194,10055,2025-10-05,Grocery,1,124.82,0.0,4,UPI,124.82,East
505195,11298,2025-12-15,Beauty,4,53.8,0.05,1,UPI,204.44,North
505196,11456,2025-03-17,Sports,4,424.17,0.15,5,UPI,1442.18,North
505197,11438,2025-05-09,Fashion,1,44.02,0.0,9,Net Banking,44.02,South
505198,10210,2025-11-17,Beauty,1,48.76,0.1,7,UPI,43.88,South
505199,10589,2025-04-25,Sports,3,41.75,0.2,6,UPI,100.2,North
505200,10349,2025-03-31,Sports,2,29.42,0.1,4,Card,52.96,East
505201,10677,2025-10-31,Grocery,4,29.81,0.05,4,COD,113.28,West
505202,11463,2025-06-29,Sports,3,11.11,0.1,3,COD,30.0,North
505203,11145,2025-08-01,Fashion,3,161.69,0.15,5,COD,412.31,South
505204,11157,2025-06-27,Grocery,1,68.27,0.1,2,UPI,61.44,North
505205,10633,2025-08-09,Electronics,2,330.52,0.0,5,UPI,661.04,North
505206,11405,2025-04-09,Sports,1,103.41,0.0,3,COD,103.41,North
505207,11381,2025-09-25,Beauty,1,13.46,0.0,1,COD,13.46,South
505208,11210,2025-05-13,Beauty,1,103.33,0.0,3,Net Banking,103.33,South
505209,11222,2025-07-11,Sports,4,16.27,0.1,7,COD,58.57,North
505210,10978,2025-03-09,Home,1,13.96,0.0,5,UPI,13.96,South
505211,10144,2025-01-05,Grocery,3,124.0,0.1,1,UPI,334.8,East
505212,10427,2025-07-28,Beauty,3,11.56,0.1,3,Card,31.21,North
505213,11154,2025-02-20,Beauty,1,59.11,0.05,6,Card,56.15,North
505214,10491,2025-11-30,Home,4,261.52,0.0,4,UPI,1046.08,East
505215,10259,2025-12-17,Beauty,3,22.93,0.0,6,Card,68.79,North
505216,11421,2025-04-26,Grocery,1,111.74,0.0,4,Net Banking,111.74,East
505217,10733,2025-04-16,Electronics,1,42.78,0.15,5,UPI,36.36,North
505218,11291,2025-07-05,Fashion,3,20.39,0.0,5,UPI,61.17,South
505219,10427,2025-03-16,Grocery,3,14.64,0.0,3,Card,43.92,North
505220,10540,2025-11-11,Beauty,2,12.86,0.0,6,UPI,25.72,West
505221,10515,2025-02-07,Fashion,2,20.71,0.1,8,COD,37.28,South
505222,10560,2025-06-15,Beauty,1,19.41,0.1,5,COD,17.47,South
505223,10657,2025-03-10,Electronics,1,178.85,0.2,5,UPI,143.08,West
505224,10447,2025-10-31,Fashion,3,187.9,0.0,3,COD,563.7,West
505225,11222,2025-02-22,Grocery,2,40.63,0.0,6,Card,81.26,North
505226,10490,2025-06-12,Fashion,2,152.94,0.1,3,Card,275.29,East
505227,10663,2025-11-01,Beauty,2,30.78,0.0,6,COD,61.56,North
505228,11292,2025-06-10,Electronics,3,98.67,0.0,6,COD,296.01,East
505229,10656,2025-03-09,Grocery,2,29.24,0.15,6,UPI,49.71,South
505230,10016,2025-02-27,Grocery,2,81.6,0.1,7,Card,146.88,North
505231,10001,2025-08-09,Grocery,2,41.25,0.05,6,Card,78.38,West
505232,10655,2025-02-15,Beauty,3,261.05,0.2,2,Net Banking,626.52,West
505233,10973,2025-05-10,Fashion,1,211.85,0.0,3,COD,211.85,North
505234,11415,2025-08-12,Beauty,4,32.87,0.0,2,Net Banking,131.48,North
505235,10197,2025-05-19,Home,3,14.51,0.0,2,UPI,43.53,East
505236,10814,2025-10-29,Home,1,40.25,0.0,8,Card,40.25,East
505237,10434,2025-09-09,Beauty,4,26.73,0.05,3,UPI,101.57,West
505238,10676,2025-02-19,Fashion,4,49.82,0.15,2,Card,169.39,South
505239,10664,2025-10-26,Electronics,1,84.73,0.2,4,COD,67.78,North
505240,10469,2025-11-29,Sports,1,397.69,0.1,3,Card,357.92,North
505241,10028,2025-03-15,Beauty,1,11.85,0.15,9,UPI,10.07,North
505242,10111,2025-05-11,Grocery,1,71.65,0.05,4,Card,68.07,South
505243,10784,2025-05-25,Home,3,15.2,0.0,5,UPI,45.6,East
505244,10337,2025-06-05,Electronics,1,81.54,0.0,3,UPI,81.54,North
505245,10491,2025-06-19,Home,2,117.88,0.05,1,COD,223.97,East
505246,10136,2025-11-23,Grocery,4,211.21,0.0,3,COD,844.84,North
505247,10075,2025-08-26,Home,3,65.75,0.0,3,UPI,197.25,North
505248,10191,2025-11-24,Sports,3,16.44,0.15,3,Card,41.92,West
505249,10566,2025-05-08,Grocery,1,307.32,0.0,1,Card,307.32,East
505250,10246,2025-07-11,Home,4,61.33,0.1,5,UPI,220.79,West
505251,10348,2025-02-08,Fashion,1,57.08,0.0,4,Card,57.08,South
505252,10454,2025-04-12,Home,3,99.5,0.05,1,UPI,283.58,North
505253,10437,2025-08-02,Beauty,3,21.24,0.1,5,COD,57.35,North
505254,10017,2025-03-04,Home,2,301.96,0.0,6,COD,603.92,East
505255,10177,2025-12-17,Sports,4,13.43,0.0,7,UPI,53.72,South
505256,11426,2025-04-10,Grocery,4,16.04,0.1,1,UPI,57.74,South
505257,11002,2025-02-28,Home,1,334.79,0.1,3,UPI,301.31,South
505258,10186,2025-10-12,Home,4,61.53,0.0,2,Net Banking,246.12,East
505259,10426,2025-02-02,Sports,1,233.54,0.05,3,COD,221.86,West
505260,10575,2025-04-29,Beauty,4,407.31,0.0,7,COD,1629.24,West
505261,11359,2025-03-14,Fashion,4,296.36,0.0,3,Card,1185.44,East
505262,11320,2025-09-11,Sports,3,142.3,0.15,4,COD,362.86,West
505263,11156,2025-11-04,Electronics,4,120.3,0.0,3,Card,481.2,North
505264,10160,2025-03-13,Grocery,4,116.47,0.05,8,UPI,442.59,West
505265,10736,2025-06-01,Beauty,3,112.56,0.1,1,Card,303.91,East
505266,10726,2025-06-24,Fashion,1,26.61,0.15,3,Card,22.62,North
505267,10957,2025-09-10,Beauty,2,202.63,0.0,3,UPI,405.26,West
505268,11268,2025-05-09,Sports,4,19.14,0.1,1,UPI,68.9,West
505269,10482,2025-07-10,Fashion,1,41.14,0.1,7,Card,37.03,North
505270,10836,2025-07-03,Home,4,31.19,0.0,1,Card,124.76,East
505271,10396,2025-01-05,Home,1,154.98,0.0,4,UPI,154.98,South
505272,10316,2025-07-28,Grocery,3,20.02,0.15,4,UPI,51.05,South
505273,10470,2025-07-27,Fashion,3,22.61,0.05,3,COD,64.44,South
505274,11104,2025-12-28,Home,1,191.07,0.0,1,Card,191.07,West
505275,10657,2025-07-06,Electronics,2,47.77,0.1,4,UPI,85.99,West
505276,11023,2025-11-25,Electronics,1,177.94,0.05,3,Net Banking,169.04,West
505277,11037,2025-05-08,Grocery,2,269.79,0.0,6,Card,539.58,South
505278,10544,2025-09-11,Grocery,4,192.34,0.0,6,UPI,769.36,West
505279,11433,2025-11-26,Beauty,1,31.64,0.0,8,UPI,31.64,North
505280,10070,2025-02-26,Home,4,21.26,0.1,5,UPI,76.54,South
505281,11346,2025-07-26,Beauty,3,307.2,0.05,6,UPI,875.52,East
505282,10012,2025-12-02,Electronics,3,39.68,0.0,4,COD,119.04,West
505283,10574,2025-07-22,Fashion,2,125.77,0.1,8,Net Banking,226.39,West
505284,11239,2025-11-22,Fashion,4,163.76,0.1,5,Card,589.54,North
505285,11027,2025-06-03,Grocery,2,45.98,0.05,4,UPI,87.36,West
505286,10483,2025-11-20,Home,3,20.47,0.0,6,UPI,61.41,East
505287,11329,2025-08-18,Home,1,51.69,0.0,3,COD,51.69,South
505288,10207,2025-06-24,Electronics,4,15.85,0.15,4,COD,53.89,North
505289,11007,2025-03-20,Beauty,3,34.34,0.0,6,Card,103.02,West
505290,10778,2025-03-04,Fashion,1,36.1,0.0,6,COD,36.1,North
505291,10311,2025-04-16,Electronics,3,87.37,0.1,6,UPI,235.9,South
505292,11382,2025-10-03,Sports,1,18.29,0.1,4,Card,16.46,North
505293,11149,2025-06-20,Beauty,2,190.97,0.15,5,UPI,324.65,South
505294,10013,2025-05-22,Sports,3,12.6,0.05,6,Card,35.91,East
505295,10131,2025-06-20,Beauty,4,314.68,0.2,2,Card,1006.98,North
505296,10085,2025-05-06,Electronics,2,41.85,0.0,5,Card,83.7,North
505297,10624,2025-10-22,Electronics,1,58.77,0.15,1,COD,49.95,South
505298,10626,2025-05-23,Fashion,2,188.74,0.0,6,UPI,377.48,South
505299,11086,2025-06-22,Fashion,4,106.48,0.15,3,UPI,362.03,West
505300,11014,2025-07-24,Sports,4,13.36,0.15,3,COD,45.42,West
505301,10023,2025-08-24,Grocery,1,91.32,0.1,4,Card,82.19,West
505302,10715,2025-05-02,Electronics,1,75.73,0.1,6,Net Banking,68.16,West
505303,11178,2025-01-27,Home,4,352.87,0.0,9,COD,1411.48,South
505304,11347,2025-09-09,Home,3,71.19,0.05,1,Card,202.89,South
505305,10439,2025-07-24,Electronics,3,366.83,0.0,3,Card,1100.49,West
505306,10067,2025-08-25,Electronics,1,73.96,0.1,5,Card,66.56,East
505307,10230,2025-07-18,Electronics,2,20.15,0.0,3,UPI,40.3,North
505308,10511,2025-07-05,Fashion,4,70.25,0.0,6,UPI,281.0,North
505309,10665,2025-12-13,Electronics,1,393.82,0.0,4,UPI,393.82,South
505310,10528,2025-01-20,Home,1,12.22,0.1,6,UPI,11.0,West
505311,10136,2025-02-03,Electronics,2,38.44,0.05,4,COD,73.04,North
505312,10511,2025-12-08,Sports,3,11.02,0.05,6,Card,31.41,North
505313,10435,2025-11-20,Fashion,4,229.63,0.0,3,COD,918.52,North
505314,10732,2025-05-31,Grocery,3,70.74,0.0,8,Net Banking,212.22,North
505315,10119,2025-07-17,Electronics,2,140.4,0.05,1,COD,266.76,South
505316,11186,2025-06-14,Home,2,289.81,0.0,3,COD,579.62,West
505317,10626,2025-12-30,Beauty,1,226.51,0.1,2,UPI,203.86,South
505318,10477,2025-06-16,Fashion,2,40.22,0.05,6,UPI,76.42,South
505319,11360,2025-10-05,Electronics,1,341.4,0.2,6,COD,273.12,North
505320,11117,2025-05-14,Home,1,48.34,0.0,2,UPI,48.34,North
505321,10206,2025-05-20,Beauty,3,379.82,0.05,6,UPI,1082.49,North
505322,10220,2025-09-04,Electronics,2,435.52,0.15,3,Net Banking,740.38,South
505323,10004,2025-05-26,Beauty,3,29.65,0.15,5,COD,75.61,East
505324,10842,2025-01-06,Sports,1,185.82,0.05,6,UPI,176.53,West
505325,10533,2025-03-05,Fashion,3,122.79,0.0,4,COD,368.37,South
505326,10563,2025-11-15,Beauty,1,125.0,0.05,6,COD,118.75,West
505327,10765,2025-05-14,Beauty,3,16.68,0.1,4,Net Banking,45.04,West
505328,10809,2025-02-07,Grocery,3,65.36,0.0,5,COD,196.08,South
505329,10002,2025-12-09,Fashion,2,14.98,0.0,4,UPI,29.96,South
505330,10162,2025-12-31,Fashion,1,259.82,0.05,1,COD,246.83,West
505331,11184,2025-07-02,Grocery,4,264.64,0.0,4,Card,1058.56,North
505332,11431,2025-08-18,Electronics,1,75.06,0.15,3,Card,63.8,West
505333,11256,2025-10-03,Electronics,1,21.62,0.0,7,COD,21.62,West
505334,11360,2025-01-25,Beauty,2,112.15,0.2,2,Card,179.44,North
505335,10696,2025-04-19,Home,4,49.91,0.05,7,Net Banking,189.66,South
505336,11240,2025-07-25,Home,2,130.12,0.2,4,Net Banking,208.19,North
505337,11324,2025-07-20,Electronics,2,14.78,0.1,5,UPI,26.6,West
505338,11340,2025-05-01,Grocery,3,55.58,0.0,2,Card,166.74,South
505339,10225,2025-01-01,Fashion,2,33.58,0.0,4,UPI,67.16,South
505340,10221,2025-12-14,Sports,3,300.25,0.0,3,UPI,900.75,South
505341,10604,2025-08-13,Electronics,2,28.99,0.1,9,UPI,52.18,West
505342,10756,2025-10-03,Beauty,3,406.32,0.0,3,Card,1218.96,North
505343,11438,2025-06-09,Fashion,2,365.52,0.1,7,UPI,657.94,South
505344,10477,2025-07-05,Fashion,2,87.5,0.15,7,COD,148.75,South
505345,11248,2025-06-12,Sports,2,17.53,0.05,7,UPI,33.31,North
505346,11332,2025-06-06,Sports,2,30.6,0.1,3,UPI,55.08,South
505347,11448,2025-09-02,Beauty,4,13.0,0.15,8,UPI,44.2,South
505348,10285,2025-12-30,Sports,2,169.71,0.1,9,UPI,305.48,East
505349,10363,2025-10-11,Home,4,181.9,0.0,5,UPI,727.6,North
505350,10330,2025-09-01,Electronics,3,41.09,0.0,4,COD,123.27,South
505351,11103,2025-01-05,Grocery,3,139.49,0.05,3,Card,397.55,West
505352,11031,2025-07-07,Electronics,2,83.32,0.0,5,Net Banking,166.64,East
505353,10611,2025-12-15,Home,2,229.43,0.05,5,UPI,435.92,East
505354,10134,2025-05-26,Electronics,4,9.84,0.2,5,UPI,31.49,South
505355,10782,2025-07-20,Home,1,19.86,0.05,2,COD,18.87,West
505356,11099,2025-04-29,Beauty,3,225.47,0.0,5,Card,676.41,West
505357,10712,2025-03-11,Electronics,4,36.45,0.0,7,UPI,145.8,East
505358,10403,2025-09-15,Beauty,3,344.82,0.15,6,UPI,879.29,West
505359,10889,2025-04-25,Grocery,1,182.34,0.0,4,Net Banking,182.34,North
505360,10992,2025-08-03,Electronics,3,10.57,0.0,4,UPI,31.71,West
505361,10887,2025-08-05,Grocery,1,57.02,0.1,2,Card,51.32,South
505362,11310,2025-11-06,Beauty,4,135.81,0.05,3,Net Banking,516.08,West
505363,10471,2025-12-09,Fashion,2,19.48,0.05,4,Card,37.01,South
505364,10915,2025-07-22,Beauty,2,229.64,0.1,6,COD,413.35,West
505365,11283,2025-01-19,Home,4,10.8,0.1,3,Card,38.88,South
505366,10320,2025-08-01,Electronics,2,16.67,0.0,2,COD,33.34,West
505367,10423,2025-11-19,Fashion,1,68.08,0.05,6,Card,64.68,North
505368,10074,2025-06-24,Grocery,4,29.9,0.1,4,UPI,107.64,North
505369,10563,2025-07-26,Fashion,3,122.36,0.05,3,Card,348.73,West
505370,10067,2025-10-06,Fashion,3,34.09,0.2,6,Net Banking,81.82,East
505371,11120,2025-06-10,Fashion,1,20.52,0.0,5,UPI,20.52,West
505372,10134,2025-06-01,Beauty,2,235.49,0.05,4,Card,447.43,South
505373,11039,2025-06-25,Electronics,2,17.78,0.1,4,Card,32.0,South
505374,10870,2025-11-07,Fashion,2,51.08,0.05,5,COD,97.05,North
505375,11482,2025-06-28,Grocery,3,17.98,0.0,6,Card,53.94,North
505376,10523,2025-04-30,Home,1,19.7,0.05,5,Card,18.72,North
505377,10518,2025-08-06,Grocery,2,23.42,0.2,5,UPI,37.47,West
505378,10365,2025-09-10,Grocery,4,30.04,0.05,3,UPI,114.15,East
505379,10806,2025-11-30,Home,3,49.48,0.0,3,UPI,148.44,North
505380,10329,2025-11-22,Fashion,2,47.69,0.0,4,COD,95.38,East
505381,10171,2025-10-13,Sports,1,21.88,0.05,3,Card,20.79,South
505382,11423,2025-10-08,Beauty,1,11.53,0.0,2,UPI,11.53,South
505383,11019,2025-06-14,Sports,2,10.05,0.15,4,Card,17.08,North
505384,10179,2025-05-06,Grocery,1,86.99,0.2,6,Card,69.59,West
505385,10928,2025-07-25,Fashion,1,392.5,0.15,1,COD,333.62,West
505386,10458,2025-09-15,Grocery,4,12.64,0.05,4,Card,48.03,South
505387,10271,2025-07-09,Sports,4,12.49,0.05,5,COD,47.46,North
505388,10708,2025-03-17,Sports,3,125.53,0.0,7,UPI,376.59,West
505389,11182,2025-01-06,Grocery,4,131.08,0.0,8,COD,524.32,North
505390,10001,2025-01-22,Home,2,146.74,0.1,4,UPI,264.13,West
505391,10533,2025-06-05,Electronics,3,18.03,0.0,8,UPI,54.09,South
505392,11382,2025-10-16,Electronics,4,213.28,0.0,5,Card,853.12,North
505393,10592,2025-10-16,Home,1,102.62,0.15,6,UPI,87.23,South
505394,10149,2025-10-22,Sports,2,20.34,0.1,2,UPI,36.61,South
505395,10643,2025-09-16,Fashion,1,19.55,0.15,5,UPI,16.62,North
505396,11024,2025-01-09,Beauty,4,107.51,0.0,6,Card,430.04,South
505397,11495,2025-11-19,Electronics,4,157.65,0.15,3,UPI,536.01,South
505398,10944,2025-12-12,Sports,3,133.56,0.05,1,COD,380.65,South
505399,10076,2025-11-07,Beauty,3,75.05,0.0,5,UPI,225.15,South
505400,11214,2025-06-12,Sports,2,60.99,0.05,4,UPI,115.88,South
505401,11171,2025-03-20,Electronics,1,112.08,0.1,7,Card,100.87,South
505402,10978,2025-11-27,Home,4,18.06,0.05,3,COD,68.63,South
505403,11345,2025-03-09,Electronics,4,37.16,0.1,3,COD,133.78,West
505404,11155,2025-10-15,Home,4,14.26,0.05,2,UPI,54.19,South
505405,10349,2025-12-19,Grocery,2,212.94,0.15,3,COD,362.0,East
505406,10632,2025-11-25,Beauty,1,84.49,0.0,10,Card,84.49,West
505407,10762,2025-07-10,Beauty,3,180.17,0.1,1,Net Banking,486.46,North
505408,10734,2025-11-01,Home,1,48.21,0.15,2,Card,40.98,South
505409,10959,2025-10-31,Home,1,344.03,0.1,4,UPI,309.63,South
505410,11053,2025-12-22,Sports,4,326.62,0.15,8,COD,1110.51,South
505411,10156,2025-05-12,Grocery,4,98.91,0.1,6,UPI,356.08,East
505412,10853,2025-08-18,Sports,2,227.58,0.0,8,COD,455.16,West
505413,10059,2025-10-26,Sports,3,117.95,0.1,4,Card,318.47,North
505414,10768,2025-03-24,Beauty,3,168.61,0.1,2,UPI,455.25,North
505415,10634,2025-03-24,Electronics,1,25.77,0.0,4,UPI,25.77,South
505416,10309,2025-05-23,Sports,1,400.31,0.05,4,UPI,380.29,South
505417,11487,2025-05-12,Sports,2,21.27,0.0,5,UPI,42.54,West
505418,10388,2025-10-02,Fashion,4,82.62,0.0,4,Card,330.48,West
505419,10085,2025-12-08,Electronics,2,106.65,0.2,6,COD,170.64,North
505420,10538,2025-02-27,Sports,3,9.83,0.15,3,UPI,25.07,North
505421,11137,2025-04-29,Grocery,1,140.8,0.1,3,UPI,126.72,South
505422,10014,2025-12-06,Home,4,13.72,0.05,2,COD,52.14,West
505423,10740,2025-08-06,Electronics,4,80.93,0.05,5,UPI,307.53,South
505424,10627,2025-03-16,Sports,2,263.5,0.0,5,COD,527.0,West
505425,11299,2025-08-09,Home,1,18.44,0.0,7,UPI,18.44,West
505426,10005,2025-11-16,Sports,4,29.33,0.1,8,COD,105.59,North
505427,10026,2025-05-17,Sports,4,59.99,0.05,2,COD,227.96,North
505428,10848,2025-06-26,Home,3,318.48,0.05,5,UPI,907.67,East
505429,10270,2025-08-12,Electronics,2,33.86,0.0,4,UPI,67.72,North
505430,11057,2025-11-03,Fashion,3,18.67,0.15,1,UPI,47.61,West
505431,10418,2025-07-26,Beauty,2,19.63,0.0,3,UPI,39.26,West
505432,10844,2025-12-16,Grocery,3,15.72,0.05,8,UPI,44.8,South
505433,10057,2025-10-03,Beauty,4,194.71,0.0,3,Card,778.84,South
505434,11041,2025-06-04,Home,2,131.68,0.0,3,COD,263.36,North
505435,10778,2025-06-27,Grocery,1,56.99,0.1,4,UPI,51.29,North
505436,10001,2025-09-12,Sports,3,205.91,0.1,6,COD,555.96,West
505437,10399,2025-01-26,Fashion,4,306.26,0.1,4,UPI,1102.54,South
505438,10090,2025-03-24,Grocery,1,218.71,0.0,5,UPI,218.71,South
505439,10068,2025-03-28,Sports,4,10.94,0.2,1,UPI,35.01,South
505440,11048,2025-10-20,Grocery,2,11.59,0.1,6,UPI,20.86,West
505441,10642,2025-10-28,Sports,3,175.62,0.15,5,UPI,447.83,West
505442,11205,2025-10-27,Beauty,3,33.26,0.0,6,UPI,99.78,North
505443,10387,2025-02-08,Electronics,1,15.82,0.15,1,UPI,13.45,East
505444,11077,2025-04-18,Fashion,1,90.46,0.1,4,Net Banking,81.41,East
505445,10923,2025-04-24,Sports,4,28.54,0.05,6,Card,108.45,East
505446,10995,2025-01-09,Grocery,3,421.93,0.0,3,Net Banking,1265.79,West
505447,11243,2025-04-05,Sports,3,77.95,0.0,5,UPI,233.85,South
505448,11062,2025-06-07,Fashion,2,25.21,0.15,4,COD,42.86,East
505449,11119,2025-11-20,Fashion,1,368.34,0.05,4,UPI,349.92,South
505450,11110,2025-03-04,Electronics,2,91.43,0.1,7,UPI,164.57,North
505451,10671,2025-11-11,Electronics,3,24.54,0.1,2,UPI,66.26,North
505452,11087,2025-10-26,Electronics,3,16.99,0.1,4,Card,45.87,West
505453,11264,2025-02-27,Grocery,2,81.97,0.05,5,UPI,155.74,West
505454,11108,2025-04-06,Sports,1,170.18,0.15,6,COD,144.65,South
505455,10912,2025-06-17,Home,1,204.1,0.0,4,COD,204.1,West
505456,10112,2025-12-11,Beauty,4,20.57,0.15,6,UPI,69.94,North
505457,10655,2025-10-14,Beauty,3,42.11,0.05,4,COD,120.01,West
505458,10095,2025-12-21,Home,4,311.9,0.0,5,UPI,1247.6,South
505459,10156,2025-04-25,Beauty,1,84.79,0.0,5,UPI,84.79,East
505460,10542,2025-11-28,Beauty,2,10.89,0.1,6,UPI,19.6,East
505461,10697,2025-12-15,Sports,2,315.63,0.1,6,UPI,568.13,West
505462,10792,2025-08-07,Sports,2,120.52,0.0,2,UPI,241.04,South
505463,11351,2025-02-26,Electronics,2,47.37,0.0,5,UPI,94.74,West
505464,11144,2025-04-08,Beauty,1,143.98,0.1,6,UPI,129.58,West
505465,10635,2025-02-16,Grocery,1,84.49,0.0,7,COD,84.49,North
505466,10503,2025-10-22,Grocery,4,20.74,0.0,2,COD,82.96,West
505467,11069,2025-04-25,Sports,2,134.81,0.1,6,Net Banking,242.66,North
505468,10413,2025-09-14,Sports,1,21.51,0.0,4,UPI,21.51,North
505469,11326,2025-04-08,Electronics,2,23.88,0.0,5,UPI,47.76,West
505470,11173,2025-12-23,Grocery,4,61.86,0.05,2,Card,235.07,South
505471,11024,2025-10-10,Sports,2,10.56,0.1,4,Card,19.01,South
505472,10375,2025-05-18,Grocery,4,109.14,0.1,5,UPI,392.9,North
505473,10933,2025-06-24,Grocery,1,85.68,0.0,3,COD,85.68,South
505474,11232,2025-01-22,Home,1,120.84,0.05,7,Net Banking,114.8,East
505475,10108,2025-02-19,Electronics,3,20.12,0.05,1,UPI,57.34,South
505476,10266,2025-12-31,Fashion,3,76.76,0.05,6,Net Banking,218.77,North
505477,10773,2025-10-25,Beauty,4,53.16,0.0,1,UPI,212.64,East
505478,10540,2025-11-02,Electronics,2,20.01,0.0,4,Card,40.02,West
505479,11065,2025-08-23,Home,1,51.45,0.1,5,UPI,46.31,South
505480,10602,2025-03-22,Grocery,3,425.99,0.0,6,Card,1277.97,West
505481,11495,2025-02-08,Beauty,2,191.66,0.2,4,UPI,306.66,South
505482,10450,2025-09-22,Home,1,18.24,0.2,4,Card,14.59,East
505483,10541,2025-05-02,Fashion,1,240.65,0.05,6,UPI,228.62,West
505484,10006,2025-01-01,Fashion,3,84.62,0.1,6,Card,228.47,West
505485,10372,2025-01-09,Home,3,12.23,0.1,7,COD,33.02,South
505486,10354,2025-07-23,Grocery,1,433.88,0.0,2,UPI,433.88,East
505487,11145,2025-11-03,Fashion,3,76.68,0.05,4,Card,218.54,South
505488,10507,2025-05-13,Electronics,4,390.13,0.2,1,Net Banking,1248.42,South
505489,10306,2025-12-31,Home,4,14.02,0.0,2,COD,56.08,South
505490,10471,2025-05-20,Grocery,2,20.34,0.1,3,Net Banking,36.61,South
505491,10844,2025-09-25,Electronics,1,362.31,0.1,6,UPI,326.08,South
505492,11179,2025-03-31,Electronics,3,28.69,0.0,4,Card,86.07,North
505493,11469,2025-08-10,Fashion,3,57.13,0.05,4,COD,162.82,West
505494,10072,2025-04-11,Beauty,4,121.97,0.15,5,Net Banking,414.7,South
505495,11262,2025-10-12,Home,3,409.65,0.0,3,UPI,1228.95,South
505496,10584,2025-06-15,Beauty,3,38.04,0.0,1,Net Banking,114.12,South
505497,11213,2025-01-16,Home,3,124.64,0.0,3,Card,373.92,East
505498,10057,2025-04-01,Beauty,3,139.91,0.1,4,COD,377.76,South
505499,10940,2025-05-09,Home,2,137.12,0.1,5,Card,246.82,North
505500,11396,2025-06-20,Fashion,2,64.1,0.05,4,UPI,121.79,North
505501,10059,2025-04-09,Sports,2,13.23,0.1,5,UPI,23.81,North
505502,11186,2025-07-30,Grocery,2,29.86,0.2,6,UPI,47.78,West
505503,10172,2025-12-18,Electronics,4,77.47,0.0,7,Card,309.88,South
505504,11474,2025-09-17,Home,2,48.75,0.15,5,Card,82.88,South
505505,11117,2025-04-24,Home,2,22.25,0.05,2,Card,42.28,North
505506,11366,2025-09-05,Fashion,4,118.82,0.0,2,Card,475.28,South
505507,11347,2025-12-19,Fashion,1,55.42,0.0,2,Card,55.42,South
505508,10474,2025-03-30,Grocery,2,146.83,0.05,2,UPI,278.98,North
505509,10624,2025-03-26,Grocery,2,77.54,0.15,5,UPI,131.82,South
505510,11038,2025-01-15,Sports,2,34.43,0.05,8,Card,65.42,South
505511,10263,2025-11-04,Home,2,15.66,0.1,5,Card,28.19,South
505512,10460,2025-10-31,Electronics,4,19.41,0.0,4,Net Banking,77.64,East
505513,10149,2025-06-01,Grocery,2,77.99,0.0,6,Net Banking,155.98,South
505514,11333,2025-11-15,Grocery,2,33.5,0.15,3,Card,56.95,South
505515,10372,2025-08-26,Home,2,182.73,0.15,7,UPI,310.64,South
505516,10617,2025-12-24,Electronics,4,118.44,0.05,6,COD,450.07,West
505517,10679,2025-12-03,Sports,4,26.56,0.0,5,UPI,106.24,North
505518,10564,2025-12-17,Fashion,1,124.07,0.0,9,Card,124.07,East
505519,11167,2025-05-24,Grocery,1,56.54,0.2,7,Net Banking,45.23,West
505520,11372,2025-08-20,Fashion,1,239.35,0.0,5,COD,239.35,West
505521,10860,2025-03-03,Sports,2,408.17,0.0,4,Net Banking,816.34,South
505522,11256,2025-11-23,Sports,3,358.81,0.1,4,UPI,968.79,West
505523,10167,2025-04-27,Electronics,1,14.59,0.15,4,Card,12.4,West
505524,11450,2025-06-13,Electronics,3,60.56,0.0,4,COD,181.68,North
505525,10174,2025-08-05,Sports,2,10.74,0.1,4,UPI,19.33,West
505526,10100,2025-10-15,Home,4,238.15,0.0,4,COD,952.6,West
505527,10034,2025-09-25,Home,3,152.81,0.1,2,UPI,412.59,South
505528,10366,2025-12-15,Sports,2,21.15,0.0,3,Net Banking,42.3,South
505529,11256,2025-09-18,Home,3,102.58,0.15,1,Card,261.58,West
505530,10452,2025-10-18,Electronics,1,83.39,0.1,5,UPI,75.05,West
505531,11187,2025-07-28,Electronics,2,69.83,0.2,5,Net Banking,111.73,South
505532,10637,2025-06-01,Beauty,2,60.72,0.05,4,COD,115.37,East
505533,10156,2025-11-30,Fashion,1,371.04,0.15,6,Card,315.38,East
505534,10710,2025-05-18,Sports,2,182.73,0.05,3,Net Banking,347.19,South
505535,10349,2025-08-15,Grocery,3,42.61,0.05,3,Card,121.44,East
505536,10438,2025-04-17,Fashion,3,130.56,0.0,2,Card,391.68,South
505537,10776,2025-06-26,Sports,4,18.99,0.15,7,UPI,64.57,West
505538,11186,2025-05-14,Home,2,23.82,0.05,6,COD,45.26,West
505539,10881,2025-04-05,Beauty,3,21.65,0.1,7,Card,58.45,South
505540,10335,2025-10-27,Home,3,246.56,0.1,8,Card,665.71,North
505541,11077,2025-10-08,Electronics,4,10.39,0.1,4,Net Banking,37.4,East
505542,11045,2025-09-14,Grocery,4,262.2,0.1,3,UPI,943.92,North
505543,10356,2025-01-31,Home,3,239.59,0.1,1,COD,646.89,South
505544,11278,2025-04-02,Beauty,2,357.75,0.05,2,COD,679.72,North
505545,11265,2025-03-21,Beauty,3,137.32,0.1,4,UPI,370.76,East
505546,10906,2025-09-17,Electronics,3,54.62,0.05,1,COD,155.67,East
505547,10445,2025-11-22,Grocery,4,264.95,0.1,2,COD,953.82,South
505548,10532,2025-05-19,Home,1,286.06,0.15,4,Card,243.15,East
505549,10660,2025-05-01,Electronics,4,213.14,0.05,6,UPI,809.93,South
505550,10282,2025-07-23,Beauty,4,183.16,0.0,3,UPI,732.64,North
505551,10459,2025-12-27,Electronics,1,145.85,0.05,5,UPI,138.56,West
505552,10202,2025-05-16,Grocery,2,81.61,0.15,8,UPI,138.74,West
505553,10232,2025-04-12,Home,1,186.04,0.15,1,Card,158.13,South
505554,11117,2025-07-10,Home,3,55.54,0.0,7,Card,166.62,North
505555,10193,2025-12-01,Home,1,78.05,0.15,5,Card,66.34,North
505556,10704,2025-09-24,Electronics,2,187.39,0.0,7,Card,374.78,West
505557,10644,2025-07-09,Electronics,1,22.47,0.15,6,COD,19.1,North
505558,10070,2025-09-24,Fashion,1,158.06,0.15,3,Net Banking,134.35,South
505559,11247,2025-01-06,Home,2,19.96,0.05,5,COD,37.92,East
505560,11476,2025-10-02,Electronics,2,60.94,0.2,2,COD,97.5,South
505561,10958,2025-02-05,Home,3,12.06,0.05,3,UPI,34.37,South
505562,11007,2025-05-23,Home,1,368.52,0.05,5,Net Banking,350.09,West
505563,10350,2025-05-08,Beauty,2,180.92,0.15,5,COD,307.56,North
505564,11267,2025-09-10,Grocery,4,22.52,0.0,6,Net Banking,90.08,North
505565,11177,2025-03-29,Home,4,21.84,0.0,8,Card,87.36,South
505566,10658,2025-03-29,Sports,2,119.6,0.0,4,UPI,239.2,South
505567,11059,2025-11-19,Sports,1,330.79,0.1,7,Card,297.71,East
505568,11434,2025-06-24,Electronics,4,41.67,0.1,5,UPI,150.01,North
505569,10905,2025-09-28,Fashion,3,379.63,0.15,2,UPI,968.06,West
505570,10300,2025-08-01,Beauty,2,62.09,0.15,4,Card,105.55,East
505571,10496,2025-08-15,Fashion,3,61.74,0.15,5,Net Banking,157.44,East
505572,10278,2025-09-08,Home,1,37.72,0.1,3,Card,33.95,South
505573,10498,2025-09-01,Beauty,2,25.26,0.15,2,Card,42.94,East
505574,11336,2025-11-29,Electronics,2,30.24,0.0,2,Card,60.48,West
505575,10285,2025-10-14,Grocery,3,18.7,0.1,3,UPI,50.49,East
505576,11338,2025-04-22,Fashion,1,34.27,0.0,3,UPI,34.27,East
505577,10428,2025-03-03,Electronics,2,27.26,0.0,7,COD,54.52,West
505578,10749,2025-11-05,Fashion,4,10.08,0.0,1,UPI,40.32,West
505579,10793,2025-05-16,Grocery,1,41.15,0.0,5,UPI,41.15,South
505580,10189,2025-04-24,Sports,1,14.82,0.2,6,Card,11.86,West
505581,10277,2025-02-10,Home,4,16.1,0.05,3,UPI,61.18,South
505582,10458,2025-07-21,Grocery,4,162.71,0.15,4,UPI,553.21,South
505583,10090,2025-07-06,Home,2,13.93,0.05,4,Card,26.47,South
505584,11132,2025-10-30,Home,1,36.73,0.1,4,Net Banking,33.06,South
505585,10820,2025-10-01,Electronics,3,122.09,0.0,6,UPI,366.27,South
505586,11269,2025-09-21,Grocery,2,12.36,0.2,6,Card,19.78,South
505587,11295,2025-07-16,Sports,3,138.26,0.0,3,Card,414.78,South
505588,10522,2025-11-11,Fashion,1,12.15,0.1,1,COD,10.94,South
505589,11226,2025-12-25,Sports,4,12.23,0.2,5,Card,39.14,West
505590,10092,2025-10-25,Home,3,16.46,0.1,3,COD,44.44,East
505591,10645,2025-05-08,Electronics,3,253.91,0.15,3,COD,647.47,East
505592,10999,2025-04-11,Grocery,3,12.94,0.0,5,UPI,38.82,West
505593,10700,2025-01-01,Grocery,1,11.6,0.05,4,COD,11.02,South
505594,11110,2025-12-29,Electronics,4,346.41,0.0,5,UPI,1385.64,North
505595,11288,2025-09-25,Electronics,2,96.73,0.05,10,COD,183.79,South
505596,10637,2025-12-09,Fashion,2,70.11,0.0,6,Card,140.22,East
505597,10412,2025-10-15,Electronics,4,12.45,0.1,7,Card,44.82,East
505598,10875,2025-06-07,Sports,1,33.21,0.2,6,Card,26.57,East
505599,11303,2025-02-22,Grocery,1,81.77,0.1,5,Card,73.59,West
505600,11482,2025-01-18,Home,4,85.24,0.15,6,UPI,289.82,North
505601,11224,2025-10-17,Home,2,72.47,0.05,5,Card,137.69,East
505602,10368,2025-04-21,Grocery,3,20.16,0.0,6,Card,60.48,East
505603,10308,2025-05-19,Beauty,3,426.56,0.1,5,Card,1151.71,East
505604,10860,2025-11-02,Home,4,132.96,0.0,2,Card,531.84,South
505605,10604,2025-06-25,Electronics,3,22.13,0.05,2,UPI,63.07,West
505606,10917,2025-12-14,Grocery,2,291.44,0.15,5,COD,495.45,North
505607,11385,2025-07-19,Grocery,3,34.96,0.05,2,Card,99.64,West
505608,10824,2025-10-31,Electronics,3,17.08,0.0,6,Card,51.24,East
505609,10534,2025-02-15,Sports,2,231.49,0.0,7,Net Banking,462.98,East
505610,11304,2025-05-25,Electronics,1,18.05,0.1,4,UPI,16.24,South
505611,10659,2025-03-08,Electronics,2,10.63,0.0,7,UPI,21.26,East
505612,10908,2025-01-21,Beauty,4,97.6,0.1,5,Net Banking,351.36,North
505613,10203,2025-12-28,Beauty,1,20.33,0.05,5,COD,19.31,South
505614,10762,2025-07-08,Grocery,1,18.75,0.1,5,UPI,16.88,North
505615,10640,2025-05-10,Sports,4,16.6,0.15,3,UPI,56.44,West
505616,10185,2025-05-18,Electronics,4,15.31,0.0,3,Card,61.24,West
505617,10318,2025-03-29,Fashion,1,290.37,0.1,1,COD,261.33,East
505618,11055,2025-02-14,Grocery,1,112.15,0.0,3,Card,112.15,South
505619,10271,2025-11-30,Fashion,3,200.49,0.0,9,COD,601.47,North
505620,10199,2025-02-08,Home,4,109.65,0.05,2,UPI,416.67,North
505621,10087,2025-05-21,Electronics,3,81.69,0.0,2,Card,245.07,West
505622,10040,2025-02-25,Beauty,4,25.62,0.2,3,UPI,81.98,East
505623,10652,2025-12-06,Beauty,3,300.96,0.15,3,Card,767.45,West
505624,10733,2025-03-17,Beauty,4,236.84,0.15,5,COD,805.26,North
505625,10937,2025-05-24,Electronics,3,58.26,0.0,3,UPI,174.78,West
505626,10859,2025-10-03,Electronics,2,21.02,0.1,4,Card,37.84,South
505627,10806,2025-07-28,Fashion,3,171.4,0.1,3,UPI,462.78,North
505628,11499,2025-05-20,Grocery,2,34.33,0.0,4,UPI,68.66,South
505629,10375,2025-07-25,Fashion,3,23.03,0.1,4,UPI,62.18,North
505630,11069,2025-06-09,Beauty,4,167.89,0.15,4,Card,570.83,North
505631,10120,2025-04-16,Grocery,4,232.15,0.15,8,Net Banking,789.31,East
505632,11273,2025-08-07,Sports,3,86.53,0.15,4,UPI,220.65,South
505633,10544,2025-05-14,Sports,1,13.7,0.0,4,UPI,13.7,West
505634,10520,2025-12-17,Fashion,3,95.03,0.15,1,UPI,242.33,West
505635,10203,2025-06-19,Sports,2,420.78,0.15,5,Card,715.33,South
505636,10764,2025-10-04,Fashion,1,117.33,0.1,1,UPI,105.6,North
505637,10600,2025-03-27,Fashion,4,23.1,0.0,6,Net Banking,92.4,East
505638,11462,2025-08-24,Fashion,2,91.49,0.05,5,COD,173.83,East
505639,10268,2025-07-24,Sports,4,24.48,0.0,6,Card,97.92,North
505640,10627,2025-09-29,Grocery,2,255.64,0.0,3,UPI,511.28,West
505641,11351,2025-06-18,Home,3,188.93,0.15,5,Card,481.77,West
505642,11211,2025-09-20,Sports,3,65.96,0.2,6,COD,158.3,West
505643,11147,2025-01-22,Electronics,4,19.74,0.15,3,Card,67.12,West
505644,10789,2025-09-09,Fashion,1,40.75,0.0,6,COD,40.75,West
505645,11310,2025-10-03,Grocery,3,14.85,0.1,6,COD,40.1,West
505646,10336,2025-07-01,Fashion,2,171.45,0.05,4,Net Banking,325.75,East
505647,11215,2025-01-13,Home,2,103.51,0.05,8,UPI,196.67,South
505648,10871,2025-07-26,Fashion,4,26.27,0.05,6,COD,99.83,West
505649,10525,2025-10-13,Beauty,1,200.64,0.15,1,UPI,170.54,North
505650,10328,2025-06-18,Beauty,3,155.9,0.1,6,Card,420.93,South
505651,10783,2025-02-04,Home,2,365.84,0.15,3,Card,621.93,South
505652,10005,2025-05-25,Fashion,4,24.65,0.0,6,Card,98.6,North
505653,11073,2025-12-29,Home,1,22.21,0.05,5,UPI,21.1,South
505654,10354,2025-04-09,Beauty,1,41.11,0.1,1,Card,37.0,East
505655,10584,2025-07-13,Grocery,1,24.67,0.1,6,UPI,22.2,South
505656,10290,2025-05-10,Sports,2,177.88,0.15,4,Card,302.4,North
505657,10699,2025-09-18,Beauty,1,44.64,0.0,4,UPI,44.64,East
505658,10557,2025-06-06,Grocery,3,122.07,0.0,4,Card,366.21,South
505659,10282,2025-05-21,Electronics,1,17.85,0.15,6,UPI,15.17,North
505660,11333,2025-07-31,Grocery,2,10.45,0.05,3,UPI,19.85,South
505661,11140,2025-07-28,Beauty,3,294.66,0.05,7,Card,839.78,East
505662,10582,2025-07-02,Sports,3,47.36,0.15,1,UPI,120.77,South
505663,10087,2025-04-05,Grocery,1,21.85,0.1,5,Card,19.67,West
505664,11268,2025-02-09,Fashion,1,268.97,0.1,6,Net Banking,242.07,West
505665,11046,2025-09-10,Fashion,2,18.96,0.0,6,COD,37.92,South
505666,10834,2025-05-05,Sports,3,298.61,0.1,5,Card,806.25,East
505667,10907,2025-08-12,Home,4,35.19,0.05,4,Card,133.72,South
505668,10012,2025-05-18,Home,1,49.4,0.1,3,Card,44.46,West
505669,10711,2025-11-08,Beauty,1,22.6,0.1,2,Card,20.34,West
505670,10284,2025-09-16,Beauty,3,10.01,0.0,3,UPI,30.03,South
505671,10977,2025-05-28,Sports,4,48.59,0.0,3,UPI,194.36,South
505672,11397,2025-05-02,Home,4,33.86,0.05,2,Net Banking,128.67,South
505673,10797,2025-10-01,Fashion,3,55.84,0.05,8,UPI,159.14,North
505674,10907,2025-01-03,Electronics,1,48.87,0.0,1,UPI,48.87,South
505675,11002,2025-01-22,Electronics,3,80.59,0.15,7,UPI,205.5,South
505676,11395,2025-01-31,Grocery,2,9.71,0.0,2,UPI,19.42,West
505677,10058,2025-05-07,Grocery,2,38.83,0.05,2,UPI,73.78,East
505678,10466,2025-07-01,Grocery,2,241.42,0.1,2,Card,434.56,East
505679,10403,2025-04-17,Home,3,305.26,0.1,2,Card,824.2,West
505680,11075,2025-03-10,Fashion,3,83.29,0.05,6,Net Banking,237.38,West
505681,10672,2025-04-25,Sports,1,38.44,0.0,6,COD,38.44,East
505682,11159,2025-06-30,Home,1,43.47,0.0,4,COD,43.47,South
505683,10709,2025-04-19,Sports,1,139.41,0.0,10,Card,139.41,South
505684,11464,2025-07-29,Sports,2,43.34,0.0,4,UPI,86.68,South
505685,11151,2025-05-20,Beauty,3,344.22,0.1,5,COD,929.39,North
505686,10028,2025-12-07,Beauty,4,10.88,0.05,3,Card,41.34,North
505687,11483,2025-12-29,Home,2,103.59,0.0,3,COD,207.18,East
505688,11429,2025-08-28,Sports,3,62.47,0.1,3,UPI,168.67,West
505689,10066,2025-07-22,Grocery,4,57.81,0.0,6,Card,231.24,East
505690,10588,2025-01-12,Grocery,3,57.87,0.15,6,UPI,147.57,South
505691,11456,2025-08-16,Sports,3,20.89,0.1,7,UPI,56.4,North
505692,11257,2025-05-19,Beauty,2,37.72,0.1,3,Card,67.9,West
505693,10703,2025-04-16,Sports,1,38.93,0.0,6,COD,38.93,North
505694,10818,2025-10-17,Home,4,94.46,0.05,5,COD,358.95,South
505695,10045,2025-01-16,Grocery,3,83.68,0.05,5,COD,238.49,West
505696,10847,2025-04-06,Home,1,43.24,0.2,3,COD,34.59,South
505697,11000,2025-10-10,Beauty,2,64.02,0.0,2,COD,128.04,South
505698,10540,2025-12-04,Electronics,1,87.27,0.05,6,COD,82.91,West
505699,10461,2025-07-07,Electronics,4,14.79,0.1,6,COD,53.24,East
505700,11243,2025-07-13,Beauty,3,226.25,0.05,3,UPI,644.81,South
505701,10674,2025-12-19,Fashion,4,225.41,0.1,6,Net Banking,811.48,East
505702,10397,2025-02-03,Electronics,2,29.84,0.15,7,Card,50.73,West
505703,10563,2025-06-25,Grocery,1,164.53,0.05,4,UPI,156.3,West
505704,10739,2025-03-30,Electronics,3,28.49,0.0,2,Card,85.47,South
505705,10390,2025-06-24,Grocery,3,11.3,0.15,2,COD,28.82,West
505706,10841,2025-11-27,Home,1,217.42,0.0,3,COD,217.42,North
505707,11292,2025-08-06,Beauty,3,30.06,0.1,4,UPI,81.16,East
505708,11114,2025-12-28,Electronics,1,43.25,0.0,4,Card,43.25,West
505709,10348,2025-07-04,Sports,3,86.68,0.0,4,COD,260.04,South
505710,10708,2025-11-12,Sports,3,57.97,0.05,4,COD,165.21,West
505711,10816,2025-03-03,Electronics,1,23.26,0.15,6,UPI,19.77,West
505712,11021,2025-04-28,Electronics,2,180.49,0.0,3,COD,360.98,West
505713,11135,2025-04-10,Fashion,1,34.7,0.0,7,Card,34.7,West
505714,10728,2025-10-08,Grocery,3,65.37,0.0,6,UPI,196.11,North
505715,10473,2025-07-07,Electronics,1,109.48,0.0,6,UPI,109.48,North
505716,10989,2025-03-23,Home,3,338.44,0.0,3,Card,1015.32,South
505717,10189,2025-03-05,Fashion,2,60.04,0.15,4,Card,102.07,West
505718,11012,2025-05-21,Electronics,1,48.42,0.1,6,Net Banking,43.58,East
505719,11345,2025-02-26,Home,4,339.53,0.0,4,Net Banking,1358.12,West
505720,11065,2025-09-12,Electronics,3,57.08,0.0,3,COD,171.24,South
505721,10651,2025-11-06,Beauty,2,26.64,0.0,3,Card,53.28,South
505722,11235,2025-12-20,Sports,4,10.98,0.05,3,UPI,41.72,North
505723,10799,2025-03-28,Beauty,3,38.66,0.0,2,Card,115.98,West
505724,10812,2025-06-10,Home,4,18.96,0.15,10,Card,64.46,North
505725,11279,2025-07-03,Beauty,1,29.64,0.0,1,Card,29.64,West
505726,10290,2025-06-30,Fashion,1,70.72,0.05,3,Net Banking,67.18,North
505727,11170,2025-06-15,Electronics,1,84.94,0.1,6,UPI,76.45,North
505728,11020,2025-03-22,Electronics,3,16.12,0.0,3,UPI,48.36,South
505729,10794,2025-02-10,Home,4,49.33,0.1,4,Card,177.59,North
505730,10116,2025-05-28,Grocery,4,46.21,0.1,5,UPI,166.36,West
505731,11149,2025-02-03,Sports,4,12.5,0.0,7,UPI,50.0,South
505732,10329,2025-01-24,Electronics,3,30.97,0.15,4,Card,78.97,East
505733,11344,2025-07-11,Home,3,140.92,0.05,6,UPI,401.62,East
505734,11189,2025-11-10,Beauty,2,14.1,0.0,1,UPI,28.2,North
505735,10546,2025-07-17,Home,1,41.2,0.1,3,Net Banking,37.08,South
505736,10653,2025-01-09,Grocery,1,45.84,0.1,5,Card,41.26,East
505737,10039,2025-11-03,Grocery,1,20.66,0.0,8,UPI,20.66,North
505738,10748,2025-09-07,Home,3,124.47,0.05,3,COD,354.74,South
505739,10087,2025-04-21,Electronics,3,184.4,0.15,2,UPI,470.22,West
505740,11482,2025-04-10,Home,4,37.54,0.1,5,UPI,135.14,North
505741,10961,2025-11-25,Fashion,1,21.71,0.05,5,Net Banking,20.62,South
505742,10353,2025-06-23,Sports,4,128.06,0.05,3,COD,486.63,East
505743,11206,2025-02-21,Beauty,3,23.0,0.1,2,UPI,62.1,North
505744,10030,2025-04-13,Home,4,19.27,0.1,3,Card,69.37,East
505745,10824,2025-04-07,Home,3,11.69,0.0,6,Card,35.07,East
505746,10168,2025-05-27,Electronics,2,13.37,0.0,4,Net Banking,26.74,West
505747,10082,2025-05-07,Electronics,3,253.99,0.05,7,Card,723.87,South
505748,10367,2025-07-19,Beauty,3,308.42,0.1,4,Card,832.73,West
505749,10442,2025-04-28,Fashion,1,84.52,0.1,6,UPI,76.07,North
505750,11089,2025-08-22,Electronics,1,289.54,0.1,5,UPI,260.59,South
505751,11337,2025-06-29,Home,3,137.88,0.1,4,UPI,372.28,North
505752,11164,2025-12-10,Grocery,1,58.33,0.05,6,Card,55.41,North
505753,11110,2025-10-30,Grocery,1,132.4,0.15,2,Card,112.54,North
505754,10849,2025-05-02,Fashion,1,44.95,0.15,3,UPI,38.21,North
505755,10557,2025-01-16,Fashion,3,433.67,0.15,4,UPI,1105.86,South
505756,10383,2025-08-02,Fashion,4,266.32,0.15,5,Card,905.49,West
505757,11419,2025-05-04,Beauty,2,256.46,0.15,6,UPI,435.98,West
505758,10783,2025-11-26,Home,1,61.47,0.0,3,COD,61.47,South
505759,10847,2025-05-29,Beauty,3,64.04,0.05,3,COD,182.51,South
505760,10023,2025-04-16,Sports,2,16.3,0.05,5,Card,30.97,West
505761,10687,2025-05-04,Fashion,3,88.51,0.05,1,Net Banking,252.25,South
505762,11023,2025-11-12,Sports,2,22.26,0.15,7,Card,37.84,West
505763,10743,2025-02-11,Fashion,3,61.23,0.0,4,Card,183.69,West
505764,10922,2025-12-16,Electronics,2,20.45,0.0,2,Card,40.9,West
505765,11215,2025-03-27,Fashion,4,41.15,0.0,2,UPI,164.6,South
505766,10033,2025-11-06,Grocery,3,156.71,0.0,5,UPI,470.13,South
505767,11357,2025-07-18,Fashion,2,29.12,0.05,5,Card,55.33,South
505768,11226,2025-07-27,Fashion,1,82.78,0.0,3,UPI,82.78,West
505769,10630,2025-03-16,Home,3,22.59,0.0,4,COD,67.77,West
505770,11146,2025-09-21,Sports,2,30.41,0.05,2,UPI,57.78,South
505771,10100,2025-08-25,Beauty,1,19.57,0.1,4,Card,17.61,West
505772,10463,2025-06-25,Home,2,19.68,0.1,7,Card,35.42,West
505773,10162,2025-06-17,Beauty,2,32.69,0.0,9,UPI,65.38,West
505774,10954,2025-08-06,Electronics,4,20.26,0.2,4,UPI,64.83,North
505775,11285,2025-06-22,Grocery,3,243.47,0.0,5,Card,730.41,West
505776,10903,2025-12-22,Sports,3,151.16,0.1,5,UPI,408.13,North
505777,11068,2025-01-16,Home,3,27.68,0.15,1,UPI,70.58,East
505778,10215,2025-04-02,Sports,4,261.85,0.15,2,UPI,890.29,East
505779,11402,2025-11-07,Electronics,1,43.13,0.05,1,Card,40.97,North
505780,10290,2025-10-17,Beauty,2,87.39,0.0,5,COD,174.78,North
505781,10790,2025-05-08,Fashion,3,101.97,0.15,8,COD,260.02,East
505782,11025,2025-07-04,Electronics,1,122.21,0.1,7,UPI,109.99,East
505783,11285,2025-01-10,Sports,2,10.84,0.1,5,COD,19.51,West
505784,11401,2025-03-06,Sports,2,22.21,0.05,4,Net Banking,42.2,South
505785,10899,2025-12-11,Fashion,4,32.73,0.15,4,Card,111.28,North
505786,10865,2025-08-23,Home,4,67.36,0.15,7,Net Banking,229.02,North
505787,10626,2025-01-15,Sports,1,242.2,0.1,5,COD,217.98,South
505788,10852,2025-10-17,Beauty,1,51.83,0.15,5,UPI,44.06,North
505789,11013,2025-05-28,Sports,4,54.62,0.05,2,Card,207.56,South
505790,10971,2025-07-27,Fashion,1,14.85,0.0,6,Net Banking,14.85,South
505791,10889,2025-11-09,Electronics,2,57.55,0.1,4,UPI,103.59,North
505792,10661,2025-11-02,Electronics,4,40.32,0.1,5,UPI,145.15,South
505793,10294,2025-02-19,Electronics,4,109.95,0.05,6,UPI,417.81,North
505794,10082,2025-05-14,Electronics,4,230.08,0.0,1,UPI,920.32,South
505795,10632,2025-04-10,Home,1,71.21,0.1,4,UPI,64.09,West
505796,10595,2025-11-30,Electronics,1,14.21,0.0,4,Card,14.21,North
505797,10913,2025-10-12,Grocery,1,191.73,0.1,3,COD,172.56,West
505798,11351,2025-08-25,Grocery,4,52.91,0.15,2,UPI,179.89,West
505799,11053,2025-01-22,Home,1,60.97,0.0,3,COD,60.97,South
505800,11208,2025-10-21,Home,2,220.14,0.15,2,Net Banking,374.24,South
505801,10868,2025-07-24,Sports,4,74.27,0.0,6,Card,297.08,West
505802,11392,2025-04-10,Fashion,2,124.72,0.05,5,Net Banking,236.97,West
505803,11410,2025-06-11,Fashion,4,210.57,0.15,5,Card,715.94,East
505804,10230,2025-06-12,Grocery,2,40.93,0.0,1,UPI,81.86,North
505805,10959,2025-04-19,Fashion,2,370.15,0.0,8,UPI,740.3,South
505806,10759,2025-11-29,Sports,4,19.18,0.2,4,Card,61.38,North
505807,11459,2025-12-01,Fashion,3,270.13,0.0,8,Net Banking,810.39,West
505808,10878,2025-01-19,Fashion,1,239.2,0.0,6,UPI,239.2,South
505809,10024,2025-12-08,Home,3,9.62,0.05,4,Card,27.42,West
505810,10315,2025-05-28,Fashion,4,21.15,0.0,9,COD,84.6,South
505811,10195,2025-10-19,Grocery,4,11.38,0.0,6,Net Banking,45.52,North
505812,10302,2025-10-12,Beauty,1,28.04,0.15,4,Net Banking,23.83,North
505813,10144,2025-08-07,Electronics,1,321.58,0.05,4,UPI,305.5,East
505814,11174,2025-09-29,Fashion,3,20.56,0.05,7,UPI,58.6,West
505815,10742,2025-09-06,Sports,3,14.61,0.1,3,UPI,39.45,North
505816,11008,2025-11-07,Grocery,3,41.78,0.0,4,UPI,125.34,South
505817,11500,2025-06-04,Fashion,2,36.57,0.05,3,COD,69.48,East
505818,10971,2025-09-27,Sports,4,104.32,0.2,3,Card,333.82,South
505819,10719,2025-12-24,Home,3,92.89,0.1,3,Net Banking,250.8,East
505820,10401,2025-12-12,Beauty,4,209.83,0.1,8,Card,755.39,South
505821,11132,2025-02-24,Beauty,2,55.21,0.05,7,Card,104.9,South
505822,10761,2025-07-01,Home,4,46.58,0.15,5,UPI,158.37,East
505823,11136,2025-07-06,Sports,1,9.77,0.1,3,Card,8.79,South
505824,10035,2025-08-16,Grocery,3,401.15,0.0,3,COD,1203.45,South
505825,10245,2025-08-25,Home,3,27.03,0.05,4,COD,77.04,East
505826,10195,2025-11-06,Electronics,2,63.89,0.0,8,COD,127.78,North
505827,11023,2025-07-14,Sports,1,271.19,0.2,5,COD,216.95,West
505828,10778,2025-09-14,Grocery,4,120.43,0.1,6,UPI,433.55,North
505829,10476,2025-11-25,Grocery,1,123.4,0.05,5,UPI,117.23,South
505830,10465,2025-02-07,Home,2,18.55,0.05,3,Card,35.24,East
505831,10911,2025-08-23,Sports,1,135.87,0.15,5,Card,115.49,West
505832,11449,2025-05-14,Sports,2,15.81,0.05,2,UPI,30.04,East
505833,11494,2025-11-27,Sports,4,122.68,0.1,7,UPI,441.65,West
505834,10708,2025-07-21,Sports,3,84.06,0.15,3,Net Banking,214.35,West
505835,11006,2025-08-09,Grocery,1,56.67,0.15,3,COD,48.17,South
505836,10126,2025-10-03,Beauty,2,154.46,0.05,6,UPI,293.47,South
505837,11419,2025-03-30,Electronics,1,145.95,0.1,3,Card,131.35,West
505838,10027,2025-07-18,Home,3,27.91,0.0,4,UPI,83.73,South
505839,10514,2025-10-10,Grocery,1,28.15,0.15,1,UPI,23.93,South
505840,11088,2025-10-11,Grocery,2,51.8,0.0,4,UPI,103.6,West
505841,11455,2025-03-25,Electronics,1,19.9,0.1,6,UPI,17.91,South
505842,10258,2025-11-02,Beauty,1,39.87,0.05,3,Net Banking,37.88,North
505843,10992,2025-03-01,Home,1,12.04,0.15,6,UPI,10.23,West
505844,10282,2025-04-07,Home,4,56.77,0.0,4,Card,227.08,North
505845,10076,2025-11-09,Fashion,4,21.08,0.0,7,COD,84.32,South
505846,10636,2025-08-13,Fashion,4,22.62,0.15,3,UPI,76.91,North
505847,10865,2025-07-17,Beauty,3,190.32,0.05,4,Card,542.41,North
505848,10397,2025-07-23,Beauty,2,17.15,0.0,2,UPI,34.3,West
505849,11460,2025-12-20,Fashion,1,17.19,0.0,4,UPI,17.19,South
505850,10925,2025-03-24,Sports,4,33.89,0.15,4,UPI,115.23,North
505851,10658,2025-04-20,Electronics,4,12.12,0.1,6,COD,43.63,South
505852,10729,2025-06-28,Electronics,2,219.2,0.1,3,Card,394.56,South
505853,10697,2025-11-05,Beauty,1,357.25,0.15,4,UPI,303.66,West
505854,10168,2025-07-20,Beauty,2,250.51,0.15,3,Card,425.87,West
505855,10910,2025-09-22,Grocery,2,129.59,0.05,5,COD,246.22,South
505856,11178,2025-10-26,Grocery,4,17.24,0.0,8,COD,68.96,South
505857,10632,2025-11-22,Fashion,1,56.0,0.1,1,Net Banking,50.4,West
505858,10639,2025-06-18,Electronics,3,9.75,0.1,4,COD,26.32,West
505859,11366,2025-06-17,Electronics,4,37.55,0.0,7,UPI,150.2,South
505860,10917,2025-01-30,Beauty,4,59.71,0.15,3,UPI,203.01,North
505861,10447,2025-01-30,Fashion,1,93.77,0.0,6,Card,93.77,West
505862,10006,2025-06-27,Fashion,2,24.52,0.05,7,Card,46.59,West
505863,11235,2025-10-01,Electronics,2,22.36,0.05,4,Card,42.48,North
505864,10940,2025-11-02,Grocery,2,190.14,0.15,3,Card,323.24,North
505865,10940,2025-05-30,Beauty,1,29.95,0.0,6,UPI,29.95,North
505866,10425,2025-07-28,Fashion,1,52.87,0.05,5,Net Banking,50.23,East
505867,10280,2025-10-24,Electronics,1,27.93,0.05,4,Card,26.53,West
505868,10742,2025-04-27,Sports,4,263.31,0.2,6,COD,842.59,North
505869,11137,2025-02-27,Fashion,2,74.53,0.05,6,Card,141.61,South
505870,10447,2025-12-03,Home,1,15.86,0.05,4,COD,15.07,West
505871,10791,2025-07-19,Home,4,20.18,0.15,5,Net Banking,68.61,North
505872,11495,2025-02-26,Beauty,2,397.78,0.1,6,UPI,716.0,South
505873,10330,2025-04-02,Electronics,2,345.2,0.0,4,Card,690.4,South
505874,10347,2025-04-30,Grocery,1,161.63,0.0,7,COD,161.63,West
505875,10354,2025-03-15,Sports,2,12.22,0.1,2,COD,22.0,East
505876,11370,2025-06-09,Grocery,3,142.48,0.05,4,Card,406.07,South
505877,10794,2025-10-24,Beauty,3,110.26,0.0,6,UPI,330.78,North
505878,11377,2025-09-27,Fashion,2,318.97,0.05,2,Card,606.04,East
505879,11422,2025-12-01,Beauty,3,47.37,0.15,6,Card,120.79,South
505880,10632,2025-11-02,Beauty,4,49.13,0.1,5,UPI,176.87,West
505881,10083,2025-04-24,Fashion,4,107.66,0.1,7,Card,387.58,West
505882,10457,2025-01-22,Beauty,3,21.3,0.0,6,Card,63.9,West
505883,10816,2025-02-25,Sports,1,161.51,0.0,4,UPI,161.51,West
505884,10572,2025-10-17,Electronics,1,56.34,0.2,5,UPI,45.07,West
505885,10004,2025-05-05,Home,1,16.77,0.1,5,COD,15.09,East
505886,11485,2025-09-20,Grocery,1,234.15,0.0,9,UPI,234.15,East
505887,10455,2025-06-17,Grocery,3,21.17,0.1,5,UPI,57.16,North
505888,10929,2025-11-23,Sports,1,221.86,0.0,4,COD,221.86,East
505889,11421,2025-07-05,Beauty,1,27.76,0.05,4,UPI,26.37,East
505890,10818,2025-11-25,Beauty,3,44.04,0.0,5,UPI,132.12,South
505891,11042,2025-04-02,Electronics,2,60.3,0.15,2,Net Banking,102.51,East
505892,10054,2025-10-11,Home,4,148.16,0.1,4,Card,533.38,East
505893,11046,2025-07-11,Sports,1,19.84,0.05,2,UPI,18.85,South
505894,11272,2025-03-11,Beauty,2,25.29,0.05,3,UPI,48.05,South
505895,11378,2025-03-27,Beauty,1,20.33,0.15,6,UPI,17.28,West
505896,10126,2025-04-25,Electronics,3,26.57,0.0,5,COD,79.71,South
505897,10343,2025-02-26,Beauty,1,42.76,0.0,3,UPI,42.76,West
505898,10071,2025-12-08,Sports,1,85.13,0.15,4,UPI,72.36,North
505899,11377,2025-03-19,Fashion,3,241.35,0.15,4,Net Banking,615.44,East
505900,10413,2025-08-07,Fashion,4,50.62,0.0,5,COD,202.48,North
505901,10798,2025-07-28,Grocery,3,55.22,0.0,1,COD,165.66,North
505902,10714,2025-07-16,Home,4,16.51,0.1,2,Card,59.44,West
505903,11034,2025-08-18,Home,4,13.75,0.0,2,Net Banking,55.0,West
505904,11343,2025-12-01,Fashion,4,147.76,0.1,3,UPI,531.94,South
505905,10486,2025-12-20,Beauty,4,116.23,0.1,3,UPI,418.43,South
505906,11186,2025-11-16,Grocery,1,64.63,0.1,2,UPI,58.17,West
505907,10437,2025-06-17,Electronics,1,57.78,0.05,6,UPI,54.89,North
505908,10297,2025-09-23,Electronics,2,84.56,0.15,8,COD,143.75,West
505909,10160,2025-03-09,Beauty,3,273.1,0.15,6,Card,696.41,West
505910,10559,2025-11-19,Beauty,4,20.69,0.1,3,UPI,74.48,East
505911,10841,2025-03-13,Grocery,1,55.84,0.05,5,UPI,53.05,North
505912,11171,2025-02-11,Beauty,1,25.85,0.2,4,COD,20.68,South
505913,11273,2025-10-30,Beauty,2,15.26,0.05,3,Card,28.99,South
505914,10791,2025-10-04,Home,3,105.19,0.0,7,COD,315.57,North
505915,10614,2025-02-20,Beauty,4,158.02,0.0,9,Net Banking,632.08,West
505916,10262,2025-12-19,Fashion,4,182.41,0.0,2,COD,729.64,West
505917,11372,2025-02-10,Fashion,3,13.33,0.0,7,UPI,39.99,West
505918,10595,2025-01-18,Fashion,4,15.61,0.1,3,Card,56.2,North
505919,11147,2025-12-15,Beauty,2,74.79,0.0,4,Card,149.58,West
505920,10939,2025-03-23,Electronics,3,222.79,0.05,5,COD,634.95,West
505921,11398,2025-03-27,Electronics,1,417.82,0.15,8,UPI,355.15,West
505922,11460,2025-10-17,Electronics,3,135.68,0.0,5,COD,407.04,South
505923,11061,2025-08-10,Fashion,2,306.97,0.1,5,Card,552.55,West
505924,10993,2025-07-09,Grocery,4,230.57,0.15,6,Card,783.94,West
505925,10206,2025-12-27,Grocery,2,35.25,0.0,7,UPI,70.5,North
505926,10025,2025-02-01,Home,2,61.08,0.0,6,UPI,122.16,West
505927,10820,2025-12-04,Electronics,2,107.62,0.0,7,COD,215.24,South
505928,11058,2025-04-08,Fashion,4,42.27,0.1,3,UPI,152.17,North
505929,11120,2025-08-16,Electronics,4,249.29,0.05,1,UPI,947.3,West
505930,10377,2025-04-29,Fashion,2,134.15,0.15,8,Card,228.06,West
505931,10755,2025-04-17,Beauty,4,63.51,0.1,2,UPI,228.64,East
505932,11294,2025-04-28,Grocery,4,52.55,0.1,3,Card,189.18,South
505933,10144,2025-07-24,Fashion,4,165.73,0.15,4,UPI,563.48,East
505934,10576,2025-11-17,Sports,4,31.01,0.0,3,Card,124.04,South
505935,11417,2025-02-11,Beauty,2,21.18,0.1,3,UPI,38.12,East
505936,10300,2025-08-30,Grocery,3,52.29,0.1,5,Card,141.18,East
505937,10476,2025-11-10,Fashion,2,22.4,0.1,5,Card,40.32,South
505938,10702,2025-09-26,Fashion,2,42.5,0.1,6,COD,76.5,South
505939,11033,2025-12-24,Beauty,2,61.88,0.0,6,UPI,123.76,South
505940,10383,2025-01-05,Beauty,1,70.56,0.15,4,UPI,59.98,West
505941,11189,2025-05-13,Grocery,1,56.14,0.1,4,UPI,50.53,North
505942,10354,2025-06-06,Beauty,4,218.1,0.1,7,UPI,785.16,East
505943,10553,2025-07-15,Electronics,1,29.46,0.15,3,Card,25.04,North
505944,10860,2025-04-27,Beauty,3,60.44,0.05,3,Net Banking,172.25,South
505945,10019,2025-04-03,Beauty,4,131.25,0.2,6,UPI,420.0,West
505946,11152,2025-11-07,Beauty,2,28.41,0.0,4,UPI,56.82,West
505947,11004,2025-03-26,Electronics,2,80.93,0.0,3,Net Banking,161.86,North
505948,11253,2025-12-15,Electronics,4,323.61,0.0,4,COD,1294.44,North
505949,10413,2025-01-14,Home,4,36.7,0.0,7,UPI,146.8,North
505950,10597,2025-06-04,Beauty,4,26.79,0.1,6,COD,96.44,East
505951,11348,2025-08-11,Electronics,3,17.36,0.0,5,Card,52.08,South
505952,10101,2025-12-22,Beauty,4,11.06,0.1,2,COD,39.82,West
505953,10737,2025-10-07,Home,2,21.93,0.15,5,UPI,37.28,North
505954,10726,2025-01-06,Electronics,3,199.73,0.1,4,Card,539.27,North
505955,10672,2025-10-01,Home,3,21.47,0.05,3,COD,61.19,East
505956,10651,2025-04-29,Home,4,321.13,0.2,3,Net Banking,1027.62,South
505957,11121,2025-11-10,Electronics,2,409.35,0.1,6,Card,736.83,East
505958,10296,2025-10-10,Sports,4,92.94,0.15,7,UPI,316.0,West
505959,11337,2025-03-12,Electronics,3,422.96,0.0,2,Net Banking,1268.88,North
505960,11345,2025-05-12,Fashion,1,45.52,0.1,3,Card,40.97,West
505961,10270,2025-10-27,Fashion,3,357.48,0.0,6,Card,1072.44,North
505962,11462,2025-12-03,Sports,4,61.28,0.0,4,UPI,245.12,East
505963,10394,2025-08-09,Fashion,2,9.69,0.0,6,COD,19.38,East
505964,10078,2025-03-21,Fashion,3,237.93,0.1,4,Card,642.41,East
505965,10598,2025-05-23,Sports,4,333.2,0.0,6,Net Banking,1332.8,East
505966,11194,2025-10-18,Grocery,4,210.16,0.05,2,Card,798.61,West
505967,11267,2025-08-07,Home,2,49.17,0.1,6,UPI,88.51,North
505968,10969,2025-03-15,Sports,4,20.7,0.0,1,COD,82.8,East
505969,11217,2025-04-15,Beauty,3,68.59,0.05,6,UPI,195.48,South
505970,10393,2025-03-13,Electronics,3,184.55,0.15,4,UPI,470.6,East
505971,11319,2025-06-21,Fashion,3,203.6,0.15,5,Net Banking,519.18,West
505972,10953,2025-06-12,Grocery,2,105.93,0.15,5,Net Banking,180.08,South
505973,10201,2025-07-17,Electronics,2,187.06,0.1,1,COD,336.71,West
505974,10193,2025-12-11,Electronics,1,10.37,0.0,7,UPI,10.37,North
505975,10401,2025-08-26,Grocery,4,94.56,0.0,5,COD,378.24,South
505976,10105,2025-08-02,Fashion,2,18.33,0.05,6,Card,34.83,West
505977,10425,2025-05-14,Home,3,183.76,0.15,3,Card,468.59,East
505978,11491,2025-08-20,Sports,3,10.19,0.0,5,Card,30.57,North
505979,10361,2025-12-15,Beauty,3,81.01,0.0,2,Card,243.03,West
505980,10955,2025-01-04,Home,4,393.87,0.1,5,UPI,1417.93,West
505981,11467,2025-05-08,Home,4,16.88,0.1,3,Card,60.77,South
505982,10380,2025-01-21,Fashion,1,57.41,0.05,12,UPI,54.54,West
505983,11045,2025-03-16,Electronics,4,12.7,0.15,6,COD,43.18,North
505984,10676,2025-01-25,Beauty,1,131.57,0.1,7,Net Banking,118.41,South
505985,10428,2025-08-05,Home,3,325.0,0.15,4,Card,828.75,West
505986,11426,2025-10-27,Electronics,3,11.37,0.05,5,Net Banking,32.4,South
505987,10986,2025-12-10,Sports,1,66.18,0.05,6,COD,62.87,West
505988,10659,2025-03-28,Electronics,2,170.38,0.0,2,COD,340.76,East
505989,11219,2025-09-13,Grocery,4,13.17,0.05,3,Net Banking,50.05,East
505990,11351,2025-05-01,Electronics,1,58.45,0.0,6,UPI,58.45,West
505991,11173,2025-04-26,Beauty,1,18.54,0.0,4,COD,18.54,South
505992,11304,2025-08-11,Electronics,1,335.21,0.0,3,UPI,335.21,South
505993,10484,2025-09-05,Beauty,1,58.13,0.05,3,Net Banking,55.22,South
505994,10517,2025-08-02,Fashion,3,81.02,0.0,2,Card,243.06,South
505995,10350,2025-02-06,Electronics,4,291.78,0.0,1,COD,1167.12,North
505996,11045,2025-05-30,Fashion,3,140.35,0.05,1,UPI,400.0,North
505997,11205,2025-04-15,Sports,2,38.53,0.0,5,UPI,77.06,North
505998,10991,2025-01-02,Beauty,4,114.39,0.0,6,UPI,457.56,East
505999,10899,2025-01-15,Electronics,2,20.77,0.2,10,UPI,33.23,North
506000,11157,2025-06-14,Sports,2,75.14,0.05,4,Card,142.77,North
506001,10273,2025-02-06,Home,3,189.58,0.15,2,UPI,483.43,North
506002,10549,2025-09-27,Electronics,1,399.27,0.0,4,Net Banking,399.27,West
506003,11061,2025-01-21,Beauty,2,394.95,0.05,6,COD,750.4,West
506004,10079,2025-03-27,Home,4,56.83,0.0,7,Card,227.32,East
506005,11367,2025-12-26,Electronics,3,182.31,0.05,6,COD,519.58,North
506006,10257,2025-09-16,Sports,4,231.38,0.15,6,Card,786.69,West
506007,11181,2025-07-23,Fashion,4,63.59,0.15,5,Net Banking,216.21,West
506008,10925,2025-01-06,Grocery,2,12.28,0.05,6,COD,23.33,North
506009,11272,2025-01-16,Beauty,4,22.41,0.0,2,COD,89.64,South
506010,11163,2025-11-28,Beauty,4,84.07,0.1,1,UPI,302.65,West
506011,10774,2025-10-19,Grocery,3,234.81,0.1,9,COD,633.99,West
506012,11135,2025-12-13,Electronics,4,305.99,0.05,4,COD,1162.76,West
506013,10520,2025-10-22,Beauty,3,25.74,0.05,6,UPI,73.36,West
506014,10876,2025-01-01,Sports,4,227.57,0.05,1,UPI,864.77,West
506015,11373,2025-10-22,Home,1,221.17,0.0,8,Net Banking,221.17,South
506016,10128,2025-06-17,Grocery,2,54.39,0.05,7,Net Banking,103.34,North
506017,10534,2025-09-10,Home,2,43.34,0.0,1,Card,86.68,East
506018,10026,2025-06-01,Beauty,1,58.12,0.1,4,UPI,52.31,North
506019,10802,2025-09-21,Grocery,3,123.13,0.05,5,Card,350.92,South
506020,11174,2025-11-04,Home,1,194.76,0.05,2,UPI,185.02,West
506021,10058,2025-12-22,Grocery,1,22.45,0.0,5,COD,22.45,East
506022,10825,2025-07-17,Electronics,4,32.81,0.1,7,UPI,118.12,West
506023,10623,2025-04-12,Home,1,14.68,0.05,5,UPI,13.95,West
506024,11175,2025-08-12,Fashion,4,348.71,0.0,1,Card,1394.84,South
506025,10331,2025-07-02,Fashion,1,45.54,0.05,2,COD,43.26,West
506026,10245,2025-03-15,Grocery,2,28.57,0.0,4,Net Banking,57.14,East
506027,10143,2025-09-22,Grocery,1,20.98,0.05,4,Card,19.93,West
506028,10612,2025-01-29,Sports,1,12.56,0.05,4,UPI,11.93,East
506029,10732,2025-05-28,Fashion,4,46.51,0.05,4,UPI,176.74,North
506030,11379,2025-09-10,Home,1,133.95,0.0,1,Card,133.95,East
506031,10699,2025-12-03,Sports,4,41.79,0.0,6,UPI,167.16,East
506032,10258,2025-08-15,Fashion,3,51.6,0.05,6,Card,147.06,North
506033,11049,2025-12-24,Electronics,2,94.65,0.0,6,Card,189.3,West
506034,10093,2025-10-31,Sports,4,39.75,0.2,5,Card,127.2,South
506035,10518,2025-03-28,Beauty,2,177.59,0.1,4,UPI,319.66,West
506036,10981,2025-11-05,Beauty,2,34.96,0.1,3,Net Banking,62.93,West
506037,10381,2025-05-03,Beauty,2,44.1,0.0,2,COD,88.2,East
506038,10892,2025-08-19,Sports,3,436.61,0.15,8,Card,1113.36,West
506039,10680,2025-03-15,Home,4,211.54,0.1,4,Card,761.54,South
506040,11429,2025-07-16,Beauty,3,62.47,0.05,1,UPI,178.04,West
506041,10432,2025-09-06,Electronics,2,29.63,0.1,4,Card,53.33,West
506042,11360,2025-11-30,Beauty,4,299.51,0.0,1,COD,1198.04,North
506043,10939,2025-12-11,Electronics,3,61.22,0.15,5,Card,156.11,West
506044,11125,2025-10-20,Fashion,4,42.91,0.0,5,UPI,171.64,South
506045,10254,2025-07-23,Grocery,2,72.0,0.15,3,Net Banking,122.4,South
506046,10029,2025-11-19,Beauty,1,55.57,0.2,3,Card,44.46,North
506047,11097,2025-02-08,Grocery,4,258.43,0.05,6,UPI,982.03,North
506048,10721,2025-12-30,Grocery,3,26.27,0.15,4,UPI,66.99,South
506049,10464,2025-03-16,Electronics,2,13.2,0.0,1,UPI,26.4,South
506050,11345,2025-05-28,Fashion,4,61.76,0.1,7,Card,222.34,West
506051,10490,2025-11-28,Fashion,1,307.17,0.05,3,Net Banking,291.81,East
506052,10651,2025-09-19,Beauty,4,10.35,0.05,2,UPI,39.33,South
506053,11087,2025-11-07,Sports,3,250.55,0.05,7,UPI,714.07,West
506054,11444,2025-09-09,Beauty,3,13.4,0.1,7,UPI,36.18,North
506055,11349,2025-08-08,Electronics,1,61.86,0.1,4,Card,55.67,South
506056,10979,2025-03-05,Fashion,1,46.8,0.0,2,COD,46.8,South
506057,10166,2025-12-30,Home,3,19.95,0.05,3,UPI,56.86,South
506058,10165,2025-08-21,Beauty,3,153.37,0.0,4,Net Banking,460.11,East
506059,11040,2025-09-01,Fashion,1,21.64,0.1,7,UPI,19.48,North
506060,10764,2025-06-06,Sports,3,58.84,0.0,7,COD,176.52,North
506061,10200,2025-12-14,Home,3,71.34,0.05,5,Card,203.32,South
506062,11044,2025-06-14,Beauty,2,77.01,0.2,6,Card,123.22,East
506063,11414,2025-03-11,Electronics,3,13.07,0.2,4,COD,31.37,West
506064,10099,2025-03-07,Beauty,4,42.07,0.05,3,Card,159.87,North
506065,11239,2025-09-12,Fashion,2,99.15,0.0,1,COD,198.3,North
506066,10517,2025-09-29,Fashion,1,69.86,0.1,5,Card,62.87,South
506067,10597,2025-03-17,Home,4,180.57,0.05,6,COD,686.17,East
506068,11076,2025-09-12,Electronics,4,179.76,0.0,3,UPI,719.04,South
506069,10371,2025-12-31,Fashion,2,14.87,0.2,7,Card,23.79,West
506070,10236,2025-07-14,Fashion,2,259.67,0.0,4,Net Banking,519.34,West
506071,11446,2025-12-21,Electronics,4,236.56,0.05,5,Card,898.93,East
506072,10523,2025-02-27,Fashion,1,177.61,0.05,4,COD,168.73,North
506073,10255,2025-05-28,Electronics,2,213.78,0.15,7,Net Banking,363.43,North
506074,11035,2025-07-23,Beauty,3,29.99,0.1,5,UPI,80.97,South
506075,10326,2025-05-11,Fashion,3,96.12,0.0,4,COD,288.36,East
506076,11164,2025-02-06,Sports,3,55.22,0.1,5,Net Banking,149.09,North
506077,10106,2025-06-17,Sports,2,369.09,0.15,2,UPI,627.45,East
506078,10778,2025-05-04,Sports,4,234.4,0.1,1,UPI,843.84,North
506079,10605,2025-03-16,Home,3,18.29,0.0,3,UPI,54.87,West
506080,11436,2025-05-16,Grocery,3,355.97,0.05,4,Net Banking,1014.51,West
506081,10782,2025-06-02,Beauty,4,120.62,0.15,6,Net Banking,410.11,West
506082,11388,2025-11-19,Beauty,1,69.04,0.0,4,Net Banking,69.04,South
506083,10373,2025-06-29,Sports,3,44.31,0.05,4,Card,126.28,South
506084,10711,2025-06-01,Home,4,49.44,0.1,1,Card,177.98,West
506085,11221,2025-05-23,Electronics,3,169.47,0.1,6,UPI,457.57,North
506086,10241,2025-08-07,Sports,3,152.08,0.0,5,Net Banking,456.24,West
506087,11392,2025-04-11,Fashion,2,79.06,0.0,6,Net Banking,158.12,West
506088,11160,2025-11-16,Fashion,2,317.77,0.1,5,Card,571.99,West
506089,11016,2025-06-02,Electronics,3,26.56,0.0,7,UPI,79.68,North
506090,10365,2025-06-05,Fashion,4,59.45,0.0,3,Net Banking,237.8,East
506091,11228,2025-01-24,Home,2,72.67,0.05,4,Net Banking,138.07,South
506092,11265,2025-11-19,Fashion,1,19.56,0.0,5,Net Banking,19.56,East
506093,10439,2025-06-21,Fashion,2,55.27,0.05,6,Card,105.01,West
506094,10881,2025-02-19,Sports,1,249.23,0.2,5,UPI,199.38,South
506095,10091,2025-03-04,Grocery,4,95.76,0.05,5,UPI,363.89,North
506096,10592,2025-05-14,Home,3,162.31,0.0,5,Card,486.93,South
506097,10227,2025-10-12,Electronics,1,17.77,0.0,4,Net Banking,17.77,North
506098,10835,2025-02-04,Fashion,3,17.57,0.05,6,UPI,50.07,West
506099,10824,2025-02-13,Grocery,3,50.69,0.05,1,Card,144.47,East
506100,10800,2025-07-24,Electronics,3,34.42,0.15,3,Net Banking,87.77,East
506101,11016,2025-07-02,Beauty,3,9.74,0.1,8,UPI,26.3,North
506102,11388,2025-12-16,Beauty,4,79.37,0.05,3,Card,301.61,South
506103,10296,2025-10-02,Home,4,159.44,0.05,4,COD,605.87,West
506104,10322,2025-08-28,Fashion,2,129.29,0.05,7,Card,245.65,South
506105,10324,2025-05-03,Home,1,16.52,0.0,4,Card,16.52,South
506106,11393,2025-08-17,Beauty,4,161.24,0.05,3,COD,612.71,North
506107,10139,2025-08-02,Grocery,3,36.16,0.0,7,UPI,108.48,West
506108,10048,2025-04-12,Beauty,1,20.26,0.05,4,COD,19.25,South
506109,10241,2025-05-16,Electronics,3,51.01,0.05,4,Net Banking,145.38,West
506110,11154,2025-12-06,Grocery,1,29.5,0.15,1,UPI,25.08,North
506111,10870,2025-07-16,Home,1,83.49,0.0,4,UPI,83.49,North
506112,11380,2025-06-22,Sports,1,161.39,0.15,6,UPI,137.18,South
506113,10307,2025-10-18,Sports,2,145.08,0.05,4,COD,275.65,South
506114,10592,2025-04-08,Fashion,1,16.89,0.1,2,Card,15.2,South
506115,10834,2025-03-22,Electronics,4,42.86,0.1,4,Card,154.3,East
506116,10110,2025-12-27,Grocery,2,59.44,0.15,3,COD,101.05,West
506117,11378,2025-10-21,Sports,3,308.94,0.1,4,Card,834.14,West
506118,11208,2025-06-04,Beauty,4,57.81,0.0,3,Card,231.24,South
506119,10216,2025-12-12,Grocery,4,119.03,0.05,8,COD,452.31,West
506120,11265,2025-05-16,Sports,4,30.67,0.15,5,Card,104.28,East
506121,10674,2025-09-04,Sports,1,30.44,0.05,1,COD,28.92,East
506122,10505,2025-01-13,Home,3,138.72,0.15,5,Card,353.74,South
506123,11420,2025-09-12,Fashion,4,216.75,0.15,4,Card,736.95,West
506124,10778,2025-03-07,Home,1,9.84,0.0,7,UPI,9.84,North
506125,10341,2025-03-30,Electronics,4,72.93,0.15,4,COD,247.96,North
506126,11215,2025-10-23,Beauty,4,132.74,0.05,4,Card,504.41,South
506127,11074,2025-03-17,Electronics,4,17.89,0.0,8,COD,71.56,West
506128,10289,2025-06-26,Electronics,2,121.37,0.1,2,Card,218.47,South
506129,11017,2025-12-03,Sports,1,45.68,0.15,6,COD,38.83,East
506130,10944,2025-12-15,Fashion,3,76.0,0.05,5,UPI,216.6,South
506131,10414,2025-06-12,Beauty,3,62.36,0.0,3,COD,187.08,West
506132,10646,2025-01-31,Home,3,236.37,0.1,3,Card,638.2,West
506133,11259,2025-04-15,Sports,2,11.16,0.1,7,UPI,20.09,South
506134,10262,2025-08-13,Fashion,1,27.67,0.1,5,Card,24.9,West
506135,11084,2025-05-03,Fashion,4,40.14,0.05,6,UPI,152.53,West
506136,11248,2025-09-20,Home,3,263.19,0.05,6,UPI,750.09,North
506137,11406,2025-12-29,Electronics,4,84.94,0.05,5,UPI,322.77,South
506138,10488,2025-08-15,Electronics,4,16.35,0.0,2,Net Banking,65.4,North
506139,10400,2025-08-17,Electronics,2,10.3,0.15,1,Net Banking,17.51,South
506140,11402,2025-07-13,Grocery,2,287.64,0.0,8,Net Banking,575.28,North
506141,10695,2025-03-10,Beauty,4,20.23,0.05,5,UPI,76.87,West
506142,10854,2025-07-31,Fashion,3,10.61,0.15,5,UPI,27.06,West
506143,10770,2025-12-07,Grocery,3,58.0,0.05,8,UPI,165.3,East
506144,10772,2025-09-09,Grocery,4,86.39,0.1,2,COD,311.0,East
506145,10937,2025-10-02,Home,1,21.66,0.0,1,Net Banking,21.66,West
506146,10635,2025-11-12,Beauty,2,16.69,0.05,1,Card,31.71,North
506147,10589,2025-05-22,Beauty,1,12.43,0.1,3,Card,11.19,North
506148,10602,2025-05-03,Electronics,2,49.69,0.15,5,UPI,84.47,West
506149,10985,2025-12-21,Sports,2,347.09,0.1,7,Card,624.76,North
506150,11227,2025-06-17,Fashion,2,16.16,0.0,6,Net Banking,32.32,South
506151,10833,2025-09-25,Beauty,1,84.01,0.0,1,Card,84.01,South
506152,11017,2025-08-21,Fashion,4,19.92,0.15,10,Card,67.73,East
506153,10620,2025-02-15,Sports,2,86.92,0.1,4,Card,156.46,North
506154,11161,2025-04-25,Electronics,2,9.62,0.0,7,Card,19.24,North
506155,10591,2025-04-30,Fashion,4,28.58,0.05,6,UPI,108.6,West
506156,10632,2025-03-07,Grocery,2,9.69,0.0,5,COD,19.38,West
506157,10083,2025-10-12,Sports,4,119.62,0.0,4,Card,478.48,West
506158,10393,2025-12-19,Fashion,1,155.74,0.15,2,UPI,132.38,East
506159,11108,2025-12-19,Electronics,4,21.93,0.05,2,Card,83.33,South
506160,10131,2025-03-13,Sports,4,57.37,0.0,4,UPI,229.48,North
506161,10336,2025-06-14,Sports,4,30.06,0.15,2,UPI,102.2,East
506162,11165,2025-03-26,Beauty,4,13.62,0.2,8,UPI,43.58,North
506163,11310,2025-01-23,Fashion,3,12.71,0.15,5,COD,32.41,West
506164,10623,2025-08-14,Fashion,3,307.26,0.1,9,UPI,829.6,West
506165,10611,2025-11-10,Electronics,4,112.74,0.2,4,Net Banking,360.77,East
506166,10764,2025-01-29,Home,4,106.65,0.0,3,UPI,426.6,North
506167,11156,2025-08-23,Sports,3,25.11,0.15,6,Card,64.03,North
506168,10705,2025-01-13,Grocery,3,26.28,0.05,4,COD,74.9,South
506169,10261,2025-11-04,Home,1,135.68,0.0,6,UPI,135.68,North
506170,10647,2025-01-24,Beauty,4,49.1,0.0,7,Net Banking,196.4,North
506171,10382,2025-06-08,Grocery,4,15.41,0.0,7,Card,61.64,West
506172,11026,2025-02-14,Electronics,1,49.22,0.1,7,UPI,44.3,South
506173,10215,2025-05-31,Home,2,70.71,0.15,6,Net Banking,120.21,East
506174,10914,2025-06-06,Electronics,1,83.02,0.0,3,UPI,83.02,West
506175,10195,2025-07-17,Home,2,72.61,0.15,7,UPI,123.44,North
506176,11459,2025-10-30,Fashion,4,265.98,0.1,6,Net Banking,957.53,West
506177,10961,2025-12-30,Beauty,2,30.89,0.0,3,UPI,61.78,South
506178,10209,2025-05-05,Grocery,2,57.54,0.1,4,COD,103.57,North
506179,11439,2025-12-03,Grocery,4,235.12,0.0,4,UPI,940.48,West
506180,10861,2025-06-06,Grocery,2,327.13,0.0,7,Net Banking,654.26,West
506181,10910,2025-02-13,Sports,4,414.08,0.05,5,Card,1573.5,South
506182,10095,2025-08-08,Sports,4,153.35,0.15,4,UPI,521.39,South
506183,10282,2025-09-21,Fashion,2,15.03,0.0,4,Net Banking,30.06,North
506184,11212,2025-04-21,Grocery,3,313.86,0.0,4,COD,941.58,West
506185,10702,2025-08-04,Electronics,2,13.24,0.1,2,COD,23.83,South
506186,10925,2025-06-07,Sports,2,58.51,0.1,6,Card,105.32,North
506187,11481,2025-02-22,Electronics,4,48.53,0.15,2,COD,165.0,South
506188,10643,2025-05-22,Beauty,2,119.22,0.05,5,UPI,226.52,North
506189,10572,2025-06-06,Home,1,121.97,0.15,4,Card,103.67,West
506190,11204,2025-05-05,Fashion,2,166.99,0.1,6,Card,300.58,East
506191,10100,2025-12-01,Sports,3,27.6,0.0,4,Card,82.8,West
506192,10683,2025-05-22,Electronics,1,141.65,0.1,2,UPI,127.49,North
506193,11283,2025-08-17,Fashion,3,127.61,0.0,6,COD,382.83,South
506194,10342,2025-01-05,Home,1,10.15,0.1,3,UPI,9.14,West
506195,10457,2025-04-25,Electronics,1,123.62,0.0,5,Card,123.62,West
506196,10709,2025-11-20,Beauty,3,19.88,0.0,7,Card,59.64,South
506197,10112,2025-11-22,Fashion,1,67.84,0.15,3,UPI,57.66,North
506198,10107,2025-12-23,Home,4,29.38,0.15,4,UPI,99.89,South
506199,10378,2025-01-21,Beauty,1,29.63,0.05,4,UPI,28.15,South
506200,11347,2025-11-11,Grocery,2,21.43,0.1,5,UPI,38.57,South
506201,10333,2025-04-08,Beauty,1,195.56,0.2,4,COD,156.45,East
506202,11097,2025-01-03,Grocery,2,400.26,0.0,6,Card,800.52,North
506203,10640,2025-02-03,Grocery,4,147.6,0.1,3,Card,531.36,West
506204,11141,2025-10-02,Beauty,3,163.37,0.0,7,UPI,490.11,South
506205,10496,2025-08-05,Fashion,3,31.66,0.15,8,Card,80.73,East
506206,11312,2025-07-29,Sports,1,20.7,0.0,5,UPI,20.7,West
506207,10557,2025-11-18,Beauty,2,81.25,0.1,3,UPI,146.25,South
506208,11188,2025-02-04,Beauty,2,49.3,0.0,4,Card,98.6,West
506209,11248,2025-01-31,Home,3,22.35,0.05,4,COD,63.7,North
506210,10648,2025-12-07,Electronics,1,27.09,0.15,8,UPI,23.03,South
506211,11001,2025-08-10,Electronics,4,16.47,0.0,4,UPI,65.88,North
506212,10178,2025-10-11,Beauty,3,190.68,0.15,7,COD,486.23,West
506213,10745,2025-07-11,Sports,2,37.7,0.0,5,UPI,75.4,South
506214,10561,2025-02-23,Home,1,360.78,0.05,5,UPI,342.74,North
506215,11432,2025-07-10,Home,3,115.26,0.1,4,Net Banking,311.2,East
506216,11402,2025-12-18,Home,2,16.77,0.0,4,UPI,33.54,North
506217,11176,2025-02-12,Fashion,3,10.82,0.1,6,COD,29.21,West
506218,11424,2025-02-16,Home,3,54.41,0.05,3,COD,155.07,South
506219,11464,2025-05-07,Home,3,13.39,0.1,6,UPI,36.15,South
506220,11152,2025-06-15,Electronics,4,345.1,0.1,7,Card,1242.36,West
506221,10891,2025-08-18,Home,3,349.67,0.05,3,Card,996.56,South
506222,10307,2025-02-28,Home,3,85.56,0.0,7,UPI,256.68,South
506223,11224,2025-12-07,Sports,2,25.28,0.0,7,UPI,50.56,East
506224,10292,2025-02-24,Grocery,4,271.17,0.15,6,Net Banking,921.98,North
506225,10278,2025-03-15,Beauty,2,85.12,0.05,3,UPI,161.73,South
506226,11320,2025-12-20,Electronics,3,36.95,0.0,4,COD,110.85,West
506227,10172,2025-05-18,Electronics,4,177.82,0.0,4,Card,711.28,South
506228,10213,2025-07-28,Home,2,23.66,0.1,9,Card,42.59,North
506229,10767,2025-06-08,Beauty,1,79.98,0.05,4,Card,75.98,North
506230,10877,2025-04-05,Fashion,1,105.52,0.0,4,Card,105.52,South
506231,10069,2025-07-04,Home,1,292.78,0.15,2,Card,248.86,North
506232,10568,2025-10-11,Beauty,1,18.06,0.15,3,Card,15.35,North
506233,10338,2025-01-05,Home,3,20.89,0.15,3,COD,53.27,West
506234,10454,2025-11-16,Fashion,2,212.98,0.1,5,Net Banking,383.36,North
506235,10272,2025-03-09,Sports,1,57.3,0.05,2,UPI,54.43,North
506236,11017,2025-12-01,Electronics,1,137.43,0.0,3,UPI,137.43,East
506237,10710,2025-12-18,Beauty,2,150.6,0.05,1,COD,286.14,South
506238,11440,2025-12-07,Fashion,2,35.88,0.1,7,UPI,64.58,West
506239,10013,2025-08-26,Sports,4,41.44,0.0,5,COD,165.76,East
506240,11167,2025-11-27,Fashion,3,42.73,0.05,5,UPI,121.78,West
506241,11365,2025-11-10,Fashion,3,12.57,0.1,2,UPI,33.94,South
506242,10730,2025-08-22,Sports,3,122.08,0.1,7,UPI,329.62,South
506243,11050,2025-11-22,Beauty,4,15.16,0.0,8,UPI,60.64,South
506244,10662,2025-05-06,Fashion,2,314.76,0.15,5,COD,535.09,West
506245,10893,2025-11-01,Home,1,168.58,0.05,4,Card,160.15,South
506246,11362,2025-12-04,Beauty,3,28.65,0.1,6,Net Banking,77.35,South
506247,10796,2025-08-20,Electronics,1,14.7,0.15,6,UPI,12.5,South
506248,10868,2025-02-14,Beauty,1,148.87,0.0,6,COD,148.87,West
506249,11481,2025-03-20,Electronics,4,58.87,0.15,6,COD,200.16,South
506250,10745,2025-03-03,Home,3,16.2,0.15,6,UPI,41.31,South
506251,10260,2025-07-14,Beauty,3,47.6,0.2,3,Net Banking,114.24,East
506252,11025,2025-06-08,Fashion,3,394.5,0.05,6,Card,1124.32,East
506253,11040,2025-10-29,Grocery,3,97.06,0.0,4,Card,291.18,North
506254,10356,2025-04-14,Electronics,2,102.84,0.0,1,Card,205.68,South
506255,11094,2025-03-02,Grocery,1,81.49,0.1,4,Card,73.34,South
506256,10096,2025-08-13,Home,2,19.67,0.0,3,UPI,39.34,East
506257,10481,2025-02-20,Sports,4,411.65,0.0,5,UPI,1646.6,South
506258,11283,2025-11-27,Sports,4,125.84,0.2,6,Net Banking,402.69,South
506259,10927,2025-01-30,Grocery,1,75.15,0.05,5,COD,71.39,North
506260,10911,2025-06-29,Electronics,3,160.58,0.0,9,Net Banking,481.74,West
506261,10932,2025-12-13,Grocery,2,37.56,0.1,3,COD,67.61,South
506262,10248,2025-07-22,Electronics,3,159.74,0.0,1,Card,479.22,South
506263,11442,2025-10-23,Grocery,1,394.0,0.05,5,Net Banking,374.3,North
506264,10448,2025-06-04,Fashion,1,41.29,0.0,3,Card,41.29,East
506265,11180,2025-10-03,Beauty,1,10.84,0.05,2,Net Banking,10.3,North
506266,11485,2025-09-16,Beauty,1,127.06,0.0,4,Card,127.06,East
506267,10362,2025-07-07,Electronics,1,183.32,0.1,3,Card,164.99,North
506268,10952,2025-02-06,Sports,2,191.68,0.05,3,Card,364.19,South
506269,10064,2025-12-21,Sports,3,383.31,0.0,8,UPI,1149.93,West
506270,10955,2025-01-18,Grocery,4,34.56,0.2,5,UPI,110.59,West
506271,10662,2025-05-11,Sports,3,335.04,0.15,4,Net Banking,854.35,West
506272,10109,2025-08-23,Grocery,1,30.24,0.1,8,Card,27.22,North
506273,11009,2025-10-08,Grocery,2,84.36,0.15,4,UPI,143.41,West
506274,11454,2025-07-15,Beauty,2,229.35,0.0,2,Net Banking,458.7,West
506275,10125,2025-05-27,Sports,1,352.21,0.1,2,Net Banking,316.99,North
506276,11340,2025-05-29,Home,4,92.17,0.15,4,COD,313.38,South
506277,11266,2025-12-23,Sports,3,70.49,0.1,1,UPI,190.32,West
506278,10822,2025-05-02,Fashion,2,49.25,0.0,2,UPI,98.5,East
506279,11353,2025-11-08,Beauty,2,176.69,0.15,4,COD,300.37,South
506280,10465,2025-01-19,Fashion,2,251.1,0.0,7,UPI,502.2,East
506281,11081,2025-08-29,Home,2,24.93,0.0,7,UPI,49.86,South
506282,11048,2025-09-06,Fashion,3,16.21,0.1,6,UPI,43.77,West
506283,10871,2025-09-04,Beauty,4,241.96,0.0,4,COD,967.84,West
506284,11251,2025-06-03,Home,2,220.32,0.0,3,Card,440.64,North
506285,11315,2025-09-10,Grocery,1,11.29,0.05,5,Net Banking,10.73,North
506286,11180,2025-06-12,Electronics,4,45.19,0.05,8,COD,171.72,North
506287,10883,2025-08-05,Sports,2,57.86,0.05,5,Net Banking,109.93,West
506288,11466,2025-11-23,Home,1,12.32,0.1,4,UPI,11.09,East
506289,10834,2025-09-03,Home,3,96.89,0.1,4,Card,261.6,East
506290,10956,2025-09-27,Electronics,4,286.35,0.1,4,Card,1030.86,West
506291,10284,2025-12-20,Electronics,2,29.14,0.0,6,Net Banking,58.28,South
506292,10482,2025-03-22,Electronics,2,174.56,0.0,3,UPI,349.12,North
506293,11358,2025-08-03,Sports,2,12.25,0.2,5,UPI,19.6,South
506294,10747,2025-08-28,Grocery,4,29.44,0.05,6,Card,111.87,South
506295,10767,2025-09-11,Fashion,4,71.15,0.0,5,Card,284.6,North
506296,11225,2025-02-18,Electronics,4,306.6,0.2,2,UPI,981.12,North
506297,10490,2025-10-05,Grocery,1,227.24,0.05,4,Card,215.88,East
506298,10399,2025-03-12,Fashion,4,329.23,0.05,3,UPI,1251.07,South
506299,10014,2025-05-30,Fashion,2,351.25,0.0,4,Card,702.5,West
506300,10348,2025-09-18,Grocery,4,272.1,0.1,3,UPI,979.56,South
506301,10769,2025-04-07,Beauty,4,33.6,0.0,7,Card,134.4,North
506302,11088,2025-02-15,Beauty,3,16.15,0.1,5,UPI,43.6,West
506303,10494,2025-09-04,Sports,4,188.73,0.1,1,UPI,679.43,South
506304,10667,2025-04-13,Fashion,1,21.56,0.1,2,Card,19.4,West
506305,10333,2025-10-29,Sports,3,56.47,0.0,7,UPI,169.41,East
506306,11225,2025-11-24,Sports,1,181.25,0.0,4,Card,181.25,North
506307,10788,2025-05-08,Grocery,3,9.93,0.15,4,Card,25.32,South
506308,10216,2025-09-27,Home,2,398.54,0.15,7,Card,677.52,West
506309,10915,2025-03-23,Electronics,4,32.63,0.0,4,UPI,130.52,West
506310,10504,2025-12-06,Beauty,2,22.81,0.05,2,UPI,43.34,South
506311,11298,2025-03-31,Fashion,4,30.83,0.1,2,Card,110.99,North
506312,10403,2025-11-18,Sports,2,43.03,0.15,6,UPI,73.15,West
506313,11298,2025-10-15,Home,1,41.49,0.15,9,UPI,35.27,North
506314,11047,2025-04-25,Sports,3,15.66,0.1,6,COD,42.28,North
506315,10204,2025-10-28,Sports,1,19.17,0.0,4,UPI,19.17,North
506316,11139,2025-08-19,Sports,3,52.82,0.1,4,Card,142.61,North
506317,11081,2025-09-02,Sports,2,23.16,0.15,5,UPI,39.37,South
506318,10685,2025-05-19,Grocery,4,110.59,0.05,1,UPI,420.24,East
506319,10242,2025-03-27,Fashion,2,252.19,0.05,5,COD,479.16,West
506320,10718,2025-09-12,Beauty,2,14.89,0.0,6,COD,29.78,North
506321,10913,2025-01-20,Beauty,3,11.97,0.0,8,UPI,35.91,West
506322,10199,2025-05-08,Sports,4,96.86,0.15,7,UPI,329.32,North
506323,10512,2025-02-21,Home,1,14.86,0.0,8,Card,14.86,West
506324,11053,2025-01-01,Fashion,3,122.4,0.1,8,Card,330.48,South
506325,10830,2025-01-03,Fashion,2,60.86,0.0,7,Card,121.72,South
506326,11489,2025-02-04,Fashion,4,53.7,0.0,5,UPI,214.8,West
506327,10326,2025-12-09,Beauty,3,107.8,0.1,5,Net Banking,291.06,East
506328,11167,2025-10-09,Sports,4,267.87,0.0,1,COD,1071.48,West
506329,10639,2025-12-28,Electronics,2,18.29,0.1,5,Card,32.92,West
506330,10335,2025-01-31,Sports,2,16.13,0.0,6,Net Banking,32.26,North
506331,11427,2025-12-31,Sports,4,124.34,0.1,4,UPI,447.62,North
506332,10935,2025-08-07,Grocery,1,14.15,0.2,1,UPI,11.32,West
506333,10804,2025-10-17,Grocery,3,41.26,0.05,8,UPI,117.59,East
506334,10443,2025-11-10,Beauty,4,42.53,0.0,5,UPI,170.12,West
506335,11323,2025-04-06,Electronics,4,41.89,0.15,8,UPI,142.43,North
506336,10046,2025-09-28,Fashion,3,65.48,0.0,6,Net Banking,196.44,West
506337,10173,2025-08-25,Electronics,2,20.04,0.0,7,COD,40.08,South
506338,10270,2025-05-31,Home,4,21.33,0.15,7,Card,72.52,North
506339,10980,2025-06-29,Sports,1,10.52,0.0,3,Card,10.52,North
506340,10154,2025-03-18,Fashion,4,397.71,0.1,3,UPI,1431.76,East
506341,11196,2025-03-09,Fashion,1,272.95,0.0,4,UPI,272.95,North
506342,10294,2025-12-03,Sports,3,25.65,0.1,3,Card,69.26,North
506343,11015,2025-09-25,Electronics,2,9.83,0.1,8,Card,17.69,South
506344,11194,2025-07-26,Sports,4,22.64,0.05,5,Card,86.03,West
506345,11318,2025-09-11,Fashion,3,313.5,0.1,5,Card,846.45,North
506346,10440,2025-05-28,Beauty,4,268.59,0.0,2,Net Banking,1074.36,East
506347,10113,2025-04-02,Beauty,4,98.86,0.0,6,UPI,395.44,South
506348,11136,2025-12-10,Fashion,4,429.26,0.15,4,UPI,1459.48,South
506349,10674,2025-12-28,Fashion,1,21.36,0.15,7,UPI,18.16,East
506350,11424,2025-03-20,Beauty,2,70.2,0.1,3,Net Banking,126.36,South
506351,10283,2025-10-20,Home,2,121.68,0.1,7,Card,219.02,North
506352,10862,2025-06-11,Home,1,14.85,0.05,6,Card,14.11,West
506353,10179,2025-09-16,Beauty,1,40.23,0.1,4,Net Banking,36.21,West
506354,10729,2025-02-09,Home,1,41.48,0.1,7,Card,37.33,South
506355,10002,2025-06-25,Fashion,4,17.75,0.0,7,UPI,71.0,South
506356,11126,2025-02-15,Grocery,2,23.39,0.05,5,UPI,44.44,East
506357,10908,2025-10-25,Electronics,4,344.31,0.0,3,Card,1377.24,North
506358,10146,2025-05-26,Home,4,67.24,0.05,6,COD,255.51,South
506359,10750,2025-04-07,Electronics,1,13.32,0.1,5,Net Banking,11.99,West
506360,10643,2025-09-13,Grocery,4,105.77,0.05,5,UPI,401.93,North
506361,11011,2025-12-15,Sports,1,64.09,0.1,5,COD,57.68,East
506362,10749,2025-05-04,Home,2,36.31,0.2,4,UPI,58.1,West
506363,10689,2025-09-19,Beauty,4,34.38,0.15,3,COD,116.89,West
506364,11247,2025-09-09,Sports,2,85.0,0.15,1,UPI,144.5,East
506365,10779,2025-06-28,Grocery,4,420.55,0.15,1,UPI,1429.87,West
506366,11222,2025-10-21,Fashion,3,161.67,0.05,5,Card,460.76,North
506367,11329,2025-02-16,Home,1,61.72,0.1,1,Net Banking,55.55,South
506368,11273,2025-11-17,Sports,4,24.22,0.1,6,UPI,87.19,South
506369,11434,2025-05-28,Sports,1,15.11,0.2,6,UPI,12.09,North
506370,11047,2025-01-17,Fashion,3,14.79,0.1,4,UPI,39.93,North
506371,10843,2025-12-28,Electronics,2,21.15,0.05,7,Net Banking,40.18,South
506372,10796,2025-10-10,Sports,1,213.97,0.15,4,Card,181.87,South
506373,10307,2025-10-25,Electronics,3,83.1,0.1,5,Net Banking,224.37,South
506374,11242,2025-02-23,Grocery,2,12.08,0.0,1,UPI,24.16,South
506375,11040,2025-10-01,Grocery,1,281.76,0.1,1,Card,253.58,North
506376,11310,2025-09-12,Fashion,3,18.68,0.1,4,Card,50.44,West
506377,11053,2025-11-26,Fashion,1,106.75,0.1,5,UPI,96.08,South
506378,10721,2025-05-16,Electronics,3,12.04,0.15,6,Card,30.7,South
506379,10443,2025-12-05,Grocery,1,82.4,0.1,4,UPI,74.16,West
506380,11479,2025-09-16,Home,4,76.29,0.15,5,UPI,259.39,South
506381,11101,2025-04-03,Home,4,337.45,0.05,6,UPI,1282.31,North
506382,11313,2025-03-20,Sports,4,112.36,0.0,4,Card,449.44,East
506383,10878,2025-11-26,Grocery,4,47.19,0.05,6,Card,179.32,South
506384,10766,2025-08-24,Beauty,1,82.41,0.05,2,Card,78.29,North
506385,10052,2025-02-13,Fashion,3,92.6,0.15,1,COD,236.13,North
506386,10104,2025-02-15,Fashion,1,55.0,0.1,3,Card,49.5,West
506387,11061,2025-10-30,Home,1,148.02,0.05,6,Card,140.62,West
506388,10337,2025-03-03,Fashion,2,59.19,0.05,3,UPI,112.46,North
506389,10124,2025-03-21,Grocery,2,379.18,0.2,6,COD,606.69,South
506390,11165,2025-08-13,Beauty,2,17.5,0.0,2,UPI,35.0,North
506391,10931,2025-11-12,Sports,1,162.81,0.0,3,UPI,162.81,South
506392,10167,2025-05-03,Sports,2,229.45,0.1,5,Card,413.01,West
506393,10750,2025-08-31,Grocery,1,122.81,0.1,3,Net Banking,110.53,West
506394,10705,2025-09-14,Sports,1,312.28,0.05,4,UPI,296.67,South
506395,10006,2025-08-08,Grocery,2,55.76,0.0,1,Card,111.52,West
506396,10908,2025-09-08,Sports,1,70.73,0.05,6,UPI,67.19,North
506397,10596,2025-03-25,Grocery,4,18.18,0.0,4,UPI,72.72,South
506398,11318,2025-08-15,Sports,4,28.04,0.0,3,Card,112.16,North
506399,10174,2025-01-02,Grocery,4,16.85,0.0,8,UPI,67.4,West
506400,11271,2025-09-24,Grocery,1,165.19,0.0,3,COD,165.19,West
506401,10010,2025-10-17,Grocery,2,179.87,0.05,3,UPI,341.75,South
506402,11147,2025-10-17,Fashion,4,19.05,0.1,3,Card,68.58,West
506403,11174,2025-01-11,Sports,3,229.52,0.0,7,UPI,688.56,West
506404,10612,2025-11-29,Grocery,2,35.41,0.05,7,UPI,67.28,East
506405,10421,2025-06-08,Beauty,4,165.8,0.05,7,Card,630.04,East
506406,10214,2025-01-30,Electronics,2,405.71,0.0,7,UPI,811.42,West
506407,10510,2025-07-15,Grocery,4,197.85,0.1,3,UPI,712.26,North
506408,11005,2025-07-28,Fashion,1,20.18,0.0,8,UPI,20.18,East
506409,11088,2025-05-27,Beauty,3,16.38,0.15,4,UPI,41.77,West
506410,10272,2025-10-01,Sports,1,14.66,0.1,1,COD,13.19,North
506411,10017,2025-07-18,Electronics,4,183.39,0.0,4,COD,733.56,East
506412,10842,2025-03-21,Beauty,2,57.47,0.15,5,UPI,97.7,West
506413,10872,2025-08-15,Home,1,16.67,0.05,3,UPI,15.84,North
506414,11472,2025-04-07,Home,4,60.01,0.0,5,UPI,240.04,North
506415,11143,2025-02-13,Grocery,4,58.68,0.05,6,Card,222.98,West
506416,10826,2025-04-08,Fashion,4,60.65,0.1,5,UPI,218.34,North
506417,10888,2025-11-27,Electronics,2,81.72,0.1,6,UPI,147.1,North
506418,10969,2025-07-28,Beauty,1,17.18,0.1,4,Card,15.46,East
506419,10678,2025-04-26,Home,1,40.96,0.15,3,COD,34.82,South
506420,11017,2025-05-14,Grocery,1,157.38,0.2,2,Card,125.9,East
506421,10294,2025-11-10,Home,1,290.23,0.0,4,Card,290.23,North
506422,11246,2025-09-01,Beauty,1,24.22,0.15,3,UPI,20.59,South
506423,11293,2025-10-10,Beauty,3,69.54,0.0,4,UPI,208.62,East
506424,10653,2025-08-11,Home,4,307.15,0.2,1,Card,982.88,East
506425,10686,2025-12-29,Sports,3,96.79,0.0,1,Card,290.37,South
506426,10747,2025-08-28,Fashion,1,23.79,0.0,6,UPI,23.79,South
506427,11227,2025-05-27,Beauty,3,71.55,0.05,1,UPI,203.92,South
506428,10264,2025-04-03,Beauty,1,13.37,0.0,4,UPI,13.37,North
506429,10513,2025-01-17,Sports,2,50.77,0.15,3,Net Banking,86.31,North
506430,10923,2025-10-08,Electronics,4,58.33,0.0,3,UPI,233.32,East
506431,11041,2025-12-07,Grocery,1,9.9,0.05,5,Net Banking,9.4,North
506432,10444,2025-08-31,Fashion,4,29.99,0.15,5,Net Banking,101.97,North
506433,10176,2025-06-27,Home,2,389.43,0.1,6,Card,700.97,North
506434,10762,2025-02-17,Fashion,3,109.57,0.1,2,COD,295.84,North
506435,10958,2025-08-24,Grocery,2,60.55,0.2,3,UPI,96.88,South
506436,11150,2025-03-15,Home,1,26.09,0.0,7,UPI,26.09,West
506437,10005,2025-08-16,Fashion,2,15.0,0.0,4,Card,30.0,North
506438,10027,2025-04-20,Fashion,2,56.07,0.0,5,COD,112.14,South
506439,10580,2025-11-13,Sports,3,61.11,0.0,4,Net Banking,183.33,South
506440,10846,2025-12-08,Fashion,1,19.8,0.0,5,Card,19.8,West
506441,10006,2025-03-27,Sports,4,215.67,0.1,1,UPI,776.41,West
506442,10261,2025-04-30,Sports,3,40.64,0.0,7,UPI,121.92,North
506443,10629,2025-12-03,Grocery,4,9.9,0.1,4,Card,35.64,East
506444,10420,2025-01-08,Beauty,4,17.58,0.1,2,COD,63.29,West
506445,11066,2025-07-08,Sports,3,234.86,0.05,2,Card,669.35,West
506446,10053,2025-02-21,Home,1,30.69,0.05,4,COD,29.16,West
506447,11333,2025-06-08,Grocery,3,29.68,0.0,4,UPI,89.04,South
506448,10255,2025-01-12,Grocery,4,17.45,0.1,5,Card,62.82,North
506449,10661,2025-02-21,Home,1,255.61,0.05,2,UPI,242.83,South
506450,11480,2025-05-28,Fashion,2,253.62,0.15,6,Card,431.15,South
506451,10994,2025-01-22,Sports,1,27.7,0.05,3,COD,26.32,North
506452,11498,2025-10-18,Electronics,4,148.71,0.1,3,Card,535.36,East
506453,10030,2025-07-30,Sports,4,49.94,0.05,4,Card,189.77,East
506454,11080,2025-06-14,Sports,1,16.23,0.05,6,UPI,15.42,South
506455,10114,2025-06-22,Grocery,4,129.26,0.05,4,Net Banking,491.19,East
506456,10918,2025-11-03,Home,2,9.69,0.1,3,Card,17.44,North
506457,10489,2025-11-05,Sports,4,261.15,0.05,4,COD,992.37,East
506458,11166,2025-01-18,Sports,1,12.28,0.15,7,UPI,10.44,West
506459,10187,2025-09-08,Electronics,1,28.05,0.0,7,UPI,28.05,South
506460,11345,2025-06-21,Sports,3,25.95,0.15,5,Card,66.17,West
506461,10722,2025-10-13,Fashion,4,22.91,0.15,5,Card,77.89,South
506462,10779,2025-10-15,Grocery,1,49.62,0.0,9,Card,49.62,West
506463,10857,2025-09-16,Electronics,1,165.39,0.0,5,UPI,165.39,West
506464,10053,2025-09-04,Grocery,2,40.75,0.1,5,Card,73.35,West
506465,10466,2025-03-19,Fashion,1,78.07,0.0,4,UPI,78.07,East
506466,11065,2025-11-08,Home,4,421.17,0.0,5,UPI,1684.68,South
506467,11442,2025-09-13,Beauty,3,45.28,0.05,1,COD,129.05,North
506468,11477,2025-04-10,Sports,3,164.64,0.1,7,COD,444.53,South
506469,10804,2025-03-26,Grocery,2,42.01,0.0,2,UPI,84.02,East
506470,10388,2025-07-02,Home,3,11.27,0.15,3,Net Banking,28.74,West
506471,10717,2025-05-06,Grocery,3,28.99,0.0,2,Net Banking,86.97,East
506472,10696,2025-09-05,Fashion,3,22.02,0.0,3,Card,66.06,South
506473,10596,2025-05-29,Home,2,381.41,0.0,4,COD,762.82,South
506474,10542,2025-03-03,Fashion,3,10.49,0.15,6,Card,26.75,East
506475,11303,2025-05-25,Sports,3,201.83,0.15,7,UPI,514.67,West
506476,10586,2025-10-25,Electronics,3,19.91,0.0,8,UPI,59.73,East
506477,10044,2025-10-31,Electronics,4,21.42,0.1,5,UPI,77.11,South
506478,11083,2025-04-24,Electronics,2,56.75,0.0,4,UPI,113.5,West
506479,10998,2025-10-18,Fashion,4,11.36,0.0,6,Net Banking,45.44,North
506480,10568,2025-02-04,Electronics,1,10.86,0.0,3,Net Banking,10.86,North
506481,10945,2025-12-26,Grocery,2,148.49,0.15,3,Card,252.43,South
506482,11412,2025-10-07,Electronics,2,13.75,0.05,4,Card,26.12,West
506483,11387,2025-01-15,Electronics,4,71.84,0.1,4,Net Banking,258.62,East
506484,11185,2025-09-15,Home,1,18.6,0.0,1,COD,18.6,North
506485,10876,2025-06-30,Sports,1,12.89,0.15,7,UPI,10.96,West
506486,10042,2025-11-19,Grocery,2,103.21,0.2,5,Net Banking,165.14,West
506487,10769,2025-03-29,Home,4,38.84,0.0,6,Card,155.36,North
506488,11228,2025-11-22,Fashion,2,10.18,0.1,1,UPI,18.32,South
506489,11268,2025-11-14,Sports,3,81.03,0.1,3,UPI,218.78,West
506490,11160,2025-04-12,Sports,1,410.22,0.2,3,COD,328.18,West
506491,11480,2025-06-07,Electronics,4,71.09,0.05,4,UPI,270.14,South
506492,10775,2025-08-23,Grocery,4,32.7,0.0,4,COD,130.8,North
506493,10165,2025-03-29,Grocery,1,220.98,0.05,6,COD,209.93,East
506494,10746,2025-12-31,Sports,3,38.24,0.1,5,UPI,103.25,South
506495,10479,2025-03-11,Fashion,1,85.48,0.05,3,UPI,81.21,East
506496,11254,2025-03-30,Beauty,3,51.78,0.0,9,Card,155.34,East
506497,11166,2025-07-02,Grocery,3,127.47,0.15,4,UPI,325.05,West
506498,10638,2025-06-22,Grocery,4,83.08,0.15,3,Card,282.47,East
506499,10583,2025-01-19,Fashion,1,52.65,0.05,1,Net Banking,50.02,North
506500,10240,2025-11-29,Sports,2,58.24,0.05,5,Card,110.66,North
506501,10065,2025-03-29,Beauty,3,28.11,0.05,6,Card,80.11,East
506502,10470,2025-02-07,Sports,2,58.34,0.05,2,COD,110.85,South
506503,10362,2025-07-09,Electronics,3,11.45,0.0,6,Net Banking,34.35,North
506504,10398,2025-12-05,Grocery,1,30.2,0.05,5,Net Banking,28.69,South
506505,11498,2025-01-01,Fashion,1,14.41,0.05,1,UPI,13.69,East
506506,11022,2025-06-28,Fashion,3,41.93,0.2,6,UPI,100.63,West
506507,10828,2025-11-29,Home,3,41.91,0.0,4,Card,125.73,North
506508,10269,2025-11-22,Fashion,1,14.94,0.0,2,UPI,14.94,North
506509,11262,2025-03-04,Electronics,4,26.71,0.05,6,Card,101.5,South
506510,10968,2025-08-15,Grocery,4,103.06,0.15,6,COD,350.4,North
506511,10773,2025-11-02,Sports,1,405.58,0.05,2,Net Banking,385.3,East
506512,10699,2025-09-03,Beauty,2,84.96,0.0,5,UPI,169.92,East
506513,10829,2025-08-28,Grocery,3,172.86,0.05,5,COD,492.65,West
506514,11260,2025-10-10,Sports,2,116.55,0.0,4,Card,233.1,West
506515,11081,2025-06-15,Electronics,2,370.91,0.05,3,Card,704.73,South
506516,10728,2025-01-25,Electronics,3,341.1,0.1,4,UPI,920.97,North
506517,11002,2025-08-22,Home,4,19.72,0.05,6,UPI,74.94,South
506518,11395,2025-08-18,Electronics,2,60.59,0.1,5,COD,109.06,West
506519,10490,2025-11-07,Fashion,1,304.88,0.0,1,Card,304.88,East
506520,11351,2025-12-04,Fashion,3,206.8,0.1,1,COD,558.36,West
506521,10911,2025-05-04,Fashion,3,77.15,0.2,1,UPI,185.16,West
506522,10278,2025-12-15,Electronics,3,58.75,0.05,2,UPI,167.44,South
506523,11451,2025-01-04,Grocery,3,13.12,0.15,3,UPI,33.46,West
506524,11030,2025-12-20,Grocery,4,53.29,0.05,4,Card,202.5,South
506525,10579,2025-02-20,Fashion,3,58.7,0.1,4,Card,158.49,West
506526,10322,2025-08-24,Electronics,3,99.52,0.0,4,Card,298.56,South
506527,11374,2025-09-07,Beauty,2,84.04,0.2,4,UPI,134.46,West
506528,11235,2025-08-20,Sports,2,24.07,0.0,7,UPI,48.14,North
506529,10067,2025-12-28,Sports,2,340.01,0.0,1,UPI,680.02,East
506530,10954,2025-07-21,Home,2,24.02,0.0,5,UPI,48.04,North
506531,10172,2025-02-17,Sports,3,33.71,0.05,5,Net Banking,96.07,South
506532,10442,2025-08-10,Grocery,3,68.75,0.1,2,UPI,185.62,North
506533,10853,2025-04-17,Fashion,4,28.7,0.1,6,UPI,103.32,West
506534,10374,2025-08-12,Beauty,2,12.06,0.0,5,COD,24.12,South
506535,10769,2025-05-19,Fashion,3,107.32,0.1,4,Net Banking,289.76,North
506536,10645,2025-01-16,Electronics,2,24.98,0.0,1,Card,49.96,East
506537,10873,2025-08-21,Fashion,2,262.51,0.1,6,UPI,472.52,West
506538,11202,2025-02-02,Electronics,1,132.07,0.0,5,Card,132.07,East
506539,10233,2025-04-30,Electronics,2,42.77,0.05,5,UPI,81.26,West
506540,11195,2025-08-15,Fashion,3,49.17,0.05,1,UPI,140.13,West
506541,10334,2025-11-18,Fashion,1,433.45,0.05,3,COD,411.78,West
506542,10051,2025-04-25,Grocery,1,13.38,0.1,2,COD,12.04,North
506543,10670,2025-04-19,Fashion,2,37.71,0.2,7,UPI,60.34,South
506544,10454,2025-04-21,Grocery,4,11.71,0.05,2,COD,44.5,North
506545,10277,2025-07-29,Sports,1,16.79,0.05,7,Card,15.95,South
506546,10635,2025-03-12,Beauty,1,430.66,0.0,6,Card,430.66,North
506547,11304,2025-07-12,Grocery,2,17.86,0.1,5,UPI,32.15,South
506548,10879,2025-10-20,Beauty,2,392.0,0.05,7,Net Banking,744.8,East
506549,11092,2025-01-30,Fashion,4,174.7,0.1,3,UPI,628.92,East
506550,10225,2025-12-18,Electronics,1,109.59,0.1,3,UPI,98.63,South
506551,10114,2025-07-14,Home,2,135.7,0.05,6,UPI,257.83,East
506552,10503,2025-08-18,Fashion,2,16.73,0.2,3,Card,26.77,West
506553,11162,2025-08-14,Home,1,14.59,0.0,2,Net Banking,14.59,East
506554,11329,2025-12-12,Fashion,2,43.27,0.1,4,UPI,77.89,South
506555,10153,2025-08-31,Electronics,2,176.34,0.05,3,UPI,335.05,North
506556,10715,2025-11-19,Home,3,34.36,0.0,8,Net Banking,103.08,West
506557,10595,2025-04-15,Fashion,4,21.63,0.0,6,Card,86.52,North
506558,11117,2025-03-21,Fashion,1,130.37,0.1,3,Net Banking,117.33,North
506559,10309,2025-08-23,Grocery,2,81.89,0.0,2,COD,163.78,South
506560,10728,2025-02-26,Grocery,2,60.26,0.15,5,COD,102.44,North
506561,11275,2025-02-10,Sports,4,59.88,0.0,7,Card,239.52,North
506562,10698,2025-03-19,Electronics,1,130.83,0.0,5,UPI,130.83,East
506563,11172,2025-04-09,Fashion,2,124.6,0.1,3,Card,224.28,West
506564,10933,2025-02-05,Home,2,30.92,0.0,2,UPI,61.84,South
506565,10897,2025-09-23,Home,2,17.76,0.0,4,Card,35.52,South
506566,10390,2025-08-01,Home,4,225.15,0.05,5,Card,855.57,West
506567,11489,2025-03-15,Beauty,3,16.31,0.05,4,UPI,46.48,West
506568,10375,2025-04-14,Electronics,2,58.13,0.05,7,Card,110.45,North
506569,11397,2025-12-06,Fashion,4,271.02,0.05,6,UPI,1029.88,South
506570,11485,2025-11-30,Electronics,4,46.54,0.1,5,COD,167.54,East
506571,10768,2025-02-14,Fashion,1,268.18,0.15,6,UPI,227.95,North
506572,11304,2025-08-12,Fashion,2,58.4,0.05,2,Card,110.96,South
506573,11073,2025-04-28,Home,2,179.81,0.1,4,UPI,323.66,South
506574,11107,2025-05-12,Electronics,2,57.88,0.0,2,UPI,115.76,North
506575,10103,2025-08-07,Sports,2,29.38,0.05,5,Card,55.82,South
506576,10206,2025-12-26,Sports,4,234.01,0.05,2,Card,889.24,North
506577,10105,2025-08-01,Home,4,40.86,0.05,5,COD,155.27,West
506578,10046,2025-12-14,Grocery,1,56.96,0.0,4,UPI,56.96,West
506579,11254,2025-10-27,Home,4,90.88,0.0,6,COD,363.52,East
506580,10264,2025-10-12,Grocery,4,405.54,0.0,2,UPI,1622.16,North
506581,10010,2025-10-16,Electronics,2,237.97,0.0,5,Card,475.94,South
506582,11407,2025-10-16,Fashion,2,35.75,0.05,2,Card,67.92,West
506583,10419,2025-04-04,Electronics,1,20.26,0.05,3,UPI,19.25,North
506584,11225,2025-12-23,Home,2,42.01,0.0,4,UPI,84.02,North
506585,11441,2025-12-02,Beauty,1,21.66,0.1,7,UPI,19.49,North
506586,10785,2025-08-08,Electronics,4,29.33,0.05,3,Card,111.45,West
506587,11391,2025-09-17,Beauty,1,55.48,0.0,1,UPI,55.48,West
506588,11454,2025-11-18,Home,2,9.98,0.0,3,Net Banking,19.96,West
506589,10217,2025-02-25,Electronics,2,73.08,0.1,4,UPI,131.54,North
506590,10220,2025-01-24,Grocery,4,271.21,0.1,8,Net Banking,976.36,South
506591,10555,2025-12-30,Grocery,4,60.76,0.1,5,Net Banking,218.74,North
506592,10839,2025-07-22,Grocery,4,10.39,0.0,3,UPI,41.56,South
506593,11180,2025-09-21,Electronics,2,30.73,0.1,4,COD,55.31,North
506594,10275,2025-07-03,Beauty,2,30.42,0.05,8,Net Banking,57.8,East
506595,10291,2025-07-08,Home,3,79.82,0.15,4,UPI,203.54,West
506596,10460,2025-01-14,Home,2,21.81,0.1,4,Card,39.26,East
506597,10408,2025-04-16,Beauty,1,29.02,0.0,4,COD,29.02,West
506598,11411,2025-02-01,Fashion,4,146.35,0.2,6,COD,468.32,West
506599,10594,2025-06-07,Beauty,1,22.23,0.05,3,COD,21.12,East
506600,11303,2025-01-08,Home,1,328.55,0.2,6,UPI,262.84,West
506601,10084,2025-10-20,Grocery,4,28.15,0.0,7,UPI,112.6,North
506602,10153,2025-04-18,Grocery,3,190.25,0.05,6,Card,542.21,North
506603,11206,2025-09-28,Home,3,12.95,0.1,4,UPI,34.96,North
506604,10375,2025-01-20,Home,1,37.15,0.0,2,Card,37.15,North
506605,10124,2025-01-13,Fashion,2,42.24,0.1,4,Card,76.03,South
506606,10892,2025-06-04,Beauty,1,56.12,0.0,3,Card,56.12,West
506607,10221,2025-10-15,Grocery,3,10.25,0.0,3,Net Banking,30.75,South
506608,10093,2025-10-24,Beauty,3,24.55,0.0,4,Card,73.65,South
506609,10610,2025-07-18,Electronics,2,176.06,0.2,5,Card,281.7,South
506610,10826,2025-08-13,Electronics,3,317.96,0.2,3,Net Banking,763.1,North
506611,10792,2025-09-09,Electronics,4,61.85,0.05,2,UPI,235.03,South
506612,10877,2025-09-03,Beauty,3,18.09,0.05,3,COD,51.56,South
506613,10036,2025-09-28,Home,1,29.76,0.0,8,UPI,29.76,North
506614,10437,2025-01-12,Grocery,3,283.74,0.05,6,Card,808.66,North
506615,10516,2025-06-06,Grocery,1,418.61,0.2,3,COD,334.89,North
506616,10440,2025-11-03,Electronics,2,264.05,0.1,7,Net Banking,475.29,East
506617,10839,2025-06-10,Grocery,4,240.69,0.1,4,Card,866.48,South
506618,10344,2025-02-23,Fashion,2,127.85,0.0,9,COD,255.7,East
506619,10948,2025-08-31,Home,4,119.42,0.1,5,UPI,429.91,West
506620,11404,2025-04-21,Beauty,1,180.74,0.2,6,Card,144.59,South
506621,10992,2025-07-06,Beauty,4,89.05,0.2,6,COD,284.96,West
506622,10584,2025-07-08,Home,2,42.81,0.1,7,COD,77.06,South
506623,10653,2025-09-12,Grocery,1,119.65,0.0,4,COD,119.65,East
506624,10878,2025-12-06,Electronics,2,22.3,0.2,7,COD,35.68,South
506625,11086,2025-09-11,Electronics,1,97.72,0.05,3,UPI,92.83,West
506626,10453,2025-12-31,Home,3,33.3,0.0,4,COD,99.9,East
506627,10058,2025-01-07,Electronics,1,51.21,0.0,5,Card,51.21,East
506628,11054,2025-10-13,Electronics,1,21.6,0.1,6,Card,19.44,North
506629,10993,2025-06-02,Beauty,3,417.71,0.15,4,Net Banking,1065.16,West
506630,10153,2025-09-24,Beauty,1,131.86,0.15,8,Card,112.08,North
506631,10940,2025-02-01,Electronics,2,18.86,0.15,7,UPI,32.06,North
506632,10108,2025-07-12,Sports,3,52.02,0.1,5,COD,140.45,South
506633,10965,2025-01-11,Grocery,2,50.13,0.2,3,UPI,80.21,West
506634,11117,2025-08-31,Sports,1,246.76,0.0,7,COD,246.76,North
506635,10024,2025-03-21,Fashion,1,163.6,0.0,1,Net Banking,163.6,West
506636,11091,2025-02-22,Grocery,4,203.24,0.0,6,COD,812.96,South
506637,10181,2025-01-29,Beauty,4,47.83,0.1,3,Card,172.19,West
506638,10398,2025-04-09,Beauty,2,21.6,0.15,7,Net Banking,36.72,South
506639,11058,2025-12-17,Electronics,4,141.99,0.15,2,Card,482.77,North
506640,10533,2025-12-26,Sports,1,25.0,0.15,3,UPI,21.25,South
506641,11466,2025-01-30,Electronics,1,123.78,0.05,5,COD,117.59,East
506642,11436,2025-12-24,Fashion,4,59.29,0.1,6,COD,213.44,West
506643,11481,2025-08-03,Sports,3,39.01,0.0,3,COD,117.03,South
506644,10157,2025-04-28,Home,3,16.86,0.1,4,Card,45.52,South
506645,10265,2025-12-10,Fashion,2,238.25,0.1,6,UPI,428.85,West
506646,10275,2025-03-29,Home,4,108.89,0.05,7,UPI,413.78,East
506647,10879,2025-03-08,Beauty,3,34.48,0.0,4,UPI,103.44,East
506648,10646,2025-03-25,Fashion,2,122.44,0.0,3,COD,244.88,West
506649,11119,2025-02-23,Home,2,337.73,0.15,2,Card,574.14,South
506650,10424,2025-06-26,Sports,2,154.3,0.1,5,UPI,277.74,North
506651,10300,2025-02-21,Beauty,3,429.65,0.05,6,UPI,1224.5,East
506652,10974,2025-03-23,Beauty,3,56.37,0.15,5,UPI,143.74,West
506653,10926,2025-05-16,Sports,4,29.7,0.05,3,Card,112.86,South
506654,11036,2025-08-25,Home,2,205.84,0.0,8,COD,411.68,East
506655,10469,2025-11-10,Beauty,2,103.48,0.1,1,Net Banking,186.26,North
506656,10790,2025-01-28,Grocery,3,100.3,0.05,6,Card,285.85,East
506657,11393,2025-08-19,Beauty,3,80.23,0.05,5,Card,228.66,North
506658,10917,2025-02-07,Electronics,2,427.28,0.1,5,UPI,769.1,North
506659,11399,2025-12-28,Home,1,120.68,0.05,3,Card,114.65,East
506660,10651,2025-04-12,Grocery,2,267.45,0.0,4,Card,534.9,South
506661,10068,2025-11-09,Sports,1,11.91,0.0,5,UPI,11.91,South
506662,11141,2025-10-11,Sports,1,176.25,0.15,4,UPI,149.81,South
506663,10691,2025-04-29,Home,4,39.16,0.05,1,COD,148.81,South
506664,10064,2025-04-29,Grocery,4,18.55,0.15,8,Card,63.07,West
506665,10209,2025-04-26,Beauty,1,20.87,0.1,6,Card,18.78,North
506666,10470,2025-06-21,Sports,2,192.62,0.0,5,Card,385.24,South
506667,10287,2025-06-11,Grocery,2,199.59,0.05,5,Card,379.22,North
506668,11027,2025-08-28,Home,4,42.11,0.05,8,UPI,160.02,West
506669,10917,2025-06-19,Grocery,2,19.79,0.1,3,COD,35.62,North
506670,10495,2025-10-15,Fashion,2,62.12,0.05,3,UPI,118.03,West
506671,10127,2025-06-20,Sports,3,36.92,0.1,6,UPI,99.68,South
506672,10118,2025-04-23,Sports,2,41.91,0.1,5,Card,75.44,East
506673,11419,2025-04-30,Home,1,152.25,0.0,2,Card,152.25,West
506674,10518,2025-09-24,Sports,2,29.76,0.15,7,Card,50.59,West
506675,10161,2025-02-21,Home,1,21.7,0.05,5,Net Banking,20.62,North
506676,11068,2025-04-15,Home,3,16.66,0.1,3,UPI,44.98,East
506677,11305,2025-04-24,Electronics,4,88.88,0.0,5,UPI,355.52,West
506678,10183,2025-08-24,Home,4,18.54,0.0,5,UPI,74.16,South
506679,11418,2025-02-17,Grocery,2,29.08,0.1,4,UPI,52.34,East
506680,11087,2025-06-14,Home,2,226.52,0.05,5,COD,430.39,West
506681,10379,2025-09-04,Beauty,1,9.81,0.15,6,Card,8.34,South
506682,11164,2025-12-05,Beauty,2,113.43,0.1,6,UPI,204.17,North
506683,10630,2025-06-09,Sports,1,9.78,0.1,5,Card,8.8,West
506684,10953,2025-12-25,Fashion,3,375.19,0.05,4,COD,1069.29,South
506685,10191,2025-08-10,Fashion,4,161.64,0.15,5,Net Banking,549.58,West
506686,10367,2025-10-10,Grocery,1,196.64,0.15,7,Card,167.14,West
506687,11161,2025-03-30,Beauty,3,100.1,0.0,6,COD,300.3,North
506688,11208,2025-12-01,Sports,3,40.14,0.05,4,UPI,114.4,South
506689,10017,2025-04-05,Grocery,2,324.68,0.15,5,COD,551.96,East
506690,10322,2025-02-19,Sports,3,161.81,0.0,8,Net Banking,485.43,South
506691,10912,2025-01-29,Electronics,3,11.13,0.0,6,Card,33.39,West
506692,11359,2025-08-27,Home,2,57.5,0.2,5,Card,92.0,East
506693,11012,2025-08-18,Fashion,4,77.24,0.05,7,Card,293.51,East
506694,11060,2025-03-14,Beauty,3,28.35,0.2,3,Card,68.04,East
506695,10583,2025-11-17,Home,2,59.42,0.05,5,Card,112.9,North
506696,10083,2025-04-12,Beauty,3,417.9,0.05,8,COD,1191.01,West
506697,11149,2025-08-11,Electronics,3,12.28,0.05,6,Net Banking,35.0,South
506698,11199,2025-07-10,Home,1,344.16,0.05,8,COD,326.95,South
506699,10665,2025-08-05,Sports,1,159.55,0.15,4,UPI,135.62,South
506700,10760,2025-09-28,Electronics,2,20.82,0.1,4,Card,37.48,South
506701,10353,2025-12-05,Grocery,1,35.49,0.15,7,Card,30.17,East
506702,10679,2025-09-21,Beauty,2,274.52,0.0,1,UPI,549.04,North
506703,10363,2025-11-28,Sports,2,163.03,0.2,5,Card,260.85,North
506704,10631,2025-11-14,Home,4,11.26,0.1,7,UPI,40.54,West
506705,10202,2025-05-12,Sports,1,20.83,0.0,6,Card,20.83,West
506706,10910,2025-07-24,Fashion,3,303.75,0.05,1,UPI,865.69,South
506707,10372,2025-03-14,Grocery,3,21.98,0.0,2,UPI,65.94,South
506708,11087,2025-12-05,Electronics,2,95.32,0.0,4,Net Banking,190.64,West
506709,10777,2025-12-19,Sports,4,387.9,0.15,5,UPI,1318.86,East
506710,11344,2025-11-21,Home,2,19.46,0.2,6,UPI,31.14,East
506711,10332,2025-09-29,Beauty,2,10.12,0.0,4,UPI,20.24,North
506712,10410,2025-11-06,Electronics,1,247.44,0.0,6,Card,247.44,West
506713,10365,2025-10-17,Grocery,2,329.11,0.0,5,Net Banking,658.22,East
506714,10947,2025-03-25,Fashion,1,68.01,0.15,4,Card,57.81,East
506715,10161,2025-04-07,Grocery,4,21.09,0.1,6,Net Banking,75.92,North
506716,11030,2025-07-13,Fashion,1,13.97,0.1,3,UPI,12.57,South
506717,11229,2025-06-03,Electronics,4,415.49,0.1,6,UPI,1495.76,West
506718,11013,2025-09-26,Beauty,1,129.06,0.2,3,Net Banking,103.25,South
506719,10203,2025-09-26,Beauty,2,256.45,0.0,5,UPI,512.9,South
506720,10740,2025-12-23,Electronics,1,180.61,0.0,5,Card,180.61,South
506721,10801,2025-10-15,Grocery,2,42.19,0.1,4,Card,75.94,West
506722,10587,2025-01-05,Grocery,3,62.44,0.2,6,Net Banking,149.86,North
506723,10700,2025-05-05,Fashion,2,28.07,0.1,8,Card,50.53,South
506724,11144,2025-04-30,Fashion,3,176.86,0.15,2,Net Banking,450.99,West
506725,11252,2025-08-20,Sports,4,18.92,0.15,6,Card,64.33,North
506726,10451,2025-05-05,Sports,1,14.77,0.0,7,UPI,14.77,North
506727,10495,2025-12-24,Electronics,2,333.25,0.1,4,UPI,599.85,West
506728,10313,2025-04-16,Fashion,3,33.68,0.15,6,Card,85.88,North
506729,10603,2025-06-09,Sports,3,14.14,0.0,4,UPI,42.42,West
506730,10819,2025-10-26,Sports,1,111.98,0.1,7,UPI,100.78,East
506731,11071,2025-05-15,Fashion,1,37.46,0.0,1,Card,37.46,West
506732,10402,2025-01-17,Grocery,2,27.25,0.15,7,Card,46.32,West
506733,10325,2025-05-02,Fashion,3,55.36,0.0,2,Card,166.08,West
506734,10050,2025-05-12,Beauty,4,41.08,0.05,5,Net Banking,156.1,North
506735,10141,2025-08-12,Beauty,2,85.3,0.1,3,UPI,153.54,South
506736,10078,2025-09-17,Sports,3,308.55,0.1,7,Net Banking,833.09,East
506737,10312,2025-07-20,Grocery,2,193.5,0.0,4,COD,387.0,South
506738,11043,2025-05-29,Home,1,259.45,0.0,3,COD,259.45,East
506739,11162,2025-07-03,Home,2,48.88,0.15,7,Card,83.1,East
506740,11460,2025-02-22,Fashion,2,71.42,0.2,6,UPI,114.27,South
506741,10818,2025-03-08,Sports,1,15.12,0.1,4,COD,13.61,South
506742,10683,2025-08-11,Beauty,3,83.42,0.0,3,COD,250.26,North
506743,11350,2025-11-12,Fashion,2,80.46,0.1,2,COD,144.83,North
506744,10221,2025-07-10,Electronics,1,184.25,0.1,7,COD,165.82,South
506745,10946,2025-01-23,Home,2,13.99,0.05,5,UPI,26.58,South
506746,11228,2025-12-25,Grocery,4,188.93,0.0,5,Net Banking,755.72,South
506747,10754,2025-04-29,Fashion,3,80.99,0.0,5,Net Banking,242.97,South
506748,10393,2025-10-01,Grocery,2,11.49,0.0,1,Net Banking,22.98,East
506749,10932,2025-11-24,Home,4,402.24,0.1,4,Card,1448.06,South
506750,11494,2025-12-26,Home,1,41.13,0.0,4,COD,41.13,West
506751,10354,2025-02-12,Grocery,2,47.68,0.05,6,Card,90.59,East
506752,10845,2025-03-10,Grocery,3,18.3,0.05,2,Card,52.16,North
506753,10077,2025-08-24,Grocery,2,12.98,0.1,7,Net Banking,23.36,South
506754,10349,2025-10-05,Home,3,14.12,0.1,8,UPI,38.12,East
506755,11151,2025-11-01,Sports,3,22.75,0.05,1,COD,64.84,North
506756,10745,2025-07-21,Beauty,2,27.41,0.0,5,Card,54.82,South
506757,10299,2025-02-27,Grocery,4,43.41,0.0,5,UPI,173.64,West
506758,10504,2025-09-18,Grocery,4,115.78,0.1,6,Card,416.81,South
506759,10182,2025-09-01,Beauty,2,426.98,0.05,1,Card,811.26,West
506760,11170,2025-06-20,Home,4,123.19,0.05,5,UPI,468.12,North
506761,11415,2025-08-21,Grocery,3,41.8,0.05,4,COD,119.13,North
506762,10159,2025-03-19,Beauty,1,404.04,0.0,4,Card,404.04,West
506763,10357,2025-10-23,Beauty,1,83.73,0.0,9,COD,83.73,West
506764,11286,2025-01-17,Fashion,1,54.58,0.1,4,UPI,49.12,West
506765,11319,2025-11-03,Grocery,1,25.19,0.05,5,UPI,23.93,West
506766,11152,2025-11-02,Electronics,2,57.3,0.1,4,UPI,103.14,West
506767,11073,2025-09-08,Grocery,1,11.22,0.0,5,UPI,11.22,South
506768,11293,2025-10-25,Beauty,3,22.43,0.15,6,COD,57.2,East
506769,10561,2025-11-30,Electronics,2,413.56,0.05,6,Card,785.76,North
506770,11343,2025-03-01,Home,3,21.59,0.1,3,COD,58.29,South
506771,11330,2025-07-18,Beauty,3,82.93,0.05,5,COD,236.35,North
506772,10345,2025-08-24,Sports,2,21.96,0.05,5,UPI,41.72,West
506773,10110,2025-12-11,Fashion,3,82.9,0.1,1,Net Banking,223.83,West
506774,10782,2025-09-27,Electronics,4,423.11,0.0,3,COD,1692.44,West
506775,11138,2025-08-05,Beauty,2,45.59,0.0,6,UPI,91.18,South
506776,11275,2025-07-23,Home,2,17.31,0.0,4,Card,34.62,North
506777,10214,2025-02-22,Home,3,11.6,0.2,10,Card,27.84,West
506778,10567,2025-04-26,Sports,4,135.69,0.15,6,Card,461.35,West
506779,11152,2025-06-08,Sports,3,17.95,0.1,5,UPI,48.46,West
506780,10091,2025-11-18,Electronics,4,35.96,0.05,8,Card,136.65,North
506781,11085,2025-11-11,Fashion,1,190.72,0.0,6,UPI,190.72,West
506782,10438,2025-08-23,Beauty,1,67.32,0.15,5,Card,57.22,South
506783,10034,2025-02-08,Beauty,2,210.47,0.0,2,Card,420.94,South
506784,10363,2025-09-20,Sports,1,242.79,0.0,6,COD,242.79,North
506785,11113,2025-06-17,Home,1,106.14,0.15,7,UPI,90.22,East
506786,11306,2025-08-27,Sports,1,392.79,0.0,3,UPI,392.79,West
506787,10122,2025-06-08,Beauty,2,13.83,0.15,1,Card,23.51,East
506788,10696,2025-09-21,Electronics,4,27.5,0.1,2,Card,99.0,South
506789,10302,2025-03-21,Sports,4,22.71,0.15,8,Card,77.21,North
506790,11026,2025-02-22,Grocery,2,359.08,0.1,5,Card,646.34,South
506791,11172,2025-03-22,Fashion,4,101.0,0.05,7,UPI,383.8,West
506792,11444,2025-12-03,Sports,4,20.83,0.1,5,Card,74.99,North
506793,10533,2025-01-28,Electronics,2,30.06,0.15,4,Card,51.1,South
506794,10449,2025-04-15,Beauty,2,185.05,0.1,9,Card,333.09,North
506795,10465,2025-05-06,Beauty,4,272.67,0.15,4,Card,927.08,East
506796,11142,2025-11-02,Sports,2,9.77,0.2,4,Card,15.63,West
506797,10668,2025-05-12,Beauty,2,39.49,0.1,5,Card,71.08,West
506798,10035,2025-11-23,Sports,4,65.06,0.15,4,COD,221.2,South
506799,11422,2025-12-27,Home,3,30.18,0.0,6,Card,90.54,South
506800,10157,2025-08-26,Fashion,2,175.62,0.2,5,Net Banking,280.99,South
506801,11393,2025-05-06,Home,4,121.69,0.15,5,Net Banking,413.75,North
506802,10243,2025-08-07,Fashion,3,178.17,0.0,3,UPI,534.51,North
506803,10808,2025-09-02,Electronics,2,160.72,0.1,1,Net Banking,289.3,North
506804,10469,2025-02-09,Sports,2,190.81,0.05,3,Card,362.54,North
506805,11031,2025-11-01,Electronics,1,28.22,0.15,3,Net Banking,23.99,East
506806,10605,2025-06-09,Grocery,1,30.89,0.0,5,Net Banking,30.89,West
506807,10552,2025-11-05,Grocery,4,37.97,0.05,3,Card,144.29,North
506808,10716,2025-08-12,Fashion,1,177.07,0.05,2,UPI,168.22,North
506809,11457,2025-11-11,Grocery,4,102.07,0.05,2,COD,387.87,North
506810,10368,2025-01-30,Sports,1,30.48,0.2,5,UPI,24.38,East
506811,10330,2025-01-16,Electronics,3,174.35,0.05,6,Card,496.9,South
506812,10100,2025-02-10,Sports,3,20.32,0.05,3,Card,57.91,West
506813,11108,2025-11-16,Beauty,4,24.17,0.15,4,Card,82.18,South
506814,11017,2025-12-29,Grocery,2,10.89,0.0,6,UPI,21.78,East
506815,10914,2025-12-31,Grocery,4,434.49,0.0,5,COD,1737.96,West
506816,10036,2025-05-02,Grocery,2,20.88,0.0,7,Card,41.76,North
506817,11186,2025-04-07,Beauty,4,168.59,0.15,4,COD,573.21,West
506818,11215,2025-05-08,Home,1,18.27,0.15,3,COD,15.53,South
506819,11418,2025-10-26,Electronics,2,14.01,0.1,7,COD,25.22,East
506820,11394,2025-04-02,Electronics,3,89.64,0.0,4,Card,268.92,North
506821,10395,2025-07-19,Grocery,3,14.22,0.05,3,UPI,40.53,North
506822,11066,2025-08-24,Fashion,4,22.1,0.1,6,UPI,79.56,West
506823,10604,2025-05-12,Beauty,2,31.36,0.05,7,Card,59.58,West
506824,10894,2025-06-22,Beauty,3,63.65,0.0,5,UPI,190.95,North
506825,10499,2025-08-31,Home,3,14.8,0.0,2,COD,44.4,South
506826,10986,2025-10-16,Fashion,4,17.92,0.15,8,UPI,60.93,West
506827,11430,2025-03-11,Beauty,1,41.16,0.1,5,UPI,37.04,South
506828,10979,2025-07-07,Sports,1,176.86,0.0,5,Card,176.86,South
506829,11382,2025-02-26,Electronics,3,11.28,0.2,4,COD,27.07,North
506830,11398,2025-01-06,Grocery,1,22.01,0.05,7,Card,20.91,West
506831,10179,2025-08-24,Electronics,1,17.37,0.1,2,COD,15.63,West
506832,11447,2025-06-26,Beauty,3,37.32,0.0,2,Net Banking,111.96,West
506833,11228,2025-04-05,Beauty,2,25.59,0.15,8,UPI,43.5,South
506834,10641,2025-01-21,Sports,2,113.16,0.0,3,Net Banking,226.32,West
506835,10901,2025-12-12,Fashion,2,12.56,0.2,6,Card,20.1,South
506836,10926,2025-10-29,Home,3,406.87,0.1,7,Card,1098.55,South
506837,11180,2025-12-08,Beauty,2,21.17,0.0,5,COD,42.34,North
506838,11205,2025-02-11,Fashion,4,349.16,0.0,3,COD,1396.64,North
506839,10154,2025-01-06,Beauty,1,121.08,0.15,6,COD,102.92,East
506840,10002,2025-03-21,Electronics,1,29.9,0.0,7,Card,29.9,South
506841,10370,2025-02-06,Home,1,33.22,0.0,5,UPI,33.22,West
506842,10791,2025-06-17,Fashion,4,421.99,0.1,3,UPI,1519.16,North
506843,11274,2025-08-24,Home,2,339.87,0.0,5,Card,679.74,East
506844,10980,2025-03-13,Fashion,1,92.31,0.05,2,Card,87.69,North
506845,10204,2025-05-25,Electronics,2,13.22,0.1,3,Net Banking,23.8,North
506846,11076,2025-07-16,Sports,3,390.8,0.0,4,Card,1172.4,South
506847,10703,2025-04-26,Home,2,50.83,0.05,5,Card,96.58,North
506848,10554,2025-06-18,Fashion,2,11.16,0.0,2,Card,22.32,West
506849,11158,2025-08-04,Grocery,1,205.88,0.2,5,COD,164.7,North
506850,10444,2025-12-14,Beauty,3,10.6,0.0,6,Net Banking,31.8,North
506851,10929,2025-04-24,Electronics,1,33.71,0.1,4,COD,30.34,East
506852,10274,2025-02-02,Electronics,1,10.51,0.1,1,UPI,9.46,East
506853,10573,2025-11-14,Beauty,3,54.47,0.1,5,COD,147.07,South
506854,10837,2025-07-30,Electronics,4,264.57,0.0,8,Net Banking,1058.28,West
506855,10936,2025-06-22,Grocery,3,16.46,0.0,5,UPI,49.38,North
506856,11379,2025-09-20,Grocery,4,16.36,0.05,5,Card,62.17,East
506857,10436,2025-12-25,Grocery,2,421.46,0.1,4,Card,758.63,North
506858,11344,2025-02-16,Grocery,3,19.0,0.1,6,Card,51.3,East
506859,11225,2025-11-11,Fashion,2,20.31,0.0,5,COD,40.62,North
506860,10540,2025-08-21,Home,3,84.01,0.1,6,COD,226.83,West
506861,10211,2025-08-02,Beauty,4,27.48,0.0,2,UPI,109.92,East
506862,10387,2025-11-12,Home,3,396.94,0.05,5,UPI,1131.28,East
506863,10987,2025-04-22,Grocery,1,17.53,0.1,4,UPI,15.78,South
506864,11184,2025-10-15,Beauty,3,85.55,0.0,5,Net Banking,256.65,North
506865,10919,2025-07-28,Beauty,2,390.86,0.2,1,UPI,625.38,South
506866,11088,2025-12-08,Sports,3,124.84,0.1,4,Card,337.07,West
506867,10153,2025-06-20,Beauty,3,12.81,0.0,6,COD,38.43,North
506868,10759,2025-09-21,Beauty,3,15.17,0.0,6,UPI,45.51,North
506869,11311,2025-07-01,Home,4,18.63,0.1,4,UPI,67.07,South
506870,10584,2025-05-24,Electronics,4,293.94,0.15,1,COD,999.4,South
506871,11349,2025-05-18,Electronics,4,27.06,0.0,6,Card,108.24,South
506872,10186,2025-12-02,Beauty,3,12.06,0.0,8,Card,36.18,East
506873,11469,2025-11-02,Grocery,2,36.71,0.1,3,Card,66.08,West
506874,11178,2025-03-24,Home,1,27.3,0.05,4,UPI,25.94,South
506875,10940,2025-11-12,Fashion,4,16.43,0.0,6,Card,65.72,North
506876,10927,2025-08-02,Home,4,47.19,0.05,6,UPI,179.32,North
506877,11405,2025-02-08,Home,1,355.93,0.05,7,UPI,338.13,North
506878,10566,2025-10-07,Electronics,1,26.37,0.0,7,UPI,26.37,East
506879,10248,2025-03-01,Fashion,3,425.47,0.05,1,Card,1212.59,South
506880,11379,2025-11-15,Fashion,1,95.84,0.0,4,UPI,95.84,East
506881,10155,2025-06-15,Beauty,1,37.32,0.0,6,UPI,37.32,North
506882,10990,2025-12-01,Fashion,4,121.51,0.2,4,COD,388.83,West
506883,10399,2025-06-26,Beauty,1,39.31,0.0,5,Card,39.31,South
506884,11394,2025-02-01,Home,1,23.69,0.0,4,COD,23.69,North
506885,11461,2025-10-07,Sports,4,24.67,0.15,4,COD,83.88,West
506886,10712,2025-09-23,Fashion,1,14.35,0.2,4,UPI,11.48,East
506887,10800,2025-04-21,Electronics,4,99.7,0.15,2,Card,338.98,East
506888,10682,2025-03-16,Beauty,3,10.96,0.0,3,Net Banking,32.88,North
506889,10638,2025-11-12,Beauty,3,18.64,0.1,4,UPI,50.33,East
506890,11406,2025-10-12,Sports,4,10.6,0.1,4,UPI,38.16,South
506891,10431,2025-04-19,Home,1,12.74,0.1,6,UPI,11.47,West
506892,11440,2025-09-13,Grocery,1,436.16,0.0,4,Net Banking,436.16,West
506893,10976,2025-03-29,Fashion,1,14.83,0.05,8,UPI,14.09,East
506894,11442,2025-03-08,Electronics,2,107.62,0.0,7,Net Banking,215.24,North
506895,10919,2025-08-31,Beauty,4,41.96,0.1,3,Card,151.06,South
506896,11229,2025-10-31,Grocery,1,21.0,0.0,5,Card,21.0,West
506897,10735,2025-12-02,Home,2,30.7,0.05,7,Card,58.33,North
506898,10694,2025-06-18,Sports,2,14.31,0.1,3,Card,25.76,South
506899,10387,2025-02-22,Sports,1,42.17,0.15,3,UPI,35.84,East
506900,10316,2025-07-18,Sports,2,198.73,0.15,7,COD,337.84,South
506901,10057,2025-09-06,Electronics,1,87.11,0.1,6,COD,78.4,South
506902,10576,2025-12-21,Beauty,1,180.35,0.0,7,Card,180.35,South
506903,11482,2025-02-10,Beauty,3,109.67,0.15,5,Card,279.66,North
506904,11408,2025-08-28,Beauty,4,427.03,0.0,4,Card,1708.12,North
506905,11036,2025-07-06,Grocery,2,22.45,0.0,2,Card,44.9,East
506906,10546,2025-08-03,Electronics,3,21.3,0.05,5,COD,60.71,South
506907,10781,2025-02-03,Fashion,3,58.7,0.1,7,UPI,158.49,South
506908,11136,2025-01-07,Grocery,4,72.34,0.0,7,Net Banking,289.36,South
506909,10004,2025-08-10,Grocery,4,150.51,0.0,7,Card,602.04,East
506910,11385,2025-03-14,Fashion,4,19.59,0.0,6,Card,78.36,West
506911,11306,2025-08-13,Grocery,4,14.58,0.1,9,Card,52.49,West
506912,11456,2025-01-10,Beauty,4,173.62,0.1,1,Card,625.03,North
506913,10142,2025-10-20,Fashion,4,76.71,0.05,5,UPI,291.5,South
506914,11422,2025-05-02,Fashion,3,43.83,0.05,3,Card,124.92,South
506915,10921,2025-06-14,Electronics,2,27.15,0.15,8,Card,46.15,North
506916,10833,2025-05-06,Electronics,2,106.98,0.05,3,UPI,203.26,South
506917,10270,2025-06-02,Grocery,3,254.01,0.05,7,UPI,723.93,North
506918,10738,2025-07-13,Home,4,14.12,0.1,4,COD,50.83,South
506919,10545,2025-08-24,Beauty,4,10.97,0.1,5,COD,39.49,North
506920,11482,2025-09-09,Fashion,3,174.98,0.1,4,Card,472.45,North
506921,10510,2025-12-28,Fashion,1,194.03,0.0,4,UPI,194.03,North
506922,10328,2025-03-07,Fashion,2,24.43,0.15,5,Card,41.53,South
506923,11420,2025-11-15,Grocery,3,153.25,0.05,6,Net Banking,436.76,West
506924,10282,2025-08-08,Sports,2,255.69,0.15,4,COD,434.67,North
506925,11357,2025-04-23,Grocery,2,21.7,0.05,6,COD,41.23,South
506926,11445,2025-12-01,Fashion,2,14.54,0.05,7,COD,27.63,North
506927,10462,2025-09-16,Grocery,1,20.37,0.0,4,COD,20.37,North
506928,11034,2025-03-09,Fashion,2,179.23,0.05,8,UPI,340.54,West
506929,11196,2025-03-05,Fashion,2,184.42,0.05,6,UPI,350.4,North
506930,10805,2025-08-29,Sports,4,16.57,0.15,4,COD,56.34,North
506931,11046,2025-09-24,Grocery,1,15.8,0.15,6,UPI,13.43,South
506932,10199,2025-01-17,Electronics,2,102.45,0.05,7,UPI,194.66,North
506933,10775,2025-08-18,Grocery,4,265.2,0.15,6,COD,901.68,North
506934,10770,2025-07-13,Sports,2,141.3,0.15,5,COD,240.21,East
506935,10850,2025-12-20,Grocery,2,18.49,0.15,1,UPI,31.43,West
506936,11417,2025-09-28,Sports,1,43.68,0.05,3,Card,41.5,East
506937,11238,2025-11-28,Grocery,3,12.06,0.0,6,UPI,36.18,South
506938,10905,2025-01-13,Home,4,27.07,0.15,3,UPI,92.04,West
506939,10606,2025-10-06,Home,2,87.36,0.1,6,UPI,157.25,West
506940,10607,2025-05-02,Home,2,33.78,0.05,6,COD,64.18,West
506941,10031,2025-07-21,Home,3,92.28,0.05,4,UPI,263.0,West
506942,10827,2025-11-17,Home,2,23.18,0.0,1,COD,46.36,East
506943,10379,2025-11-14,Beauty,2,75.44,0.0,3,UPI,150.88,South
506944,11330,2025-03-24,Home,4,87.32,0.0,6,UPI,349.28,North
506945,11161,2025-03-29,Electronics,2,15.73,0.1,7,UPI,28.31,North
506946,11370,2025-09-21,Fashion,4,11.0,0.05,1,COD,41.8,South
506947,11494,2025-11-17,Sports,2,36.52,0.05,5,Net Banking,69.39,West
506948,10601,2025-08-12,Electronics,3,14.16,0.0,2,UPI,42.48,South
506949,10643,2025-01-20,Fashion,2,18.69,0.0,5,Card,37.38,North
506950,10913,2025-03-01,Fashion,3,28.8,0.05,4,UPI,82.08,West
506951,10646,2025-10-01,Sports,2,43.08,0.0,9,UPI,86.16,West
506952,10419,2025-09-28,Electronics,1,28.33,0.15,3,UPI,24.08,North
506953,11061,2025-11-24,Sports,3,13.07,0.05,7,UPI,37.25,West
506954,10677,2025-07-14,Electronics,4,14.47,0.05,7,COD,54.99,West
506955,11413,2025-06-06,Home,1,220.39,0.05,4,Card,209.37,West
506956,10330,2025-02-10,Home,3,138.09,0.1,5,Net Banking,372.84,South
506957,10666,2025-10-13,Grocery,3,51.53,0.0,5,COD,154.59,East
506958,10798,2025-12-13,Home,3,14.74,0.1,3,COD,39.8,North
506959,11362,2025-01-17,Sports,1,33.05,0.0,3,UPI,33.05,South
506960,10868,2025-06-29,Grocery,1,305.32,0.05,4,UPI,290.05,West
506961,10104,2025-05-10,Grocery,3,257.76,0.05,2,UPI,734.62,West
506962,10507,2025-09-29,Home,3,186.86,0.1,3,UPI,504.52,South
506963,11330,2025-10-06,Electronics,2,28.78,0.1,4,UPI,51.8,North
506964,10409,2025-03-21,Home,2,43.11,0.15,5,UPI,73.29,North
506965,10511,2025-12-14,Sports,3,12.57,0.05,5,COD,35.82,North
506966,10227,2025-02-20,Home,2,216.11,0.0,4,Card,432.22,North
506967,11080,2025-10-13,Fashion,2,19.53,0.1,3,Card,35.15,South
506968,10210,2025-09-28,Beauty,3,110.09,0.05,5,Card,313.76,South
506969,10552,2025-03-01,Sports,4,29.08,0.1,6,UPI,104.69,North
506970,11068,2025-09-03,Fashion,4,63.56,0.05,4,UPI,241.53,East
506971,11344,2025-04-09,Fashion,1,271.5,0.05,3,Card,257.92,East
506972,10333,2025-04-11,Sports,2,31.38,0.1,4,COD,56.48,East
506973,10499,2025-02-01,Grocery,1,10.27,0.05,4,COD,9.76,South
506974,10177,2025-09-30,Beauty,4,117.3,0.15,7,Net Banking,398.82,South
506975,10657,2025-10-22,Fashion,3,70.59,0.1,6,UPI,190.59,West
506976,11499,2025-07-04,Fashion,1,18.37,0.05,4,COD,17.45,South
506977,10457,2025-10-11,Sports,4,11.32,0.0,8,COD,45.28,West
506978,10390,2025-05-08,Beauty,3,57.46,0.0,4,Net Banking,172.38,West
506979,10600,2025-07-26,Beauty,1,88.71,0.0,7,UPI,88.71,East
506980,11345,2025-10-15,Grocery,1,20.57,0.0,7,COD,20.57,West
506981,10821,2025-06-07,Grocery,4,63.07,0.0,7,Card,252.28,North
506982,10914,2025-08-14,Fashion,2,62.33,0.1,5,Card,112.19,West
506983,11171,2025-02-22,Electronics,3,20.77,0.0,5,Card,62.31,South
506984,11073,2025-07-05,Home,4,118.19,0.0,5,Card,472.76,South
506985,10899,2025-11-07,Beauty,2,119.3,0.05,6,COD,226.67,North
506986,10842,2025-10-10,Sports,1,20.22,0.1,3,Net Banking,18.2,West
506987,10800,2025-04-20,Sports,1,100.98,0.0,4,Card,100.98,East
506988,10272,2025-07-18,Sports,4,30.32,0.15,8,UPI,103.09,North
506989,10622,2025-08-15,Electronics,3,69.44,0.15,6,Card,177.07,South
506990,11271,2025-12-09,Beauty,2,185.49,0.15,6,UPI,315.33,West
506991,10060,2025-10-30,Sports,1,373.94,0.1,2,Card,336.55,North
506992,11242,2025-10-26,Grocery,3,21.19,0.15,4,UPI,54.03,South
506993,10849,2025-10-02,Electronics,1,38.32,0.05,5,Card,36.4,North
506994,10525,2025-05-11,Grocery,1,14.99,0.1,4,Card,13.49,North
506995,10172,2025-05-18,Electronics,3,386.35,0.0,2,UPI,1159.05,South
506996,11146,2025-06-19,Home,3,31.32,0.0,6,UPI,93.96,South
506997,10002,2025-06-05,Grocery,3,189.65,0.15,7,UPI,483.61,South
506998,10815,2025-12-16,Sports,4,336.13,0.05,4,Net Banking,1277.29,North
506999,10244,2025-11-16,Grocery,2,43.28,0.0,6,Card,86.56,South
507000,11364,2025-11-23,Fashion,3,105.64,0.0,9,Card,316.92,North
507001,10274,2025-08-10,Fashion,2,57.62,0.05,8,UPI,109.48,East
507002,11205,2025-03-11,Fashion,2,76.73,0.15,4,COD,130.44,North
507003,10862,2025-02-22,Fashion,1,26.94,0.15,2,UPI,22.9,West
507004,10062,2025-04-11,Fashion,4,219.13,0.0,5,Card,876.52,South
507005,11081,2025-08-26,Home,3,15.8,0.0,9,Card,47.4,South
507006,11319,2025-05-14,Grocery,3,108.7,0.0,7,UPI,326.1,West
507007,10333,2025-08-28,Beauty,1,346.05,0.1,4,COD,311.44,East
507008,11453,2025-11-18,Fashion,1,206.24,0.05,8,COD,195.93,West
507009,11198,2025-05-03,Sports,4,164.5,0.1,7,Card,592.2,East
507010,11114,2025-12-05,Fashion,3,97.03,0.1,1,UPI,261.98,West
507011,10505,2025-07-06,Fashion,1,306.51,0.0,7,UPI,306.51,South
507012,10180,2025-10-20,Electronics,3,223.87,0.0,5,COD,671.61,West
507013,10644,2025-01-22,Home,4,23.25,0.0,3,UPI,93.0,North
507014,11212,2025-04-11,Beauty,4,113.01,0.1,5,COD,406.84,West
507015,10880,2025-12-06,Beauty,2,41.06,0.1,5,COD,73.91,East
507016,10972,2025-11-20,Grocery,2,29.59,0.15,3,UPI,50.3,North
507017,11172,2025-07-28,Grocery,4,221.67,0.0,4,UPI,886.68,West
507018,10509,2025-01-13,Sports,2,9.69,0.15,4,UPI,16.47,South
507019,10057,2025-01-22,Beauty,3,15.48,0.0,6,UPI,46.44,South
507020,11327,2025-06-04,Electronics,4,22.06,0.0,4,Net Banking,88.24,South
507021,10921,2025-11-24,Sports,2,26.04,0.0,1,Card,52.08,North
507022,10849,2025-05-18,Grocery,3,80.21,0.0,4,Card,240.63,North
507023,10860,2025-11-19,Beauty,2,419.04,0.0,3,UPI,838.08,South
507024,11280,2025-07-15,Sports,3,330.45,0.0,2,UPI,991.35,East
507025,11154,2025-02-19,Grocery,1,366.14,0.1,7,Card,329.53,North
507026,11006,2025-07-24,Fashion,4,163.9,0.1,6,Net Banking,590.04,South
507027,11174,2025-05-13,Home,3,58.94,0.1,3,Card,159.14,West
507028,10433,2025-03-24,Electronics,1,148.36,0.15,2,UPI,126.11,East
507029,11068,2025-09-04,Sports,3,30.71,0.1,4,Net Banking,82.92,East
507030,11463,2025-03-16,Fashion,2,107.32,0.2,2,UPI,171.71,North
507031,10353,2025-11-27,Electronics,4,14.32,0.0,4,Card,57.28,East
507032,10857,2025-10-21,Electronics,4,293.13,0.2,5,COD,938.02,West
507033,11022,2025-10-13,Grocery,2,352.98,0.05,5,Card,670.66,West
507034,10776,2025-01-28,Home,3,132.09,0.05,5,Net Banking,376.46,West
507035,11454,2025-12-17,Home,1,21.79,0.1,3,COD,19.61,West
507036,10606,2025-06-30,Fashion,4,22.64,0.0,5,UPI,90.56,West
507037,10327,2025-09-25,Beauty,3,168.13,0.0,7,COD,504.39,West
507038,10205,2025-03-11,Grocery,3,41.41,0.05,1,COD,118.02,North
507039,11274,2025-10-08,Sports,3,62.33,0.1,5,UPI,168.29,East
507040,11030,2025-04-27,Beauty,2,47.2,0.15,2,Net Banking,80.24,South
507041,10867,2025-09-16,Home,3,253.41,0.0,7,COD,760.23,West
507042,10647,2025-04-12,Grocery,2,16.43,0.0,6,UPI,32.86,North
507043,10615,2025-12-07,Fashion,3,58.38,0.1,6,UPI,157.63,South
507044,11402,2025-09-16,Grocery,1,28.87,0.05,3,UPI,27.43,North
507045,11021,2025-06-15,Beauty,1,124.65,0.0,5,UPI,124.65,West
507046,11448,2025-06-16,Electronics,4,27.62,0.05,5,Card,104.96,South
507047,11203,2025-01-01,Grocery,3,27.17,0.1,1,Card,73.36,West
507048,11152,2025-04-20,Home,1,19.27,0.0,5,UPI,19.27,West
507049,10831,2025-10-16,Grocery,1,186.85,0.0,6,Card,186.85,East
507050,10364,2025-10-31,Sports,3,25.77,0.0,2,UPI,77.31,North
507051,10981,2025-12-31,Home,1,260.3,0.05,6,Net Banking,247.28,West
507052,11074,2025-02-01,Sports,2,283.28,0.0,5,COD,566.56,West
507053,10783,2025-04-02,Electronics,2,299.95,0.1,7,UPI,539.91,South
507054,10031,2025-10-07,Beauty,1,37.46,0.15,4,UPI,31.84,West
507055,11441,2025-05-12,Beauty,2,118.12,0.0,5,Net Banking,236.24,North
507056,11240,2025-04-01,Fashion,2,206.43,0.0,5,UPI,412.86,North
507057,10529,2025-04-13,Fashion,1,14.31,0.0,1,COD,14.31,West
507058,10741,2025-12-02,Fashion,3,11.42,0.2,4,UPI,27.41,North
507059,10186,2025-11-10,Beauty,2,25.24,0.05,5,Card,47.96,East
507060,11406,2025-01-03,Sports,1,430.1,0.15,1,Card,365.58,South
507061,10346,2025-11-03,Electronics,1,11.85,0.15,6,Card,10.07,West
507062,10567,2025-07-23,Sports,4,160.46,0.2,5,COD,513.47,West
507063,10643,2025-11-05,Electronics,1,268.61,0.15,5,Net Banking,228.32,North
507064,10395,2025-08-16,Electronics,4,321.64,0.0,6,Card,1286.56,North
507065,10953,2025-09-09,Sports,1,58.9,0.1,4,Card,53.01,South
507066,11493,2025-07-30,Electronics,1,86.18,0.2,5,COD,68.94,East
507067,11283,2025-09-26,Sports,3,157.79,0.1,6,COD,426.03,South
507068,10797,2025-10-25,Electronics,4,123.46,0.1,5,UPI,444.46,North
507069,10197,2025-07-05,Electronics,1,178.51,0.15,1,Card,151.73,East
507070,11295,2025-02-10,Grocery,2,37.37,0.1,5,Card,67.27,South
507071,10386,2025-02-03,Home,4,354.24,0.1,5,UPI,1275.26,West
507072,11367,2025-06-01,Grocery,1,50.81,0.1,6,COD,45.73,North
507073,10594,2025-06-22,Beauty,1,21.87,0.0,4,Net Banking,21.87,East
507074,10778,2025-11-12,Sports,2,150.62,0.0,3,COD,301.24,North
507075,10656,2025-01-13,Grocery,4,116.98,0.1,3,Card,421.13,South
507076,10684,2025-11-21,Electronics,4,14.94,0.2,7,COD,47.81,South
507077,10248,2025-01-21,Home,3,22.18,0.15,5,UPI,56.56,South
507078,10830,2025-07-01,Fashion,3,14.8,0.0,7,UPI,44.4,South
507079,10605,2025-06-04,Grocery,1,56.6,0.15,8,Card,48.11,West
507080,11272,2025-07-23,Home,1,227.06,0.0,3,Card,227.06,South
507081,10716,2025-01-16,Home,4,31.15,0.1,3,Net Banking,112.14,North
507082,11447,2025-10-06,Beauty,3,19.38,0.15,4,COD,49.42,West
507083,10445,2025-02-19,Home,1,269.64,0.2,6,Card,215.71,South
507084,10493,2025-10-12,Home,3,179.17,0.1,2,UPI,483.76,East
507085,10056,2025-07-26,Electronics,3,83.3,0.1,5,UPI,224.91,West
507086,11108,2025-11-21,Sports,3,17.36,0.05,5,UPI,49.48,South
507087,10111,2025-12-24,Sports,4,102.55,0.1,2,Card,369.18,South
507088,10429,2025-11-05,Electronics,3,32.44,0.0,2,Net Banking,97.32,North
507089,11366,2025-06-15,Fashion,1,26.23,0.0,5,UPI,26.23,South
507090,10917,2025-06-01,Fashion,4,23.41,0.15,9,COD,79.59,North
507091,10839,2025-08-30,Fashion,1,13.97,0.0,4,COD,13.97,South
507092,11208,2025-08-26,Grocery,3,50.45,0.1,5,UPI,136.22,South
507093,11158,2025-10-16,Fashion,4,167.28,0.05,3,UPI,635.66,North
507094,11330,2025-06-26,Sports,1,262.39,0.0,5,UPI,262.39,North
507095,10998,2025-06-18,Electronics,4,140.23,0.0,3,Card,560.92,North
507096,10674,2025-02-13,Electronics,4,237.59,0.0,4,COD,950.36,East
507097,10196,2025-03-03,Fashion,3,413.22,0.0,9,Card,1239.66,North
507098,10555,2025-10-27,Grocery,2,30.7,0.1,5,COD,55.26,North
507099,11058,2025-12-28,Beauty,1,43.67,0.1,1,Card,39.3,North
507100,10381,2025-08-08,Fashion,3,38.73,0.05,6,UPI,110.38,East
507101,11007,2025-05-06,Home,1,99.58,0.15,7,UPI,84.64,West
507102,10201,2025-01-22,Beauty,3,204.27,0.1,6,COD,551.53,West
507103,10091,2025-01-16,Sports,1,191.62,0.1,4,Card,172.46,North
507104,10548,2025-09-05,Fashion,2,12.76,0.1,3,COD,22.97,North
507105,10345,2025-08-23,Electronics,3,66.52,0.1,3,UPI,179.6,West
507106,11308,2025-04-14,Grocery,1,19.81,0.0,4,UPI,19.81,East
507107,10568,2025-03-10,Grocery,4,32.43,0.0,4,Card,129.72,North
507108,10629,2025-01-26,Beauty,3,40.01,0.0,3,Card,120.03,East
507109,10606,2025-09-07,Beauty,1,114.53,0.1,7,COD,103.08,West
507110,10476,2025-08-10,Fashion,4,130.89,0.05,6,UPI,497.38,South
507111,11377,2025-05-02,Sports,3,319.77,0.2,7,UPI,767.45,East
507112,11109,2025-09-25,Beauty,4,31.71,0.0,3,Card,126.84,West
507113,10239,2025-11-05,Electronics,3,66.78,0.05,3,Card,190.32,North
507114,10324,2025-07-08,Electronics,3,12.22,0.0,5,UPI,36.66,South
507115,10122,2025-04-06,Sports,2,20.98,0.15,5,Card,35.67,East
507116,10385,2025-01-03,Sports,1,382.41,0.05,5,Card,363.29,South
507117,10985,2025-10-18,Sports,1,302.99,0.1,5,Card,272.69,North
507118,11404,2025-07-30,Electronics,2,308.93,0.1,8,UPI,556.07,South
507119,10723,2025-05-07,Home,2,29.53,0.0,4,Net Banking,59.06,North
507120,10123,2025-01-03,Beauty,4,91.24,0.1,6,UPI,328.46,North
507121,10072,2025-10-25,Home,3,22.46,0.15,6,UPI,57.27,South
507122,10622,2025-12-05,Beauty,2,80.16,0.1,5,UPI,144.29,South
507123,10398,2025-06-25,Fashion,3,57.42,0.0,6,UPI,172.26,South
507124,10866,2025-04-08,Home,3,396.31,0.1,3,COD,1070.04,West
507125,10178,2025-08-15,Electronics,4,33.47,0.1,3,UPI,120.49,West
507126,10346,2025-11-14,Beauty,2,80.33,0.15,5,UPI,136.56,West
507127,10834,2025-08-03,Sports,1,115.35,0.0,1,UPI,115.35,East
507128,10422,2025-01-05,Fashion,1,126.71,0.15,6,UPI,107.7,North
507129,10548,2025-03-13,Home,1,12.09,0.15,2,Card,10.28,North
507130,10333,2025-02-05,Home,3,58.9,0.0,8,UPI,176.7,East
507131,10078,2025-05-31,Fashion,4,45.5,0.1,4,UPI,163.8,East
507132,10518,2025-06-14,Home,3,24.27,0.0,7,COD,72.81,West
507133,10495,2025-07-15,Grocery,4,241.42,0.0,4,Card,965.68,West
507134,11348,2025-10-04,Grocery,3,242.64,0.1,4,UPI,655.13,South
507135,11340,2025-02-11,Electronics,4,12.1,0.0,6,Card,48.4,South
507136,10648,2025-12-11,Grocery,2,99.52,0.0,5,UPI,199.04,South
507137,10432,2025-04-07,Electronics,2,217.53,0.1,4,UPI,391.55,West
507138,10627,2025-07-10,Beauty,4,25.47,0.2,4,UPI,81.5,West
507139,10912,2025-03-18,Sports,3,95.6,0.0,4,UPI,286.8,West
507140,10580,2025-05-10,Home,2,91.54,0.0,9,UPI,183.08,South
507141,11135,2025-10-31,Home,4,11.31,0.0,1,UPI,45.24,West
507142,11447,2025-01-17,Electronics,4,223.3,0.0,2,Card,893.2,West
507143,10606,2025-06-26,Sports,2,145.79,0.15,7,UPI,247.84,West
507144,10176,2025-08-02,Electronics,3,26.59,0.05,7,UPI,75.78,North
507145,10182,2025-07-28,Beauty,2,37.94,0.1,3,Net Banking,68.29,West
507146,11308,2025-05-19,Beauty,2,187.24,0.05,1,Card,355.76,East
507147,10625,2025-05-18,Grocery,4,236.9,0.2,7,COD,758.08,West
507148,10491,2025-11-28,Grocery,3,13.57,0.05,2,Card,38.67,East
507149,10930,2025-03-29,Sports,1,29.54,0.15,4,Card,25.11,West
507150,11435,2025-06-25,Sports,3,114.22,0.1,5,COD,308.39,North
507151,10637,2025-05-13,Fashion,3,18.52,0.15,2,UPI,47.23,East
507152,10473,2025-10-07,Beauty,3,416.48,0.05,6,COD,1186.97,North
507153,11295,2025-10-22,Electronics,2,30.92,0.15,5,COD,52.56,South
507154,10125,2025-11-06,Grocery,3,198.81,0.0,3,UPI,596.43,North
507155,11267,2025-02-01,Beauty,4,14.61,0.1,3,UPI,52.6,North
507156,10781,2025-02-05,Beauty,1,242.49,0.1,7,UPI,218.24,South
507157,10031,2025-05-18,Electronics,3,13.59,0.05,4,Card,38.73,West
507158,10342,2025-06-10,Home,4,101.26,0.05,6,COD,384.79,West
507159,11019,2025-01-24,Fashion,2,33.59,0.0,4,Card,67.18,North
507160,11130,2025-11-23,Beauty,2,58.0,0.15,1,UPI,98.6,West
507161,10294,2025-11-24,Fashion,1,14.58,0.05,6,Card,13.85,North
507162,10986,2025-06-04,Home,1,104.33,0.0,7,COD,104.33,West
507163,11484,2025-10-08,Electronics,2,83.32,0.1,8,Card,149.98,North
507164,11030,2025-07-26,Grocery,4,32.01,0.1,1,Card,115.24,South
507165,11054,2025-08-28,Beauty,1,56.32,0.0,1,Card,56.32,North
507166,10291,2025-11-15,Beauty,1,79.77,0.0,6,COD,79.77,West
507167,10957,2025-02-03,Home,4,120.01,0.1,3,Card,432.04,West
507168,11063,2025-03-26,Fashion,4,78.54,0.15,2,COD,267.04,South
507169,10166,2025-06-06,Fashion,1,13.24,0.0,5,Card,13.24,South
507170,10467,2025-11-23,Beauty,2,85.77,0.0,4,Net Banking,171.54,East
507171,11324,2025-08-05,Grocery,2,36.46,0.1,2,COD,65.63,West
507172,11499,2025-05-25,Grocery,2,54.71,0.0,4,Card,109.42,South
507173,10260,2025-01-11,Home,1,41.67,0.15,6,Net Banking,35.42,East
507174,11098,2025-08-05,Fashion,1,40.03,0.1,5,Net Banking,36.03,West
507175,10753,2025-04-09,Grocery,3,28.66,0.15,5,UPI,73.08,South
507176,10886,2025-04-30,Beauty,1,36.45,0.05,5,COD,34.63,South
507177,10767,2025-12-30,Electronics,3,155.63,0.0,1,Net Banking,466.89,North
507178,11301,2025-07-12,Electronics,1,27.3,0.1,4,UPI,24.57,North
507179,10668,2025-02-20,Sports,1,167.29,0.0,5,Card,167.29,West
507180,10884,2025-01-18,Grocery,1,52.29,0.0,4,Card,52.29,South
507181,11004,2025-05-22,Electronics,2,88.35,0.05,3,Card,167.86,North
507182,10830,2025-01-24,Fashion,2,16.41,0.05,3,Net Banking,31.18,South
507183,11320,2025-06-06,Beauty,2,25.55,0.0,4,UPI,51.1,West
507184,10356,2025-06-01,Home,2,312.14,0.0,6,COD,624.28,South
507185,11423,2025-11-18,Fashion,4,217.93,0.0,8,COD,871.72,South
507186,11018,2025-05-03,Grocery,2,10.39,0.1,7,COD,18.7,West
507187,11441,2025-04-11,Home,4,303.03,0.0,1,Card,1212.12,North
507188,10562,2025-08-13,Electronics,1,259.48,0.1,3,Card,233.53,South
507189,10719,2025-08-22,Beauty,2,18.79,0.1,6,UPI,33.82,East
507190,10065,2025-01-14,Home,1,28.78,0.1,7,UPI,25.9,East
507191,11386,2025-01-31,Sports,2,14.49,0.15,3,UPI,24.63,North
507192,11225,2025-03-03,Fashion,1,204.28,0.2,5,UPI,163.42,North
507193,10445,2025-10-11,Electronics,1,177.75,0.0,2,Card,177.75,South
507194,10078,2025-03-18,Beauty,1,120.23,0.0,5,COD,120.23,East
507195,11046,2025-12-29,Sports,1,20.36,0.1,3,UPI,18.32,South
507196,11009,2025-06-10,Beauty,2,362.14,0.1,5,Card,651.85,West
507197,10792,2025-12-07,Fashion,3,184.99,0.0,2,UPI,554.97,South
507198,10236,2025-04-01,Home,1,255.04,0.2,1,Card,204.03,West
507199,11378,2025-06-04,Home,3,36.13,0.15,11,UPI,92.13,West
507200,10649,2025-02-20,Electronics,2,136.56,0.15,5,UPI,232.15,East
507201,11087,2025-11-05,Electronics,2,117.74,0.0,9,COD,235.48,West
507202,11289,2025-08-07,Electronics,4,18.53,0.05,8,Card,70.41,South
507203,10823,2025-01-28,Fashion,2,67.05,0.05,1,UPI,127.39,South
507204,10142,2025-09-29,Electronics,2,73.89,0.05,5,UPI,140.39,South
507205,11332,2025-11-20,Fashion,1,77.19,0.0,2,COD,77.19,South
507206,11001,2025-09-08,Grocery,1,36.8,0.0,4,Card,36.8,North
507207,11342,2025-10-23,Sports,4,121.98,0.15,1,Net Banking,414.73,West
507208,10919,2025-04-11,Fashion,3,211.04,0.05,1,Card,601.46,South
507209,11362,2025-06-07,Electronics,2,98.45,0.1,3,Card,177.21,South
507210,11302,2025-11-08,Beauty,2,261.03,0.0,3,Card,522.06,East
507211,10324,2025-08-10,Grocery,3,163.03,0.15,5,COD,415.73,South
507212,10260,2025-08-12,Beauty,1,43.22,0.15,2,COD,36.74,East
507213,10241,2025-10-07,Sports,4,173.47,0.1,5,UPI,624.49,West
507214,11200,2025-08-13,Sports,4,103.08,0.0,7,Card,412.32,West
507215,10361,2025-02-16,Home,3,379.97,0.0,5,UPI,1139.91,West
507216,10676,2025-03-19,Electronics,3,34.4,0.1,4,Net Banking,92.88,South
507217,11182,2025-10-12,Electronics,1,15.43,0.15,5,COD,13.12,North
507218,10643,2025-03-30,Home,4,98.32,0.2,2,UPI,314.62,North
507219,10093,2025-08-31,Home,3,92.67,0.0,6,Card,278.01,South
507220,10543,2025-06-23,Fashion,4,110.51,0.0,2,Card,442.04,West
507221,10142,2025-08-15,Fashion,4,165.17,0.05,8,Net Banking,627.65,South
507222,10579,2025-03-28,Beauty,3,85.53,0.05,6,Card,243.76,West
507223,11106,2025-04-24,Sports,2,10.03,0.1,6,UPI,18.05,West
507224,10780,2025-09-09,Sports,3,222.29,0.05,6,COD,633.53,West
507225,11013,2025-03-04,Sports,3,24.48,0.15,4,UPI,62.42,South
507226,10161,2025-04-23,Grocery,2,25.93,0.0,3,Card,51.86,North
507227,11126,2025-12-31,Beauty,3,187.84,0.05,3,Card,535.34,East
507228,10638,2025-02-25,Sports,4,153.17,0.05,8,COD,582.05,East
507229,10431,2025-07-30,Beauty,1,76.7,0.15,5,Card,65.2,West
507230,10978,2025-02-25,Home,3,94.12,0.15,2,UPI,240.01,South
507231,10203,2025-09-16,Electronics,4,13.11,0.15,6,Net Banking,44.57,South
507232,10748,2025-02-16,Electronics,2,22.99,0.05,5,Net Banking,43.68,South
507233,10634,2025-07-29,Grocery,2,24.15,0.0,4,Card,48.3,South
507234,10249,2025-06-10,Home,1,60.41,0.1,3,Card,54.37,South
507235,11429,2025-09-10,Grocery,2,28.39,0.2,6,Card,45.42,West
507236,10545,2025-01-02,Sports,3,11.07,0.0,6,Card,33.21,North
507237,10062,2025-07-08,Beauty,4,122.11,0.0,5,UPI,488.44,South
507238,10665,2025-07-17,Grocery,3,60.63,0.0,5,Card,181.89,South
507239,11450,2025-03-29,Grocery,2,34.26,0.1,3,UPI,61.67,North
507240,11004,2025-04-19,Grocery,4,220.96,0.05,5,COD,839.65,North
507241,10956,2025-09-15,Beauty,1,38.28,0.0,3,COD,38.28,West
507242,11352,2025-07-21,Home,1,19.36,0.0,2,UPI,19.36,West
507243,10126,2025-07-31,Electronics,3,238.05,0.1,7,COD,642.74,South
507244,10826,2025-12-08,Grocery,4,22.02,0.05,2,UPI,83.68,North
507245,10482,2025-05-28,Grocery,1,11.72,0.0,1,UPI,11.72,North
507246,11015,2025-11-14,Fashion,1,51.02,0.1,7,UPI,45.92,South
507247,11280,2025-12-22,Electronics,3,86.37,0.0,1,Card,259.11,East
507248,10116,2025-07-30,Sports,3,21.44,0.0,4,COD,64.32,West
507249,10238,2025-03-19,Home,3,269.87,0.0,2,UPI,809.61,West
507250,11432,2025-06-02,Fashion,2,30.67,0.0,3,Net Banking,61.34,East
507251,10738,2025-01-17,Fashion,1,430.17,0.0,9,Card,430.17,South
507252,10473,2025-09-12,Electronics,2,83.02,0.0,4,UPI,166.04,North
507253,10229,2025-04-10,Electronics,2,19.08,0.0,5,Card,38.16,East
507254,10532,2025-12-03,Electronics,2,58.86,0.1,6,Card,105.95,East
507255,10008,2025-08-27,Grocery,4,11.29,0.15,3,Card,38.39,West
507256,10335,2025-06-28,Grocery,1,234.47,0.0,7,Card,234.47,North
507257,10275,2025-03-10,Beauty,2,91.54,0.1,5,UPI,164.77,East
507258,10128,2025-02-06,Beauty,1,42.92,0.0,6,COD,42.92,North
507259,11454,2025-09-03,Beauty,3,118.35,0.15,3,UPI,301.79,West
507260,11186,2025-10-07,Beauty,4,124.15,0.0,5,Net Banking,496.6,West
507261,11411,2025-04-08,Fashion,4,58.2,0.0,4,Card,232.8,West
507262,10361,2025-01-04,Beauty,1,29.91,0.05,7,UPI,28.41,West
507263,10433,2025-04-27,Fashion,2,37.27,0.0,3,COD,74.54,East
507264,10425,2025-10-07,Beauty,3,20.97,0.0,9,UPI,62.91,East
507265,10838,2025-07-31,Fashion,1,162.6,0.0,5,UPI,162.6,West
507266,10273,2025-01-31,Grocery,3,56.19,0.1,4,COD,151.71,North
507267,10354,2025-02-11,Home,1,49.33,0.0,4,UPI,49.33,East
507268,11463,2025-02-08,Electronics,1,171.05,0.0,4,Card,171.05,North
507269,10529,2025-10-04,Fashion,1,59.58,0.15,3,Card,50.64,West
507270,11172,2025-10-13,Electronics,4,327.44,0.0,6,COD,1309.76,West
507271,10344,2025-05-29,Home,3,29.09,0.0,4,Card,87.27,East
507272,11395,2025-09-09,Sports,4,10.08,0.05,8,COD,38.3,West
507273,11041,2025-01-08,Beauty,3,46.41,0.0,4,Net Banking,139.23,North
507274,11293,2025-07-25,Fashion,4,75.57,0.15,4,COD,256.94,East
507275,10775,2025-04-10,Sports,2,200.49,0.0,4,UPI,400.98,North
507276,11360,2025-10-27,Electronics,4,101.64,0.0,8,COD,406.56,North
507277,10544,2025-06-28,Beauty,1,411.86,0.15,2,COD,350.08,West
507278,10719,2025-11-07,Electronics,3,11.06,0.15,5,Card,28.2,East
507279,10093,2025-07-25,Beauty,4,69.73,0.1,5,Card,251.03,South
507280,10256,2025-06-16,Home,4,177.81,0.0,2,Card,711.24,West
507281,11157,2025-12-12,Grocery,2,78.31,0.05,10,UPI,148.79,North
507282,10491,2025-12-30,Home,1,23.99,0.2,3,COD,19.19,East
507283,10154,2025-06-16,Home,3,178.05,0.05,5,Card,507.44,East
507284,10439,2025-05-11,Electronics,1,184.77,0.15,8,UPI,157.05,West
507285,10530,2025-08-24,Electronics,4,28.8,0.1,4,Card,103.68,South
507286,11076,2025-03-04,Home,3,81.63,0.15,5,Card,208.16,South
507287,10136,2025-05-22,Home,3,252.83,0.0,4,COD,758.49,North
507288,10039,2025-11-05,Sports,2,20.35,0.15,4,Net Banking,34.6,North
507289,11087,2025-11-24,Grocery,1,10.88,0.15,7,COD,9.25,West
507290,10214,2025-06-01,Grocery,3,148.13,0.1,4,Net Banking,399.95,West
507291,10630,2025-05-23,Grocery,2,146.05,0.15,1,UPI,248.29,West
507292,11025,2025-11-16,Grocery,2,16.35,0.1,4,UPI,29.43,East
507293,10772,2025-03-15,Beauty,1,71.49,0.1,5,COD,64.34,East
507294,10186,2025-01-23,Beauty,2,167.08,0.1,5,Card,300.74,East
507295,11084,2025-01-27,Fashion,4,355.4,0.15,4,COD,1208.36,West
507296,10073,2025-02-10,Home,4,272.47,0.1,3,Card,980.89,West
507297,10349,2025-11-18,Fashion,2,27.97,0.1,4,UPI,50.35,East
507298,10164,2025-01-15,Grocery,1,69.95,0.1,8,Card,62.96,North
507299,10769,2025-05-02,Home,1,147.27,0.15,4,UPI,125.18,North
507300,11037,2025-08-08,Sports,1,26.57,0.0,6,Card,26.57,South
507301,10975,2025-08-11,Grocery,1,17.9,0.1,2,COD,16.11,South
507302,10209,2025-10-31,Fashion,3,44.99,0.1,4,Card,121.47,North
507303,10516,2025-12-25,Beauty,3,155.17,0.15,2,Card,395.68,North
507304,10220,2025-05-27,Home,4,77.19,0.0,7,COD,308.76,South
507305,10515,2025-03-27,Home,2,96.13,0.05,1,Net Banking,182.65,South
507306,10346,2025-02-03,Home,4,92.75,0.0,5,UPI,371.0,West
507307,11111,2025-11-22,Sports,1,314.24,0.1,5,UPI,282.82,North
507308,11127,2025-05-17,Fashion,1,96.33,0.1,5,UPI,86.7,South
507309,11228,2025-11-24,Home,4,16.38,0.1,1,Card,58.97,South
507310,10301,2025-05-08,Fashion,4,57.17,0.1,1,UPI,205.81,West
507311,10021,2025-10-03,Sports,3,19.57,0.0,5,Card,58.71,West
507312,10054,2025-08-23,Electronics,3,139.37,0.1,3,UPI,376.3,East
507313,11266,2025-09-18,Electronics,3,436.21,0.15,3,UPI,1112.34,West
507314,11359,2025-08-27,Grocery,4,163.58,0.1,4,UPI,588.89,East
507315,10318,2025-04-23,Sports,1,21.6,0.0,2,Net Banking,21.6,East
507316,11315,2025-02-07,Fashion,1,117.32,0.05,2,UPI,111.45,North
507317,10795,2025-01-04,Grocery,1,13.67,0.1,4,UPI,12.3,North
507318,10278,2025-06-03,Fashion,2,25.63,0.05,1,UPI,48.7,South
507319,10470,2025-11-22,Fashion,1,31.68,0.1,3,Net Banking,28.51,South
507320,10399,2025-08-23,Home,3,58.24,0.15,3,Card,148.51,South
507321,11146,2025-09-04,Sports,1,29.96,0.15,4,COD,25.47,South
507322,10283,2025-04-05,Sports,3,49.41,0.0,9,UPI,148.23,North
507323,10275,2025-06-27,Home,3,14.01,0.05,3,UPI,39.93,East
507324,11080,2025-05-29,Sports,1,255.34,0.1,5,Card,229.81,South
507325,10454,2025-02-19,Sports,2,37.92,0.15,5,COD,64.46,North
507326,10376,2025-08-12,Electronics,3,176.77,0.0,6,COD,530.31,North
507327,11212,2025-05-13,Electronics,1,11.4,0.0,4,UPI,11.4,West
507328,11398,2025-05-28,Fashion,3,260.47,0.1,7,Net Banking,703.27,West
507329,10834,2025-08-06,Fashion,4,112.46,0.05,6,Card,427.35,East
507330,11242,2025-01-12,Fashion,2,29.12,0.0,6,Card,58.24,South
507331,11262,2025-12-08,Beauty,1,124.25,0.15,2,COD,105.61,South
507332,10883,2025-03-23,Grocery,3,183.5,0.0,5,Card,550.5,West
507333,11245,2025-09-05,Beauty,4,135.46,0.0,3,COD,541.84,South
507334,10014,2025-10-11,Home,2,208.9,0.0,3,Card,417.8,West
507335,10053,2025-02-26,Electronics,4,412.39,0.0,3,UPI,1649.56,West
507336,11326,2025-04-01,Grocery,4,17.69,0.0,4,UPI,70.76,West
507337,10211,2025-05-31,Sports,2,27.23,0.05,5,Net Banking,51.74,East
507338,11092,2025-10-26,Beauty,3,12.58,0.0,6,COD,37.74,East
507339,10631,2025-08-21,Home,1,14.28,0.1,6,Net Banking,12.85,West
507340,11182,2025-06-20,Electronics,3,15.66,0.05,5,Card,44.63,North
507341,10998,2025-11-07,Electronics,4,84.4,0.1,5,Card,303.84,North
507342,10108,2025-06-22,Electronics,4,108.46,0.2,4,UPI,347.07,South
507343,10506,2025-11-20,Fashion,1,14.16,0.2,4,Card,11.33,West
507344,11063,2025-10-09,Home,3,60.77,0.05,3,Card,173.19,South
507345,11383,2025-03-04,Electronics,1,17.64,0.05,4,UPI,16.76,South
507346,11207,2025-05-20,Home,2,20.35,0.1,5,COD,36.63,East
507347,11338,2025-01-10,Sports,4,11.71,0.05,8,UPI,44.5,East
507348,11435,2025-03-29,Beauty,3,66.04,0.1,4,Card,178.31,North
507349,11342,2025-01-09,Electronics,2,9.73,0.1,3,COD,17.51,West
507350,10871,2025-02-08,Sports,4,136.88,0.0,6,COD,547.52,West
507351,10505,2025-01-02,Beauty,4,306.8,0.05,1,Card,1165.84,South
507352,10763,2025-09-03,Home,1,202.59,0.15,7,UPI,172.2,North
507353,11194,2025-05-30,Sports,1,204.58,0.1,2,Card,184.12,West
507354,10639,2025-06-21,Grocery,3,177.98,0.1,6,UPI,480.55,West
507355,11247,2025-10-07,Fashion,4,312.03,0.1,4,UPI,1123.31,East
507356,11052,2025-10-23,Electronics,1,257.11,0.05,5,COD,244.25,North
507357,10314,2025-07-14,Home,3,29.67,0.0,9,UPI,89.01,South
507358,11382,2025-06-17,Fashion,4,100.87,0.1,3,Card,363.13,North
507359,11270,2025-08-26,Grocery,4,39.41,0.0,2,Card,157.64,South
507360,10900,2025-06-01,Grocery,3,207.54,0.1,5,Net Banking,560.36,South
507361,10292,2025-06-11,Grocery,4,9.7,0.0,8,COD,38.8,North
507362,10341,2025-04-20,Sports,4,55.97,0.15,5,COD,190.3,North
507363,11260,2025-03-11,Fashion,4,37.55,0.1,5,Card,135.18,West
507364,10027,2025-03-14,Fashion,3,221.67,0.0,5,UPI,665.01,South
507365,10726,2025-08-28,Sports,4,30.11,0.1,2,UPI,108.4,North
507366,10929,2025-10-31,Sports,1,248.0,0.1,5,UPI,223.2,East
507367,10349,2025-06-04,Fashion,1,49.58,0.1,4,Card,44.62,East
507368,11297,2025-02-04,Electronics,3,82.4,0.0,7,UPI,247.2,North
507369,10784,2025-08-11,Grocery,3,83.6,0.05,6,Net Banking,238.26,East
507370,10099,2025-11-26,Electronics,4,62.15,0.1,2,UPI,223.74,North
507371,10481,2025-07-12,Beauty,3,37.99,0.05,4,UPI,108.27,South
507372,10597,2025-01-10,Beauty,1,28.64,0.1,6,Card,25.78,East
507373,10335,2025-01-30,Grocery,4,102.77,0.0,3,UPI,411.08,North
507374,11411,2025-07-10,Electronics,1,31.73,0.15,2,UPI,26.97,West
507375,10541,2025-11-11,Beauty,1,266.29,0.2,4,Net Banking,213.03,West
507376,10753,2025-01-22,Beauty,3,19.98,0.0,5,UPI,59.94,South
507377,10803,2025-10-03,Electronics,4,26.17,0.0,7,COD,104.68,West
507378,10331,2025-10-12,Home,3,13.28,0.0,5,COD,39.84,West
507379,10852,2025-01-19,Beauty,1,226.67,0.15,9,UPI,192.67,North
507380,10531,2025-03-19,Grocery,1,41.31,0.0,3,UPI,41.31,East
507381,10016,2025-01-02,Beauty,4,13.17,0.1,6,Card,47.41,North
507382,10613,2025-07-26,Grocery,2,9.63,0.15,2,COD,16.37,West
507383,10876,2025-03-05,Sports,3,314.7,0.0,8,COD,944.1,West
507384,10176,2025-12-01,Sports,2,191.44,0.1,7,UPI,344.59,North
507385,11170,2025-02-03,Grocery,1,23.83,0.05,6,UPI,22.64,North
507386,10992,2025-08-25,Sports,3,120.87,0.0,1,Card,362.61,West
507387,10465,2025-10-15,Sports,3,20.9,0.15,6,Card,53.29,East
507388,10889,2025-03-07,Electronics,2,211.38,0.05,3,UPI,401.62,North
507389,10456,2025-04-03,Sports,3,171.27,0.0,5,Card,513.81,North
507390,10972,2025-10-18,Electronics,2,59.42,0.1,2,Net Banking,106.96,North
507391,10231,2025-02-03,Sports,3,395.94,0.1,5,Net Banking,1069.04,North
507392,10917,2025-06-11,Fashion,4,30.86,0.1,4,Card,111.1,North
507393,10083,2025-04-02,Sports,3,389.61,0.05,3,Net Banking,1110.39,West
507394,10026,2025-01-05,Fashion,2,28.38,0.1,6,Card,51.08,North
507395,10382,2025-06-14,Beauty,1,217.78,0.0,4,UPI,217.78,West
507396,10262,2025-06-27,Beauty,3,205.9,0.05,4,Card,586.82,West
507397,10737,2025-05-07,Fashion,3,70.55,0.0,6,Card,211.65,North
507398,10249,2025-10-24,Beauty,2,20.62,0.1,8,COD,37.12,South
507399,10367,2025-02-05,Beauty,4,163.89,0.15,5,Net Banking,557.23,West
507400,10147,2025-06-06,Beauty,2,114.74,0.0,1,Card,229.48,South
507401,11331,2025-03-07,Fashion,2,238.13,0.0,1,UPI,476.26,West
507402,11104,2025-10-04,Home,3,28.25,0.1,5,UPI,76.28,West
507403,10327,2025-07-23,Fashion,1,21.75,0.0,7,Card,21.75,West
507404,10181,2025-09-15,Home,3,33.1,0.0,5,COD,99.3,West
507405,11276,2025-02-09,Home,4,36.84,0.1,6,Card,132.62,South
507406,11003,2025-06-16,Beauty,4,9.69,0.05,4,UPI,36.82,North
507407,11329,2025-01-19,Electronics,2,21.79,0.0,6,Card,43.58,South
507408,10268,2025-04-28,Fashion,2,45.39,0.1,6,UPI,81.7,North
507409,10539,2025-12-12,Sports,2,293.94,0.0,2,Card,587.88,North
507410,10178,2025-09-23,Grocery,1,19.78,0.15,5,UPI,16.81,West
507411,10636,2025-01-29,Home,3,22.18,0.1,1,Net Banking,59.89,North
507412,10244,2025-05-15,Fashion,2,231.63,0.0,5,COD,463.26,South
507413,10007,2025-11-14,Fashion,1,10.94,0.1,4,COD,9.85,West
507414,10763,2025-03-04,Sports,3,10.5,0.1,5,UPI,28.35,North
507415,11469,2025-10-04,Fashion,3,248.76,0.2,5,Card,597.02,West
507416,10969,2025-04-28,Sports,1,24.37,0.1,5,UPI,21.93,East
507417,11136,2025-06-24,Grocery,2,37.05,0.05,7,UPI,70.4,South
507418,11218,2025-11-17,Electronics,4,10.77,0.1,5,Card,38.77,East
507419,11459,2025-09-03,Beauty,3,52.43,0.1,5,UPI,141.56,West
507420,10193,2025-04-14,Fashion,4,346.34,0.1,7,Net Banking,1246.82,North
507421,10377,2025-01-04,Fashion,2,288.07,0.05,8,Net Banking,547.33,West
507422,10925,2025-03-27,Beauty,2,112.7,0.15,4,Net Banking,191.59,North
507423,11232,2025-06-02,Home,2,104.86,0.0,3,UPI,209.72,East
507424,11161,2025-02-18,Fashion,2,121.73,0.2,4,Card,194.77,North
507425,11092,2025-11-18,Sports,1,116.36,0.0,5,UPI,116.36,East
507426,10469,2025-01-21,Electronics,1,73.99,0.0,4,Card,73.99,North
507427,10548,2025-07-17,Fashion,4,20.48,0.0,1,Card,81.92,North
507428,10120,2025-12-23,Grocery,3,250.44,0.15,7,Card,638.62,East
507429,10471,2025-05-03,Fashion,3,230.36,0.1,6,UPI,621.97,South
507430,10234,2025-07-15,Grocery,3,21.16,0.05,7,UPI,60.31,East
507431,11408,2025-01-27,Beauty,2,12.72,0.15,7,UPI,21.62,North
507432,10138,2025-09-24,Electronics,4,120.14,0.0,5,UPI,480.56,South
507433,10546,2025-12-23,Sports,2,14.0,0.0,5,UPI,28.0,South
507434,11331,2025-10-10,Home,3,255.13,0.0,7,COD,765.39,West
507435,11434,2025-02-24,Electronics,3,295.66,0.05,2,UPI,842.63,North
507436,10566,2025-05-09,Home,1,13.29,0.05,4,UPI,12.63,East
507437,10699,2025-09-22,Grocery,1,155.51,0.0,4,Net Banking,155.51,East
507438,10786,2025-10-19,Sports,1,19.18,0.0,6,COD,19.18,South
507439,11234,2025-05-28,Home,2,30.01,0.05,3,UPI,57.02,East
507440,11154,2025-12-17,Fashion,1,63.86,0.0,3,COD,63.86,North
507441,10787,2025-03-16,Beauty,1,80.59,0.1,4,UPI,72.53,West
507442,10558,2025-09-28,Home,4,10.73,0.05,5,Card,40.77,South
507443,10559,2025-07-01,Grocery,2,21.81,0.0,4,Net Banking,43.62,East
507444,10974,2025-09-17,Sports,4,22.38,0.0,2,Card,89.52,West
507445,11253,2025-08-06,Beauty,2,110.35,0.1,2,UPI,198.63,North
507446,10116,2025-06-07,Beauty,4,57.77,0.1,5,Card,207.97,West
507447,11154,2025-10-25,Sports,4,29.15,0.05,5,COD,110.77,North
507448,10722,2025-11-04,Beauty,4,14.48,0.1,5,COD,52.13,South
507449,10218,2025-10-26,Beauty,2,281.48,0.2,4,UPI,450.37,North
507450,10145,2025-02-02,Beauty,1,186.76,0.1,6,UPI,168.08,South
507451,10506,2025-06-04,Beauty,2,363.07,0.0,5,COD,726.14,West
507452,10373,2025-10-01,Fashion,3,41.43,0.15,5,UPI,105.65,South
507453,10157,2025-11-13,Electronics,3,178.65,0.05,5,UPI,509.15,South
507454,10441,2025-05-13,Beauty,3,116.48,0.05,8,UPI,331.97,West
507455,11251,2025-09-28,Beauty,4,84.51,0.1,2,UPI,304.24,North
507456,11077,2025-07-26,Home,1,51.8,0.05,4,Card,49.21,East
507457,10314,2025-03-22,Beauty,2,67.71,0.15,4,COD,115.11,South
507458,11012,2025-11-22,Beauty,2,55.8,0.0,7,UPI,111.6,East
507459,10678,2025-06-12,Beauty,1,81.01,0.05,4,Card,76.96,South
507460,11121,2025-08-09,Grocery,3,60.23,0.0,3,Card,180.69,East
507461,10371,2025-04-16,Fashion,1,320.33,0.1,4,Card,288.3,West
507462,10093,2025-01-10,Fashion,4,194.9,0.0,5,COD,779.6,South
507463,10470,2025-06-15,Home,1,46.99,0.05,7,Net Banking,44.64,South
507464,11491,2025-09-21,Grocery,1,29.0,0.15,4,UPI,24.65,North
507465,10834,2025-04-30,Electronics,1,146.3,0.0,3,Net Banking,146.3,East
507466,10082,2025-12-06,Fashion,4,112.16,0.0,3,Net Banking,448.64,South
507467,11464,2025-10-01,Home,4,25.6,0.1,4,UPI,92.16,South
507468,11239,2025-08-23,Sports,4,242.13,0.05,10,COD,920.09,North
507469,10816,2025-10-22,Beauty,4,89.62,0.0,5,Card,358.48,West
507470,11111,2025-11-11,Home,4,97.91,0.0,6,COD,391.64,North
507471,10278,2025-09-21,Electronics,2,155.06,0.0,4,COD,310.12,South
507472,10888,2025-10-29,Sports,1,26.44,0.0,5,Net Banking,26.44,North
507473,11370,2025-09-18,Beauty,2,132.58,0.1,6,UPI,238.64,South
507474,10659,2025-11-11,Home,1,20.94,0.0,6,COD,20.94,East
507475,10059,2025-02-07,Grocery,1,126.09,0.05,5,UPI,119.79,North
507476,11136,2025-05-06,Electronics,3,59.1,0.0,5,Net Banking,177.3,South
507477,11096,2025-11-21,Beauty,1,63.87,0.2,4,UPI,51.1,South
507478,11110,2025-06-23,Electronics,2,164.16,0.1,5,UPI,295.49,North
507479,10973,2025-01-06,Electronics,2,29.21,0.05,5,COD,55.5,North
507480,10206,2025-11-06,Electronics,1,120.52,0.1,9,Card,108.47,North
507481,10172,2025-08-28,Home,3,12.15,0.0,7,Card,36.45,South
507482,11189,2025-11-29,Grocery,4,95.6,0.0,3,UPI,382.4,North
507483,11283,2025-01-06,Beauty,3,130.58,0.05,2,Card,372.15,South
507484,10118,2025-02-23,Grocery,1,13.14,0.1,4,COD,11.83,East
507485,10872,2025-07-06,Home,4,108.86,0.0,2,Net Banking,435.44,North
507486,10751,2025-03-08,Sports,2,128.23,0.05,4,Card,243.64,South
507487,10526,2025-07-10,Electronics,2,63.24,0.1,3,COD,113.83,South
507488,10968,2025-05-07,Electronics,4,96.42,0.15,4,Card,327.83,North
507489,11372,2025-03-18,Electronics,4,14.95,0.15,4,Net Banking,50.83,West
507490,11233,2025-10-09,Grocery,2,401.05,0.1,5,COD,721.89,North
507491,10230,2025-01-15,Sports,2,333.1,0.1,4,Card,599.58,North
507492,10695,2025-11-16,Sports,4,185.17,0.05,3,Card,703.65,West
507493,11404,2025-02-26,Grocery,1,12.06,0.05,7,UPI,11.46,South
507494,10356,2025-07-31,Home,2,48.56,0.1,5,Net Banking,87.41,South
507495,11282,2025-12-28,Sports,3,269.48,0.0,3,UPI,808.44,South
507496,10736,2025-02-11,Fashion,2,113.13,0.15,3,UPI,192.32,East
507497,10783,2025-12-05,Fashion,2,366.29,0.0,2,Card,732.58,South
507498,10376,2025-04-21,Fashion,1,107.03,0.0,1,COD,107.03,North
507499,11379,2025-09-28,Beauty,2,185.66,0.0,7,COD,371.32,East
507500,10794,2025-11-09,Electronics,2,30.41,0.15,6,UPI,51.7,North
